[     210ms] [LOG] [Fast Refresh] rebuilding @ http://localhost:3000/_next/static/chunks/node_modules_next_dist_115brz8._.js:2431
[    1104ms] [LOG] [Fast Refresh] done in 1004ms @ http://localhost:3000/_next/static/chunks/node_modules_next_dist_115brz8._.js:2431
[    1480ms] [INFO] %cDownload the React DevTools for a better development experience: https://react.dev/link/react-devtools font-weight:bold @ http://localhost:3000/_next/static/chunks/node_modules_next_dist_115brz8._.js:2431
[    1581ms] [LOG] [HMR] connected @ http://localhost:3000/_next/static/chunks/node_modules_next_dist_115brz8._.js:2431
[    2409ms] [ERROR] Failed to load resource: the server responded with a status of 401 (Unauthorized) @ http://localhost:3000/api/profile?mode=admin:0
[    2535ms] [VERBOSE] [DOM] Input elements should have autocomplete attributes (suggested: "current-password"): (More info: https://goo.gl/9p2vKq) %o @ http://localhost:3000/admin:0
[   12415ms] [ERROR] Failed to load resource: the server responded with a status of 401 (Unauthorized) @ http://localhost:3000/api/profile?mode=admin:0
[   22366ms] [ERROR] Failed to load resource: the server responded with a status of 401 (Unauthorized) @ http://localhost:3000/api/profile?mode=admin:0
[   32321ms] [ERROR] Failed to load resource: the server responded with a status of 401 (Unauthorized) @ http://localhost:3000/api/profile?mode=admin:0
[   42322ms] [ERROR] Failed to load resource: the server responded with a status of 401 (Unauthorized) @ http://localhost:3000/api/profile?mode=admin:0
[   52298ms] [ERROR] Failed to load resource: the server responded with a status of 401 (Unauthorized) @ http://localhost:3000/api/profile?mode=admin:0
[   62342ms] [ERROR] Failed to load resource: the server responded with a status of 401 (Unauthorized) @ http://localhost:3000/api/profile?mode=admin:0
[   72335ms] [ERROR] Failed to load resource: the server responded with a status of 401 (Unauthorized) @ http://localhost:3000/api/profile?mode=admin:0
[   82833ms] [ERROR] Failed to load resource: the server responded with a status of 401 (Unauthorized) @ http://localhost:3000/api/profile?mode=admin:0
[   92384ms] [ERROR] Failed to load resource: the server responded with a status of 401 (Unauthorized) @ http://localhost:3000/api/profile?mode=admin:0
[  102401ms] [ERROR] Failed to load resource: the server responded with a status of 401 (Unauthorized) @ http://localhost:3000/api/profile?mode=admin:0
[  112324ms] [ERROR] Failed to load resource: the server responded with a status of 401 (Unauthorized) @ http://localhost:3000/api/profile?mode=admin:0
[  122343ms] [ERROR] Failed to load resource: the server responded with a status of 401 (Unauthorized) @ http://localhost:3000/api/profile?mode=admin:0
[  132643ms] [ERROR] Failed to load resource: the server responded with a status of 401 (Unauthorized) @ http://localhost:3000/api/profile?mode=admin:0
[  142336ms] [ERROR] Failed to load resource: the server responded with a status of 401 (Unauthorized) @ http://localhost:3000/api/profile?mode=admin:0
[  152380ms] [LOG] [Fast Refresh] rebuilding @ http://localhost:3000/_next/static/chunks/node_modules_next_dist_115brz8._.js:2431
[  152438ms] [LOG] [Fast Refresh] done in 190ms @ http://localhost:3000/_next/static/chunks/node_modules_next_dist_115brz8._.js:2431
[  153078ms] [ERROR] Failed to load resource: the server responded with a status of 401 (Unauthorized) @ http://localhost:3000/api/profile?mode=admin:0
[  162324ms] [ERROR] Failed to load resource: the server responded with a status of 401 (Unauthorized) @ http://localhost:3000/api/profile?mode=admin:0
[  172348ms] [ERROR] Failed to load resource: the server responded with a status of 401 (Unauthorized) @ http://localhost:3000/api/profile?mode=admin:0
[  182271ms] [ERROR] Failed to load resource: the server responded with a status of 401 (Unauthorized) @ http://localhost:3000/api/profile?mode=admin:0
[  192334ms] [ERROR] Failed to load resource: the server responded with a status of 401 (Unauthorized) @ http://localhost:3000/api/profile?mode=admin:0
[  201020ms] [LOG] [Fast Refresh] rebuilding @ http://localhost:3000/_next/static/chunks/node_modules_next_dist_115brz8._.js:2431
[  202305ms] [ERROR] Failed to load resource: the server responded with a status of 401 (Unauthorized) @ http://localhost:3000/api/profile?mode=admin:0
[  203964ms] [LOG] [Fast Refresh] done in 2957ms @ http://localhost:3000/_next/static/chunks/node_modules_next_dist_115brz8._.js:2431
[  204072ms] [VERBOSE] [DOM] Input elements should have autocomplete attributes (suggested: "current-password"): (More info: https://goo.gl/9p2vKq) %o @ http://localhost:3000/admin:0
[  204115ms] [LOG] [Fast Refresh] rebuilding @ http://localhost:3000/_next/static/chunks/node_modules_next_dist_115brz8._.js:2431
[  204265ms] [LOG] [Fast Refresh] done in 259ms @ http://localhost:3000/_next/static/chunks/node_modules_next_dist_115brz8._.js:2431
[  211969ms] [LOG] [Fast Refresh] rebuilding @ http://localhost:3000/_next/static/chunks/node_modules_next_dist_115brz8._.js:2431
[  212620ms] [LOG] [Fast Refresh] done in 766ms @ http://localhost:3000/_next/static/chunks/node_modules_next_dist_115brz8._.js:2431
[  213095ms] [ERROR] Failed to load resource: the server responded with a status of 401 (Unauthorized) @ http://localhost:3000/api/profile?mode=admin:0
[  222378ms] [ERROR] Failed to load resource: the server responded with a status of 401 (Unauthorized) @ http://localhost:3000/api/profile?mode=admin:0
[  232340ms] [ERROR] Failed to load resource: the server responded with a status of 401 (Unauthorized) @ http://localhost:3000/api/profile?mode=admin:0
[  242395ms] [ERROR] Failed to load resource: the server responded with a status of 401 (Unauthorized) @ http://localhost:3000/api/profile?mode=admin:0
[  252305ms] [ERROR] Failed to load resource: the server responded with a status of 401 (Unauthorized) @ http://localhost:3000/api/profile?mode=admin:0
[  262334ms] [ERROR] Failed to load resource: the server responded with a status of 401 (Unauthorized) @ http://localhost:3000/api/profile?mode=admin:0
[  272293ms] [ERROR] Failed to load resource: the server responded with a status of 401 (Unauthorized) @ http://localhost:3000/api/profile?mode=admin:0
[  282357ms] [ERROR] Failed to load resource: the server responded with a status of 401 (Unauthorized) @ http://localhost:3000/api/profile?mode=admin:0
[  292382ms] [ERROR] Failed to load resource: the server responded with a status of 401 (Unauthorized) @ http://localhost:3000/api/profile?mode=admin:0
[  302385ms] [ERROR] Failed to load resource: the server responded with a status of 401 (Unauthorized) @ http://localhost:3000/api/profile?mode=admin:0
[  312354ms] [ERROR] Failed to load resource: the server responded with a status of 401 (Unauthorized) @ http://localhost:3000/api/profile?mode=admin:0
[  322294ms] [ERROR] Failed to load resource: the server responded with a status of 401 (Unauthorized) @ http://localhost:3000/api/profile?mode=admin:0
[  332301ms] [ERROR] Failed to load resource: the server responded with a status of 401 (Unauthorized) @ http://localhost:3000/api/profile?mode=admin:0
[  342316ms] [ERROR] Failed to load resource: the server responded with a status of 401 (Unauthorized) @ http://localhost:3000/api/profile?mode=admin:0
[  352420ms] [LOG] [Fast Refresh] rebuilding @ http://localhost:3000/_next/static/chunks/node_modules_next_dist_115brz8._.js:2431
[  352592ms] [LOG] [Fast Refresh] done in 282ms @ http://localhost:3000/_next/static/chunks/node_modules_next_dist_115brz8._.js:2431
[  353223ms] [ERROR] Failed to load resource: the server responded with a status of 401 (Unauthorized) @ http://localhost:3000/api/profile?mode=admin:0
[  362309ms] [ERROR] Failed to load resource: the server responded with a status of 401 (Unauthorized) @ http://localhost:3000/api/profile?mode=admin:0
[  372350ms] [ERROR] Failed to load resource: the server responded with a status of 401 (Unauthorized) @ http://localhost:3000/api/profile?mode=admin:0
[  377759ms] [LOG] [Fast Refresh] rebuilding @ http://localhost:3000/_next/static/chunks/node_modules_next_dist_115brz8._.js:2431
[  377897ms] [LOG] [Fast Refresh] done in 253ms @ http://localhost:3000/_next/static/chunks/node_modules_next_dist_115brz8._.js:2431
[  382349ms] [ERROR] Failed to load resource: the server responded with a status of 401 (Unauthorized) @ http://localhost:3000/api/profile?mode=admin:0
[  392352ms] [ERROR] Failed to load resource: the server responded with a status of 401 (Unauthorized) @ http://localhost:3000/api/profile?mode=admin:0
[  402299ms] [ERROR] Failed to load resource: the server responded with a status of 401 (Unauthorized) @ http://localhost:3000/api/profile?mode=admin:0
[  412411ms] [ERROR] Failed to load resource: the server responded with a status of 401 (Unauthorized) @ http://localhost:3000/api/profile?mode=admin:0
[  422543ms] [ERROR] Failed to load resource: the server responded with a status of 401 (Unauthorized) @ http://localhost:3000/api/profile?mode=admin:0
[  432359ms] [ERROR] Failed to load resource: the server responded with a status of 401 (Unauthorized) @ http://localhost:3000/api/profile?mode=admin:0
[  442325ms] [ERROR] Failed to load resource: the server responded with a status of 401 (Unauthorized) @ http://localhost:3000/api/profile?mode=admin:0
[  452315ms] [ERROR] Failed to load resource: the server responded with a status of 401 (Unauthorized) @ http://localhost:3000/api/profile?mode=admin:0
[  462311ms] [ERROR] Failed to load resource: the server responded with a status of 401 (Unauthorized) @ http://localhost:3000/api/profile?mode=admin:0
[  472331ms] [ERROR] Failed to load resource: the server responded with a status of 401 (Unauthorized) @ http://localhost:3000/api/profile?mode=admin:0
[  482523ms] [ERROR] Failed to load resource: the server responded with a status of 401 (Unauthorized) @ http://localhost:3000/api/profile?mode=admin:0
[  492438ms] [ERROR] Failed to load resource: the server responded with a status of 401 (Unauthorized) @ http://localhost:3000/api/profile?mode=admin:0
[  502356ms] [ERROR] Failed to load resource: the server responded with a status of 401 (Unauthorized) @ http://localhost:3000/api/profile?mode=admin:0
[  512352ms] [ERROR] Failed to load resource: the server responded with a status of 401 (Unauthorized) @ http://localhost:3000/api/profile?mode=admin:0
[  522322ms] [ERROR] Failed to load resource: the server responded with a status of 401 (Unauthorized) @ http://localhost:3000/api/profile?mode=admin:0
[  532288ms] [ERROR] Failed to load resource: the server responded with a status of 401 (Unauthorized) @ http://localhost:3000/api/profile?mode=admin:0
[  542441ms] [ERROR] Failed to load resource: the server responded with a status of 401 (Unauthorized) @ http://localhost:3000/api/profile?mode=admin:0
[  552381ms] [LOG] [Fast Refresh] rebuilding @ http://localhost:3000/_next/static/chunks/node_modules_next_dist_115brz8._.js:2431
[  552410ms] [LOG] [Fast Refresh] done in 151ms @ http://localhost:3000/_next/static/chunks/node_modules_next_dist_115brz8._.js:2431
[  553091ms] [ERROR] Failed to load resource: the server responded with a status of 401 (Unauthorized) @ http://localhost:3000/api/profile?mode=admin:0
[  562381ms] [ERROR] Failed to load resource: the server responded with a status of 401 (Unauthorized) @ http://localhost:3000/api/profile?mode=admin:0
[  572408ms] [ERROR] Failed to load resource: the server responded with a status of 401 (Unauthorized) @ http://localhost:3000/api/profile?mode=admin:0
[  582340ms] [ERROR] Failed to load resource: the server responded with a status of 401 (Unauthorized) @ http://localhost:3000/api/profile?mode=admin:0
[  592317ms] [ERROR] Failed to load resource: the server responded with a status of 401 (Unauthorized) @ http://localhost:3000/api/profile?mode=admin:0
[  602453ms] [ERROR] Failed to load resource: the server responded with a status of 401 (Unauthorized) @ http://localhost:3000/api/profile?mode=admin:0
[  612392ms] [LOG] [Fast Refresh] rebuilding @ http://localhost:3000/_next/static/chunks/node_modules_next_dist_115brz8._.js:2431
[  612511ms] [LOG] [Fast Refresh] done in 228ms @ http://localhost:3000/_next/static/chunks/node_modules_next_dist_115brz8._.js:2431
[  613093ms] [ERROR] Failed to load resource: the server responded with a status of 401 (Unauthorized) @ http://localhost:3000/api/profile?mode=admin:0
[  622374ms] [ERROR] Failed to load resource: the server responded with a status of 401 (Unauthorized) @ http://localhost:3000/api/profile?mode=admin:0
[  632645ms] [ERROR] Failed to load resource: the server responded with a status of 401 (Unauthorized) @ http://localhost:3000/api/profile?mode=admin:0
[  642493ms] [ERROR] Failed to load resource: the server responded with a status of 401 (Unauthorized) @ http://localhost:3000/api/profile?mode=admin:0
[  652303ms] [ERROR] Failed to load resource: the server responded with a status of 401 (Unauthorized) @ http://localhost:3000/api/profile?mode=admin:0
[  662349ms] [ERROR] Failed to load resource: the server responded with a status of 401 (Unauthorized) @ http://localhost:3000/api/profile?mode=admin:0
[  672397ms] [ERROR] Failed to load resource: the server responded with a status of 401 (Unauthorized) @ http://localhost:3000/api/profile?mode=admin:0
[  682522ms] [LOG] [Fast Refresh] rebuilding @ http://localhost:3000/_next/static/chunks/node_modules_next_dist_115brz8._.js:2431
[  682642ms] [LOG] [Fast Refresh] done in 228ms @ http://localhost:3000/_next/static/chunks/node_modules_next_dist_115brz8._.js:2431
[  683275ms] [ERROR] Failed to load resource: the server responded with a status of 401 (Unauthorized) @ http://localhost:3000/api/profile?mode=admin:0
[  692331ms] [ERROR] Failed to load resource: the server responded with a status of 401 (Unauthorized) @ http://localhost:3000/api/profile?mode=admin:0
[  702331ms] [ERROR] Failed to load resource: the server responded with a status of 401 (Unauthorized) @ http://localhost:3000/api/profile?mode=admin:0
[  712373ms] [ERROR] Failed to load resource: the server responded with a status of 401 (Unauthorized) @ http://localhost:3000/api/profile?mode=admin:0
[  722331ms] [ERROR] Failed to load resource: the server responded with a status of 401 (Unauthorized) @ http://localhost:3000/api/profile?mode=admin:0
[  732287ms] [ERROR] Failed to load resource: the server responded with a status of 401 (Unauthorized) @ http://localhost:3000/api/profile?mode=admin:0
[  742328ms] [ERROR] Failed to load resource: the server responded with a status of 401 (Unauthorized) @ http://localhost:3000/api/profile?mode=admin:0
[  752413ms] [ERROR] Failed to load resource: the server responded with a status of 401 (Unauthorized) @ http://localhost:3000/api/profile?mode=admin:0
[  762294ms] [ERROR] Failed to load resource: the server responded with a status of 401 (Unauthorized) @ http://localhost:3000/api/profile?mode=admin:0
[  772301ms] [ERROR] Failed to load resource: the server responded with a status of 401 (Unauthorized) @ http://localhost:3000/api/profile?mode=admin:0
[  782330ms] [ERROR] Failed to load resource: the server responded with a status of 401 (Unauthorized) @ http://localhost:3000/api/profile?mode=admin:0
[  792290ms] [ERROR] Failed to load resource: the server responded with a status of 401 (Unauthorized) @ http://localhost:3000/api/profile?mode=admin:0
[  802300ms] [ERROR] Failed to load resource: the server responded with a status of 401 (Unauthorized) @ http://localhost:3000/api/profile?mode=admin:0
[  812380ms] [LOG] [Fast Refresh] rebuilding @ http://localhost:3000/_next/static/chunks/node_modules_next_dist_115brz8._.js:2431
[  812430ms] [LOG] [Fast Refresh] done in 169ms @ http://localhost:3000/_next/static/chunks/node_modules_next_dist_115brz8._.js:2431
[  813075ms] [ERROR] Failed to load resource: the server responded with a status of 401 (Unauthorized) @ http://localhost:3000/api/profile?mode=admin:0
[  822287ms] [ERROR] Failed to load resource: the server responded with a status of 401 (Unauthorized) @ http://localhost:3000/api/profile?mode=admin:0
[  832301ms] [ERROR] Failed to load resource: the server responded with a status of 401 (Unauthorized) @ http://localhost:3000/api/profile?mode=admin:0
[  842276ms] [ERROR] Failed to load resource: the server responded with a status of 401 (Unauthorized) @ http://localhost:3000/api/profile?mode=admin:0
[  848838ms] [LOG] [Fast Refresh] rebuilding @ http://localhost:3000/_next/static/chunks/node_modules_next_dist_115brz8._.js:2431
[  852340ms] [ERROR] Failed to load resource: the server responded with a status of 401 (Unauthorized) @ http://localhost:3000/api/profile?mode=admin:0
[  855097ms] [LOG] [Fast Refresh] done in 6181ms @ http://localhost:3000/_next/static/chunks/node_modules_next_dist_115brz8._.js:2431
[  855222ms] [LOG] [Fast Refresh] rebuilding @ http://localhost:3000/_next/static/chunks/node_modules_next_dist_115brz8._.js:2431
[  855564ms] [LOG] [Fast Refresh] done in 463ms @ http://localhost:3000/_next/static/chunks/node_modules_next_dist_115brz8._.js:2431
[  861944ms] [LOG] [Fast Refresh] rebuilding @ http://localhost:3000/_next/static/chunks/node_modules_next_dist_115brz8._.js:2431
[  862032ms] [LOG] [Fast Refresh] done in 203ms @ http://localhost:3000/_next/static/chunks/node_modules_next_dist_115brz8._.js:2431
[  862464ms] [ERROR] Failed to load resource: the server responded with a status of 401 (Unauthorized) @ http://localhost:3000/api/profile?mode=admin:0
[  872346ms] [ERROR] Failed to load resource: the server responded with a status of 401 (Unauthorized) @ http://localhost:3000/api/profile?mode=admin:0
[  882366ms] [ERROR] Failed to load resource: the server responded with a status of 401 (Unauthorized) @ http://localhost:3000/api/profile?mode=admin:0
[  892287ms] [ERROR] Failed to load resource: the server responded with a status of 401 (Unauthorized) @ http://localhost:3000/api/profile?mode=admin:0
[  902339ms] [ERROR] Failed to load resource: the server responded with a status of 401 (Unauthorized) @ http://localhost:3000/api/profile?mode=admin:0
[  912296ms] [ERROR] Failed to load resource: the server responded with a status of 401 (Unauthorized) @ http://localhost:3000/api/profile?mode=admin:0
[  914494ms] [LOG] [Fast Refresh] rebuilding @ http://localhost:3000/_next/static/chunks/node_modules_next_dist_115brz8._.js:2431
[  916809ms] [LOG] [Fast Refresh] done in 2318ms @ http://localhost:3000/_next/static/chunks/node_modules_next_dist_115brz8._.js:2431
[  916913ms] [LOG] [Fast Refresh] rebuilding @ http://localhost:3000/_next/static/chunks/node_modules_next_dist_115brz8._.js:2431
[  916952ms] [LOG] [Fast Refresh] done in 141ms @ http://localhost:3000/_next/static/chunks/node_modules_next_dist_115brz8._.js:2431
[  921928ms] [LOG] [Fast Refresh] rebuilding @ http://localhost:3000/_next/static/chunks/node_modules_next_dist_115brz8._.js:2431
[  922095ms] [LOG] [Fast Refresh] done in 268ms @ http://localhost:3000/_next/static/chunks/node_modules_next_dist_115brz8._.js:2431
[  922571ms] [ERROR] Failed to load resource: the server responded with a status of 401 (Unauthorized) @ http://localhost:3000/api/profile?mode=admin:0
[  932300ms] [ERROR] Failed to load resource: the server responded with a status of 401 (Unauthorized) @ http://localhost:3000/api/profile?mode=admin:0
[  935207ms] [LOG] [Fast Refresh] rebuilding @ http://localhost:3000/_next/static/chunks/node_modules_next_dist_115brz8._.js:2431
[  939727ms] [LOG] [Fast Refresh] done in 4559ms @ http://localhost:3000/_next/static/chunks/node_modules_next_dist_115brz8._.js:2431
[  939837ms] [LOG] [Fast Refresh] rebuilding @ http://localhost:3000/_next/static/chunks/node_modules_next_dist_115brz8._.js:2431
[  939880ms] [LOG] [Fast Refresh] done in 144ms @ http://localhost:3000/_next/static/chunks/node_modules_next_dist_115brz8._.js:2431
[  941951ms] [LOG] [Fast Refresh] rebuilding @ http://localhost:3000/_next/static/chunks/node_modules_next_dist_115brz8._.js:2431
[  942621ms] [LOG] [Fast Refresh] done in 774ms @ http://localhost:3000/_next/static/chunks/node_modules_next_dist_115brz8._.js:2431
[  943180ms] [ERROR] Failed to load resource: the server responded with a status of 401 (Unauthorized) @ http://localhost:3000/api/profile?mode=admin:0
[  952320ms] [ERROR] Failed to load resource: the server responded with a status of 401 (Unauthorized) @ http://localhost:3000/api/profile?mode=admin:0
[  962357ms] [ERROR] Failed to load resource: the server responded with a status of 401 (Unauthorized) @ http://localhost:3000/api/profile?mode=admin:0
[  972321ms] [ERROR] Failed to load resource: the server responded with a status of 401 (Unauthorized) @ http://localhost:3000/api/profile?mode=admin:0
[  982338ms] [ERROR] Failed to load resource: the server responded with a status of 401 (Unauthorized) @ http://localhost:3000/api/profile?mode=admin:0
[  992309ms] [ERROR] Failed to load resource: the server responded with a status of 401 (Unauthorized) @ http://localhost:3000/api/profile?mode=admin:0
[ 1002371ms] [ERROR] Failed to load resource: the server responded with a status of 401 (Unauthorized) @ http://localhost:3000/api/profile?mode=admin:0
[ 1012365ms] [LOG] [Fast Refresh] rebuilding @ http://localhost:3000/_next/static/chunks/node_modules_next_dist_115brz8._.js:2431
[ 1012391ms] [LOG] [Fast Refresh] done in 139ms @ http://localhost:3000/_next/static/chunks/node_modules_next_dist_115brz8._.js:2431
[ 1012946ms] [ERROR] Failed to load resource: the server responded with a status of 401 (Unauthorized) @ http://localhost:3000/api/profile?mode=admin:0
[ 1021981ms] [LOG] [Fast Refresh] rebuilding @ http://localhost:3000/_next/static/chunks/node_modules_next_dist_115brz8._.js:2431
[ 1022521ms] [ERROR] Failed to load resource: the server responded with a status of 401 (Unauthorized) @ http://localhost:3000/api/profile?mode=admin:0
[ 1029692ms] [ERROR] ./app/admin/page.tsx
Error evaluating Node.js code
SyntaxError: C:\Users\FUJITSU\Documents\PROJECTS\8w6s_profile\app\admin\page.tsx: Identifier 'currentSkill' has already been declared. (667:14)

  665 |         if (!currentSkill) return;
  666 |
> 667 |         const currentSkill = newSkills[index];
      |               ^
  668 |         const normalizedSkill = typeof currentSkill === 'object' && currentSkill !== null
  669 |             ? currentSkill
  670 |             : {
  (from C:\Users\FUJITSU\Documents\PROJECTS\8w6s_profile\node_modules\next\dist\build\babel\loader\index.js)
    [at constructor (C:\Users\FUJITSU\Documents\PROJECTS\8w6s_profile\node_modules\next\dist\compiled\babel\bundle.js:191:137105)]
    [at TypeScriptParserMixin.raise (C:\Users\FUJITSU\Documents\PROJECTS\8w6s_profile\node_modules\next\dist\compiled\babel\bundle.js:191:194164)]
    [at TypeScriptScopeHandler.checkRedeclarationInScope (C:\Users\FUJITSU\Documents\PROJECTS\8w6s_profile\node_modules\next\dist\compiled\babel\bundle.js:191:163166)]
    [at TypeScriptScopeHandler.declareName (C:\Users\FUJITSU\Documents\PROJECTS\8w6s_profile\node_modules\next\dist\compiled\babel\bundle.js:191:162529)]
    [at TypeScriptScopeHandler.declareName (C:\Users\FUJITSU\Documents\PROJECTS\8w6s_profile\node_modules\next\dist\compiled\babel\bundle.js:191:271160)]
    [at TypeScriptParserMixin.declareNameFromIdentifier (C:\Users\FUJITSU\Documents\PROJECTS\8w6s_profile\node_modules\next\dist\compiled\babel\bundle.js:191:279226)]
    [at TypeScriptParserMixin.checkIdentifier (C:\Users\FUJITSU\Documents\PROJECTS\8w6s_profile\node_modules\next\dist\compiled\babel\bundle.js:191:279152)]
    [at TypeScriptParserMixin.checkLVal (C:\Users\FUJITSU\Documents\PROJECTS\8w6s_profile\node_modules\next\dist\compiled\babel\bundle.js:191:278197)]
    [at TypeScriptParserMixin.parseVarId (C:\Users\FUJITSU\Documents\PROJECTS\8w6s_profile\node_modules\next\dist\compiled\babel\bundle.js:191:403644)]
    [at TypeScriptParserMixin.parseVarId (C:\Users\FUJITSU\Documents\PROJECTS\8w6s_profile\node_modules\next\dist\compiled\babel\bundle.js:191:329902)]
    [at TypeScriptParserMixin.parseVar (C:\Users\FUJITSU\Documents\PROJECTS\8w6s_profile\node_modules\next\dist\compiled\babel\bundle.js:191:402884)]
    [at TypeScriptParserMixin.parseVarStatement (C:\Users\FUJITSU\Documents\PROJECTS\8w6s_profile\node_modules\next\dist\compiled\babel\bundle.js:191:399366)]
    [at TypeScriptParserMixin.parseVarStatement (C:\Users\FUJITSU\Documents\PROJECTS\8w6s_profile\node_modules\next\dist\compiled\babel\bundle.js:191:323322)]
    [at TypeScriptParserMixin.parseStatementContent (C:\Users\FUJITSU\Documents\PROJECTS\8w6s_profile\node_modules\next\dist\compiled\babel\bundle.js:191:391398)]
    [at TypeScriptParserMixin.parseStatementContent (C:\Users\FUJITSU\Documents\PROJECTS\8w6s_profile\node_modules\next\dist\compiled\babel\bundle.js:191:324042)]
    [at TypeScriptParserMixin.parseStatementLike (C:\Users\FUJITSU\Documents\PROJECTS\8w6s_profile\node_modules\next\dist\compiled\babel\bundle.js:191:389494)]
    [at TypeScriptParserMixin.parseStatementListItem (C:\Users\FUJITSU\Documents\PROJECTS\8w6s_profile\node_modules\next\dist\compiled\babel\bundle.js:191:389120)]
    [at TypeScriptParserMixin.parseBlockOrModuleBlockBody (C:\Users\FUJITSU\Documents\PROJECTS\8w6s_profile\node_modules\next\dist\compiled\babel\bundle.js:191:401423)]
    [at TypeScriptParserMixin.parseBlockBody (C:\Users\FUJITSU\Documents\PROJECTS\8w6s_profile\node_modules\next\dist\compiled\babel\bundle.js:191:401223)]
    [at TypeScriptParserMixin.parseBlock (C:\Users\FUJITSU\Documents\PROJECTS\8w6s_profile\node_modules\next\dist\compiled\babel\bundle.js:191:400923)]
    [at TypeScriptParserMixin.parseFunctionBody (C:\Users\FUJITSU\Documents\PROJECTS\8w6s_profile\node_modules\next\dist\compiled\babel\bundle.js:191:378053)]
    [at TypeScriptParserMixin.parseArrowExpression (C:\Users\FUJITSU\Documents\PROJECTS\8w6s_profile\node_modules\next\dist\compiled\babel\bundle.js:191:377398)]
    [at TypeScriptParserMixin.parseParenAndDistinguishExpression (C:\Users\FUJITSU\Documents\PROJECTS\8w6s_profile\node_modules\next\dist\compiled\babel\bundle.js:191:369594)]
    [at TypeScriptParserMixin.parseExprAtom (C:\Users\FUJITSU\Documents\PROJECTS\8w6s_profile\node_modules\next\dist\compiled\babel\bundle.js:191:361477)]
    [at TypeScriptParserMixin.parseExprAtom (C:\Users\FUJITSU\Documents\PROJECTS\8w6s_profile\node_modules\next\dist\compiled\babel\bundle.js:191:269272)]
    [at TypeScriptParserMixin.parseExprSubscripts (C:\Users\FUJITSU\Documents\PROJECTS\8w6s_profile\node_modules\next\dist\compiled\babel\bundle.js:191:356364)]
    [at TypeScriptParserMixin.parseUpdate (C:\Users\FUJITSU\Documents\PROJECTS\8w6s_profile\node_modules\next\dist\compiled\babel\bundle.js:191:355963)]
    [at TypeScriptParserMixin.parseMaybeUnary (C:\Users\FUJITSU\Documents\PROJECTS\8w6s_profile\node_modules\next\dist\compiled\babel\bundle.js:191:355527)]
    [at TypeScriptParserMixin.parseMaybeUnary (C:\Users\FUJITSU\Documents\PROJECTS\8w6s_profile\node_modules\next\dist\compiled\babel\bundle.js:191:331837)]
    [at TypeScriptParserMixin.parseMaybeUnaryOrPrivate (C:\Users\FUJITSU\Documents\PROJECTS\8w6s_profile\node_modules\next\dist\compiled\babel\bundle.js:191:352169)]
    [at TypeScriptParserMixin.parseExprOps (C:\Users\FUJITSU\Documents\PROJECTS\8w6s_profile\node_modules\next\dist\compiled\babel\bundle.js:191:352281)]
    [at TypeScriptParserMixin.parseMaybeConditional (C:\Users\FUJITSU\Documents\PROJECTS\8w6s_profile\node_modules\next\dist\compiled\babel\bundle.js:191:351760)]
    [at TypeScriptParserMixin.parseMaybeAssign (C:\Users\FUJITSU\Documents\PROJECTS\8w6s_profile\node_modules\next\dist\compiled\babel\bundle.js:191:350714)]
    [at TypeScriptParserMixin.parseMaybeAssign (C:\Users\FUJITSU\Documents\PROJECTS\8w6s_profile\node_modules\next\dist\compiled\babel\bundle.js:191:330620)]
    [at C:\Users\FUJITSU\Documents\PROJECTS\8w6s_profile\node_modules\next\dist\compiled\babel\bundle.js:191:350260]
    [at TypeScriptParserMixin.allowInAnd (C:\Users\FUJITSU\Documents\PROJECTS\8w6s_profile\node_modules\next\dist\compiled\babel\bundle.js:191:383926)]
    [at TypeScriptParserMixin.parseMaybeAssignAllowIn (C:\Users\FUJITSU\Documents\PROJECTS\8w6s_profile\node_modules\next\dist\compiled\babel\bundle.js:191:350239)]
    [at TypeScriptParserMixin.parseVar (C:\Users\FUJITSU\Documents\PROJECTS\8w6s_profile\node_modules\next\dist\compiled\babel\bundle.js:191:402967)]
    [at TypeScriptParserMixin.parseVarStatement (C:\Users\FUJITSU\Documents\PROJECTS\8w6s_profile\node_modules\next\dist\compiled\babel\bundle.js:191:399366)]
    [at TypeScriptParserMixin.parseVarStatement (C:\Users\FUJITSU\Documents\PROJECTS\8w6s_profile\node_modules\next\dist\compiled\babel\bundle.js:191:323322)]
    [at TypeScriptParserMixin.parseStatementContent (C:\Users\FUJITSU\Documents\PROJECTS\8w6s_profile\node_modules\next\dist\compiled\babel\bundle.js:191:391398)]
    [at TypeScriptParserMixin.parseStatementContent (C:\Users\FUJITSU\Documents\PROJECTS\8w6s_profile\node_modules\next\dist\compiled\babel\bundle.js:191:324042)]
    [at TypeScriptParserMixin.parseStatementLike (C:\Users\FUJITSU\Documents\PROJECTS\8w6s_profile\node_modules\next\dist\compiled\babel\bundle.js:191:389494)]
    [at TypeScriptParserMixin.parseStatementListItem (C:\Users\FUJITSU\Documents\PROJECTS\8w6s_profile\node_modules\next\dist\compiled\babel\bundle.js:191:389120)]
    [at TypeScriptParserMixin.parseBlockOrModuleBlockBody (C:\Users\FUJITSU\Documents\PROJECTS\8w6s_profile\node_modules\next\dist\compiled\babel\bundle.js:191:401423)]
    [at TypeScriptParserMixin.parseBlockBody (C:\Users\FUJITSU\Documents\PROJECTS\8w6s_profile\node_modules\next\dist\compiled\babel\bundle.js:191:401223)]
    [at TypeScriptParserMixin.parseBlock (C:\Users\FUJITSU\Documents\PROJECTS\8w6s_profile\node_modules\next\dist\compiled\babel\bundle.js:191:400923)]
    [at TypeScriptParserMixin.parseFunctionBody (C:\Users\FUJITSU\Documents\PROJECTS\8w6s_profile\node_modules\next\dist\compiled\babel\bundle.js:191:378053)]
    [at TypeScriptParserMixin.parseFunctionBodyAndFinish (C:\Users\FUJITSU\Documents\PROJECTS\8w6s_profile\node_modules\next\dist\compiled\babel\bundle.js:191:377675)]
    [at TypeScriptParserMixin.parseFunctionBodyAndFinish (C:\Users\FUJITSU\Documents\PROJECTS\8w6s_profile\node_modules\next\dist\compiled\babel\bundle.js:191:318173)]

Import traces:
  Client Component Browser:
    ./app/admin/page.tsx [Client Component Browser]
    ./app/admin/page.tsx [Server Component]

  Client Component SSR:
    ./app/admin/page.tsx [Client Component SSR]
    ./app/admin/page.tsx [Server Component] @ http://localhost:3000/_next/static/chunks/node_modules_next_dist_115brz8._.js:3272
[ 1029694ms] [ERROR] ./app/admin/page.tsx:667:15
the name `currentSkill` is defined multiple times
  665 |         if (!currentSkill) return;
  666 |
> 667 |         const currentSkill = newSkills[index];
      |               ^^^^^^^^^^^^
  668 |         const normalizedSkill = typeof currentSkill === 'object' && currentSkill !== null
  669 |             ? currentSkill
  670 |             : {

Ecmascript file had an error

Import traces:
  Client Component Browser:
    ./app/admin/page.tsx [Client Component Browser]
    ./app/admin/page.tsx [Server Component]

  Client Component SSR:
    ./app/admin/page.tsx [Client Component SSR]
    ./app/admin/page.tsx [Server Component] @ http://localhost:3000/_next/static/chunks/node_modules_next_dist_115brz8._.js:3272
[ 1030173ms] [ERROR] ./app/admin/page.tsx
Error evaluating Node.js code
SyntaxError: C:\Users\FUJITSU\Documents\PROJECTS\8w6s_profile\app\admin\page.tsx: Identifier 'currentSkill' has already been declared. (667:14)

  665 |         if (!currentSkill) return;
  666 |
> 667 |         const currentSkill = newSkills[index];
      |               ^
  668 |         const normalizedSkill = typeof currentSkill === 'object' && currentSkill !== null
  669 |             ? currentSkill
  670 |             : {
  (from C:\Users\FUJITSU\Documents\PROJECTS\8w6s_profile\node_modules\next\dist\build\babel\loader\index.js)
    [at constructor (C:\Users\FUJITSU\Documents\PROJECTS\8w6s_profile\node_modules\next\dist\compiled\babel\bundle.js:191:137105)]
    [at TypeScriptParserMixin.raise (C:\Users\FUJITSU\Documents\PROJECTS\8w6s_profile\node_modules\next\dist\compiled\babel\bundle.js:191:194164)]
    [at TypeScriptScopeHandler.checkRedeclarationInScope (C:\Users\FUJITSU\Documents\PROJECTS\8w6s_profile\node_modules\next\dist\compiled\babel\bundle.js:191:163166)]
    [at TypeScriptScopeHandler.declareName (C:\Users\FUJITSU\Documents\PROJECTS\8w6s_profile\node_modules\next\dist\compiled\babel\bundle.js:191:162529)]
    [at TypeScriptScopeHandler.declareName (C:\Users\FUJITSU\Documents\PROJECTS\8w6s_profile\node_modules\next\dist\compiled\babel\bundle.js:191:271160)]
    [at TypeScriptParserMixin.declareNameFromIdentifier (C:\Users\FUJITSU\Documents\PROJECTS\8w6s_profile\node_modules\next\dist\compiled\babel\bundle.js:191:279226)]
    [at TypeScriptParserMixin.checkIdentifier (C:\Users\FUJITSU\Documents\PROJECTS\8w6s_profile\node_modules\next\dist\compiled\babel\bundle.js:191:279152)]
    [at TypeScriptParserMixin.checkLVal (C:\Users\FUJITSU\Documents\PROJECTS\8w6s_profile\node_modules\next\dist\compiled\babel\bundle.js:191:278197)]
    [at TypeScriptParserMixin.parseVarId (C:\Users\FUJITSU\Documents\PROJECTS\8w6s_profile\node_modules\next\dist\compiled\babel\bundle.js:191:403644)]
    [at TypeScriptParserMixin.parseVarId (C:\Users\FUJITSU\Documents\PROJECTS\8w6s_profile\node_modules\next\dist\compiled\babel\bundle.js:191:329902)]
    [at TypeScriptParserMixin.parseVar (C:\Users\FUJITSU\Documents\PROJECTS\8w6s_profile\node_modules\next\dist\compiled\babel\bundle.js:191:402884)]
    [at TypeScriptParserMixin.parseVarStatement (C:\Users\FUJITSU\Documents\PROJECTS\8w6s_profile\node_modules\next\dist\compiled\babel\bundle.js:191:399366)]
    [at TypeScriptParserMixin.parseVarStatement (C:\Users\FUJITSU\Documents\PROJECTS\8w6s_profile\node_modules\next\dist\compiled\babel\bundle.js:191:323322)]
    [at TypeScriptParserMixin.parseStatementContent (C:\Users\FUJITSU\Documents\PROJECTS\8w6s_profile\node_modules\next\dist\compiled\babel\bundle.js:191:391398)]
    [at TypeScriptParserMixin.parseStatementContent (C:\Users\FUJITSU\Documents\PROJECTS\8w6s_profile\node_modules\next\dist\compiled\babel\bundle.js:191:324042)]
    [at TypeScriptParserMixin.parseStatementLike (C:\Users\FUJITSU\Documents\PROJECTS\8w6s_profile\node_modules\next\dist\compiled\babel\bundle.js:191:389494)]
    [at TypeScriptParserMixin.parseStatementListItem (C:\Users\FUJITSU\Documents\PROJECTS\8w6s_profile\node_modules\next\dist\compiled\babel\bundle.js:191:389120)]
    [at TypeScriptParserMixin.parseBlockOrModuleBlockBody (C:\Users\FUJITSU\Documents\PROJECTS\8w6s_profile\node_modules\next\dist\compiled\babel\bundle.js:191:401423)]
    [at TypeScriptParserMixin.parseBlockBody (C:\Users\FUJITSU\Documents\PROJECTS\8w6s_profile\node_modules\next\dist\compiled\babel\bundle.js:191:401223)]
    [at TypeScriptParserMixin.parseBlock (C:\Users\FUJITSU\Documents\PROJECTS\8w6s_profile\node_modules\next\dist\compiled\babel\bundle.js:191:400923)]
    [at TypeScriptParserMixin.parseFunctionBody (C:\Users\FUJITSU\Documents\PROJECTS\8w6s_profile\node_modules\next\dist\compiled\babel\bundle.js:191:378053)]
    [at TypeScriptParserMixin.parseArrowExpression (C:\Users\FUJITSU\Documents\PROJECTS\8w6s_profile\node_modules\next\dist\compiled\babel\bundle.js:191:377398)]
    [at TypeScriptParserMixin.parseParenAndDistinguishExpression (C:\Users\FUJITSU\Documents\PROJECTS\8w6s_profile\node_modules\next\dist\compiled\babel\bundle.js:191:369594)]
    [at TypeScriptParserMixin.parseExprAtom (C:\Users\FUJITSU\Documents\PROJECTS\8w6s_profile\node_modules\next\dist\compiled\babel\bundle.js:191:361477)]
    [at TypeScriptParserMixin.parseExprAtom (C:\Users\FUJITSU\Documents\PROJECTS\8w6s_profile\node_modules\next\dist\compiled\babel\bundle.js:191:269272)]
    [at TypeScriptParserMixin.parseExprSubscripts (C:\Users\FUJITSU\Documents\PROJECTS\8w6s_profile\node_modules\next\dist\compiled\babel\bundle.js:191:356364)]
    [at TypeScriptParserMixin.parseUpdate (C:\Users\FUJITSU\Documents\PROJECTS\8w6s_profile\node_modules\next\dist\compiled\babel\bundle.js:191:355963)]
    [at TypeScriptParserMixin.parseMaybeUnary (C:\Users\FUJITSU\Documents\PROJECTS\8w6s_profile\node_modules\next\dist\compiled\babel\bundle.js:191:355527)]
    [at TypeScriptParserMixin.parseMaybeUnary (C:\Users\FUJITSU\Documents\PROJECTS\8w6s_profile\node_modules\next\dist\compiled\babel\bundle.js:191:331837)]
    [at TypeScriptParserMixin.parseMaybeUnaryOrPrivate (C:\Users\FUJITSU\Documents\PROJECTS\8w6s_profile\node_modules\next\dist\compiled\babel\bundle.js:191:352169)]
    [at TypeScriptParserMixin.parseExprOps (C:\Users\FUJITSU\Documents\PROJECTS\8w6s_profile\node_modules\next\dist\compiled\babel\bundle.js:191:352281)]
    [at TypeScriptParserMixin.parseMaybeConditional (C:\Users\FUJITSU\Documents\PROJECTS\8w6s_profile\node_modules\next\dist\compiled\babel\bundle.js:191:351760)]
    [at TypeScriptParserMixin.parseMaybeAssign (C:\Users\FUJITSU\Documents\PROJECTS\8w6s_profile\node_modules\next\dist\compiled\babel\bundle.js:191:350714)]
    [at TypeScriptParserMixin.parseMaybeAssign (C:\Users\FUJITSU\Documents\PROJECTS\8w6s_profile\node_modules\next\dist\compiled\babel\bundle.js:191:330620)]
    [at C:\Users\FUJITSU\Documents\PROJECTS\8w6s_profile\node_modules\next\dist\compiled\babel\bundle.js:191:350260]
    [at TypeScriptParserMixin.allowInAnd (C:\Users\FUJITSU\Documents\PROJECTS\8w6s_profile\node_modules\next\dist\compiled\babel\bundle.js:191:383926)]
    [at TypeScriptParserMixin.parseMaybeAssignAllowIn (C:\Users\FUJITSU\Documents\PROJECTS\8w6s_profile\node_modules\next\dist\compiled\babel\bundle.js:191:350239)]
    [at TypeScriptParserMixin.parseVar (C:\Users\FUJITSU\Documents\PROJECTS\8w6s_profile\node_modules\next\dist\compiled\babel\bundle.js:191:402967)]
    [at TypeScriptParserMixin.parseVarStatement (C:\Users\FUJITSU\Documents\PROJECTS\8w6s_profile\node_modules\next\dist\compiled\babel\bundle.js:191:399366)]
    [at TypeScriptParserMixin.parseVarStatement (C:\Users\FUJITSU\Documents\PROJECTS\8w6s_profile\node_modules\next\dist\compiled\babel\bundle.js:191:323322)]
    [at TypeScriptParserMixin.parseStatementContent (C:\Users\FUJITSU\Documents\PROJECTS\8w6s_profile\node_modules\next\dist\compiled\babel\bundle.js:191:391398)]
    [at TypeScriptParserMixin.parseStatementContent (C:\Users\FUJITSU\Documents\PROJECTS\8w6s_profile\node_modules\next\dist\compiled\babel\bundle.js:191:324042)]
    [at TypeScriptParserMixin.parseStatementLike (C:\Users\FUJITSU\Documents\PROJECTS\8w6s_profile\node_modules\next\dist\compiled\babel\bundle.js:191:389494)]
    [at TypeScriptParserMixin.parseStatementListItem (C:\Users\FUJITSU\Documents\PROJECTS\8w6s_profile\node_modules\next\dist\compiled\babel\bundle.js:191:389120)]
    [at TypeScriptParserMixin.parseBlockOrModuleBlockBody (C:\Users\FUJITSU\Documents\PROJECTS\8w6s_profile\node_modules\next\dist\compiled\babel\bundle.js:191:401423)]
    [at TypeScriptParserMixin.parseBlockBody (C:\Users\FUJITSU\Documents\PROJECTS\8w6s_profile\node_modules\next\dist\compiled\babel\bundle.js:191:401223)]
    [at TypeScriptParserMixin.parseBlock (C:\Users\FUJITSU\Documents\PROJECTS\8w6s_profile\node_modules\next\dist\compiled\babel\bundle.js:191:400923)]
    [at TypeScriptParserMixin.parseFunctionBody (C:\Users\FUJITSU\Documents\PROJECTS\8w6s_profile\node_modules\next\dist\compiled\babel\bundle.js:191:378053)]
    [at TypeScriptParserMixin.parseFunctionBodyAndFinish (C:\Users\FUJITSU\Documents\PROJECTS\8w6s_profile\node_modules\next\dist\compiled\babel\bundle.js:191:377675)]
    [at TypeScriptParserMixin.parseFunctionBodyAndFinish (C:\Users\FUJITSU\Documents\PROJECTS\8w6s_profile\node_modules\next\dist\compiled\babel\bundle.js:191:318173)]

Import traces:
  Client Component Browser:
    ./app/admin/page.tsx [Client Component Browser]
    ./app/admin/page.tsx [Server Component]

  Client Component SSR:
    ./app/admin/page.tsx [Client Component SSR]
    ./app/admin/page.tsx [Server Component] @ http://localhost:3000/_next/static/chunks/node_modules_next_dist_115brz8._.js:3272
[ 1030175ms] [ERROR] ./app/admin/page.tsx:667:15
the name `currentSkill` is defined multiple times
  665 |         if (!currentSkill) return;
  666 |
> 667 |         const currentSkill = newSkills[index];
      |               ^^^^^^^^^^^^
  668 |         const normalizedSkill = typeof currentSkill === 'object' && currentSkill !== null
  669 |             ? currentSkill
  670 |             : {

Ecmascript file had an error

Import traces:
  Client Component Browser:
    ./app/admin/page.tsx [Client Component Browser]
    ./app/admin/page.tsx [Server Component]

  Client Component SSR:
    ./app/admin/page.tsx [Client Component SSR]
    ./app/admin/page.tsx [Server Component] @ http://localhost:3000/_next/static/chunks/node_modules_next_dist_115brz8._.js:3272
[ 1030281ms] [LOG] [Fast Refresh] rebuilding @ http://localhost:3000/_next/static/chunks/node_modules_next_dist_115brz8._.js:2431
[ 1031459ms] [ERROR] ./app/admin/page.tsx
Error evaluating Node.js code
SyntaxError: C:\Users\FUJITSU\Documents\PROJECTS\8w6s_profile\app\admin\page.tsx: Identifier 'currentSkill' has already been declared. (667:14)

  665 |         if (!currentSkill) return;
  666 |
> 667 |         const currentSkill = newSkills[index];
      |               ^
  668 |         const normalizedSkill = typeof currentSkill === 'object' && currentSkill !== null
  669 |             ? currentSkill
  670 |             : {
  (from C:\Users\FUJITSU\Documents\PROJECTS\8w6s_profile\node_modules\next\dist\build\babel\loader\index.js)
    [at constructor (C:\Users\FUJITSU\Documents\PROJECTS\8w6s_profile\node_modules\next\dist\compiled\babel\bundle.js:191:137105)]
    [at TypeScriptParserMixin.raise (C:\Users\FUJITSU\Documents\PROJECTS\8w6s_profile\node_modules\next\dist\compiled\babel\bundle.js:191:194164)]
    [at TypeScriptScopeHandler.checkRedeclarationInScope (C:\Users\FUJITSU\Documents\PROJECTS\8w6s_profile\node_modules\next\dist\compiled\babel\bundle.js:191:163166)]
    [at TypeScriptScopeHandler.declareName (C:\Users\FUJITSU\Documents\PROJECTS\8w6s_profile\node_modules\next\dist\compiled\babel\bundle.js:191:162529)]
    [at TypeScriptScopeHandler.declareName (C:\Users\FUJITSU\Documents\PROJECTS\8w6s_profile\node_modules\next\dist\compiled\babel\bundle.js:191:271160)]
    [at TypeScriptParserMixin.declareNameFromIdentifier (C:\Users\FUJITSU\Documents\PROJECTS\8w6s_profile\node_modules\next\dist\compiled\babel\bundle.js:191:279226)]
    [at TypeScriptParserMixin.checkIdentifier (C:\Users\FUJITSU\Documents\PROJECTS\8w6s_profile\node_modules\next\dist\compiled\babel\bundle.js:191:279152)]
    [at TypeScriptParserMixin.checkLVal (C:\Users\FUJITSU\Documents\PROJECTS\8w6s_profile\node_modules\next\dist\compiled\babel\bundle.js:191:278197)]
    [at TypeScriptParserMixin.parseVarId (C:\Users\FUJITSU\Documents\PROJECTS\8w6s_profile\node_modules\next\dist\compiled\babel\bundle.js:191:403644)]
    [at TypeScriptParserMixin.parseVarId (C:\Users\FUJITSU\Documents\PROJECTS\8w6s_profile\node_modules\next\dist\compiled\babel\bundle.js:191:329902)]
    [at TypeScriptParserMixin.parseVar (C:\Users\FUJITSU\Documents\PROJECTS\8w6s_profile\node_modules\next\dist\compiled\babel\bundle.js:191:402884)]
    [at TypeScriptParserMixin.parseVarStatement (C:\Users\FUJITSU\Documents\PROJECTS\8w6s_profile\node_modules\next\dist\compiled\babel\bundle.js:191:399366)]
    [at TypeScriptParserMixin.parseVarStatement (C:\Users\FUJITSU\Documents\PROJECTS\8w6s_profile\node_modules\next\dist\compiled\babel\bundle.js:191:323322)]
    [at TypeScriptParserMixin.parseStatementContent (C:\Users\FUJITSU\Documents\PROJECTS\8w6s_profile\node_modules\next\dist\compiled\babel\bundle.js:191:391398)]
    [at TypeScriptParserMixin.parseStatementContent (C:\Users\FUJITSU\Documents\PROJECTS\8w6s_profile\node_modules\next\dist\compiled\babel\bundle.js:191:324042)]
    [at TypeScriptParserMixin.parseStatementLike (C:\Users\FUJITSU\Documents\PROJECTS\8w6s_profile\node_modules\next\dist\compiled\babel\bundle.js:191:389494)]
    [at TypeScriptParserMixin.parseStatementListItem (C:\Users\FUJITSU\Documents\PROJECTS\8w6s_profile\node_modules\next\dist\compiled\babel\bundle.js:191:389120)]
    [at TypeScriptParserMixin.parseBlockOrModuleBlockBody (C:\Users\FUJITSU\Documents\PROJECTS\8w6s_profile\node_modules\next\dist\compiled\babel\bundle.js:191:401423)]
    [at TypeScriptParserMixin.parseBlockBody (C:\Users\FUJITSU\Documents\PROJECTS\8w6s_profile\node_modules\next\dist\compiled\babel\bundle.js:191:401223)]
    [at TypeScriptParserMixin.parseBlock (C:\Users\FUJITSU\Documents\PROJECTS\8w6s_profile\node_modules\next\dist\compiled\babel\bundle.js:191:400923)]
    [at TypeScriptParserMixin.parseFunctionBody (C:\Users\FUJITSU\Documents\PROJECTS\8w6s_profile\node_modules\next\dist\compiled\babel\bundle.js:191:378053)]
    [at TypeScriptParserMixin.parseArrowExpression (C:\Users\FUJITSU\Documents\PROJECTS\8w6s_profile\node_modules\next\dist\compiled\babel\bundle.js:191:377398)]
    [at TypeScriptParserMixin.parseParenAndDistinguishExpression (C:\Users\FUJITSU\Documents\PROJECTS\8w6s_profile\node_modules\next\dist\compiled\babel\bundle.js:191:369594)]
    [at TypeScriptParserMixin.parseExprAtom (C:\Users\FUJITSU\Documents\PROJECTS\8w6s_profile\node_modules\next\dist\compiled\babel\bundle.js:191:361477)]
    [at TypeScriptParserMixin.parseExprAtom (C:\Users\FUJITSU\Documents\PROJECTS\8w6s_profile\node_modules\next\dist\compiled\babel\bundle.js:191:269272)]
    [at TypeScriptParserMixin.parseExprSubscripts (C:\Users\FUJITSU\Documents\PROJECTS\8w6s_profile\node_modules\next\dist\compiled\babel\bundle.js:191:356364)]
    [at TypeScriptParserMixin.parseUpdate (C:\Users\FUJITSU\Documents\PROJECTS\8w6s_profile\node_modules\next\dist\compiled\babel\bundle.js:191:355963)]
    [at TypeScriptParserMixin.parseMaybeUnary (C:\Users\FUJITSU\Documents\PROJECTS\8w6s_profile\node_modules\next\dist\compiled\babel\bundle.js:191:355527)]
    [at TypeScriptParserMixin.parseMaybeUnary (C:\Users\FUJITSU\Documents\PROJECTS\8w6s_profile\node_modules\next\dist\compiled\babel\bundle.js:191:331837)]
    [at TypeScriptParserMixin.parseMaybeUnaryOrPrivate (C:\Users\FUJITSU\Documents\PROJECTS\8w6s_profile\node_modules\next\dist\compiled\babel\bundle.js:191:352169)]
    [at TypeScriptParserMixin.parseExprOps (C:\Users\FUJITSU\Documents\PROJECTS\8w6s_profile\node_modules\next\dist\compiled\babel\bundle.js:191:352281)]
    [at TypeScriptParserMixin.parseMaybeConditional (C:\Users\FUJITSU\Documents\PROJECTS\8w6s_profile\node_modules\next\dist\compiled\babel\bundle.js:191:351760)]
    [at TypeScriptParserMixin.parseMaybeAssign (C:\Users\FUJITSU\Documents\PROJECTS\8w6s_profile\node_modules\next\dist\compiled\babel\bundle.js:191:350714)]
    [at TypeScriptParserMixin.parseMaybeAssign (C:\Users\FUJITSU\Documents\PROJECTS\8w6s_profile\node_modules\next\dist\compiled\babel\bundle.js:191:330620)]
    [at C:\Users\FUJITSU\Documents\PROJECTS\8w6s_profile\node_modules\next\dist\compiled\babel\bundle.js:191:350260]
    [at TypeScriptParserMixin.allowInAnd (C:\Users\FUJITSU\Documents\PROJECTS\8w6s_profile\node_modules\next\dist\compiled\babel\bundle.js:191:383926)]
    [at TypeScriptParserMixin.parseMaybeAssignAllowIn (C:\Users\FUJITSU\Documents\PROJECTS\8w6s_profile\node_modules\next\dist\compiled\babel\bundle.js:191:350239)]
    [at TypeScriptParserMixin.parseVar (C:\Users\FUJITSU\Documents\PROJECTS\8w6s_profile\node_modules\next\dist\compiled\babel\bundle.js:191:402967)]
    [at TypeScriptParserMixin.parseVarStatement (C:\Users\FUJITSU\Documents\PROJECTS\8w6s_profile\node_modules\next\dist\compiled\babel\bundle.js:191:399366)]
    [at TypeScriptParserMixin.parseVarStatement (C:\Users\FUJITSU\Documents\PROJECTS\8w6s_profile\node_modules\next\dist\compiled\babel\bundle.js:191:323322)]
    [at TypeScriptParserMixin.parseStatementContent (C:\Users\FUJITSU\Documents\PROJECTS\8w6s_profile\node_modules\next\dist\compiled\babel\bundle.js:191:391398)]
    [at TypeScriptParserMixin.parseStatementContent (C:\Users\FUJITSU\Documents\PROJECTS\8w6s_profile\node_modules\next\dist\compiled\babel\bundle.js:191:324042)]
    [at TypeScriptParserMixin.parseStatementLike (C:\Users\FUJITSU\Documents\PROJECTS\8w6s_profile\node_modules\next\dist\compiled\babel\bundle.js:191:389494)]
    [at TypeScriptParserMixin.parseStatementListItem (C:\Users\FUJITSU\Documents\PROJECTS\8w6s_profile\node_modules\next\dist\compiled\babel\bundle.js:191:389120)]
    [at TypeScriptParserMixin.parseBlockOrModuleBlockBody (C:\Users\FUJITSU\Documents\PROJECTS\8w6s_profile\node_modules\next\dist\compiled\babel\bundle.js:191:401423)]
    [at TypeScriptParserMixin.parseBlockBody (C:\Users\FUJITSU\Documents\PROJECTS\8w6s_profile\node_modules\next\dist\compiled\babel\bundle.js:191:401223)]
    [at TypeScriptParserMixin.parseBlock (C:\Users\FUJITSU\Documents\PROJECTS\8w6s_profile\node_modules\next\dist\compiled\babel\bundle.js:191:400923)]
    [at TypeScriptParserMixin.parseFunctionBody (C:\Users\FUJITSU\Documents\PROJECTS\8w6s_profile\node_modules\next\dist\compiled\babel\bundle.js:191:378053)]
    [at TypeScriptParserMixin.parseFunctionBodyAndFinish (C:\Users\FUJITSU\Documents\PROJECTS\8w6s_profile\node_modules\next\dist\compiled\babel\bundle.js:191:377675)]
    [at TypeScriptParserMixin.parseFunctionBodyAndFinish (C:\Users\FUJITSU\Documents\PROJECTS\8w6s_profile\node_modules\next\dist\compiled\babel\bundle.js:191:318173)]

Import traces:
  Client Component Browser:
    ./app/admin/page.tsx [Client Component Browser]
    ./app/admin/page.tsx [Server Component]

  Client Component SSR:
    ./app/admin/page.tsx [Client Component SSR]
    ./app/admin/page.tsx [Server Component] @ http://localhost:3000/_next/static/chunks/node_modules_next_dist_115brz8._.js:3272
[ 1031460ms] [ERROR] ./app/admin/page.tsx:667:15
the name `currentSkill` is defined multiple times
  665 |         if (!currentSkill) return;
  666 |
> 667 |         const currentSkill = newSkills[index];
      |               ^^^^^^^^^^^^
  668 |         const normalizedSkill = typeof currentSkill === 'object' && currentSkill !== null
  669 |             ? currentSkill
  670 |             : {

Ecmascript file had an error

Import traces:
  Client Component Browser:
    ./app/admin/page.tsx [Client Component Browser]
    ./app/admin/page.tsx [Server Component]

  Client Component SSR:
    ./app/admin/page.tsx [Client Component SSR]
    ./app/admin/page.tsx [Server Component] @ http://localhost:3000/_next/static/chunks/node_modules_next_dist_115brz8._.js:3272
[ 1031487ms] [ERROR] Failed to load resource: the server responded with a status of 500 (Internal Server Error) @ http://localhost:3000/admin?_rsc=1nq8r:0
[ 1031603ms] [LOG] [Fast Refresh] rebuilding @ http://localhost:3000/_next/static/chunks/node_modules_next_dist_115brz8._.js:2431
[ 1031605ms] [ERROR] ./app/admin/page.tsx
Error evaluating Node.js code
SyntaxError: C:\Users\FUJITSU\Documents\PROJECTS\8w6s_profile\app\admin\page.tsx: Identifier 'currentSkill' has already been declared. (667:14)

  665 |         if (!currentSkill) return;
  666 |
> 667 |         const currentSkill = newSkills[index];
      |               ^
  668 |         const normalizedSkill = typeof currentSkill === 'object' && currentSkill !== null
  669 |             ? currentSkill
  670 |             : {
  (from C:\Users\FUJITSU\Documents\PROJECTS\8w6s_profile\node_modules\next\dist\build\babel\loader\index.js)
    [at constructor (C:\Users\FUJITSU\Documents\PROJECTS\8w6s_profile\node_modules\next\dist\compiled\babel\bundle.js:191:137105)]
    [at TypeScriptParserMixin.raise (C:\Users\FUJITSU\Documents\PROJECTS\8w6s_profile\node_modules\next\dist\compiled\babel\bundle.js:191:194164)]
    [at TypeScriptScopeHandler.checkRedeclarationInScope (C:\Users\FUJITSU\Documents\PROJECTS\8w6s_profile\node_modules\next\dist\compiled\babel\bundle.js:191:163166)]
    [at TypeScriptScopeHandler.declareName (C:\Users\FUJITSU\Documents\PROJECTS\8w6s_profile\node_modules\next\dist\compiled\babel\bundle.js:191:162529)]
    [at TypeScriptScopeHandler.declareName (C:\Users\FUJITSU\Documents\PROJECTS\8w6s_profile\node_modules\next\dist\compiled\babel\bundle.js:191:271160)]
    [at TypeScriptParserMixin.declareNameFromIdentifier (C:\Users\FUJITSU\Documents\PROJECTS\8w6s_profile\node_modules\next\dist\compiled\babel\bundle.js:191:279226)]
    [at TypeScriptParserMixin.checkIdentifier (C:\Users\FUJITSU\Documents\PROJECTS\8w6s_profile\node_modules\next\dist\compiled\babel\bundle.js:191:279152)]
    [at TypeScriptParserMixin.checkLVal (C:\Users\FUJITSU\Documents\PROJECTS\8w6s_profile\node_modules\next\dist\compiled\babel\bundle.js:191:278197)]
    [at TypeScriptParserMixin.parseVarId (C:\Users\FUJITSU\Documents\PROJECTS\8w6s_profile\node_modules\next\dist\compiled\babel\bundle.js:191:403644)]
    [at TypeScriptParserMixin.parseVarId (C:\Users\FUJITSU\Documents\PROJECTS\8w6s_profile\node_modules\next\dist\compiled\babel\bundle.js:191:329902)]
    [at TypeScriptParserMixin.parseVar (C:\Users\FUJITSU\Documents\PROJECTS\8w6s_profile\node_modules\next\dist\compiled\babel\bundle.js:191:402884)]
    [at TypeScriptParserMixin.parseVarStatement (C:\Users\FUJITSU\Documents\PROJECTS\8w6s_profile\node_modules\next\dist\compiled\babel\bundle.js:191:399366)]
    [at TypeScriptParserMixin.parseVarStatement (C:\Users\FUJITSU\Documents\PROJECTS\8w6s_profile\node_modules\next\dist\compiled\babel\bundle.js:191:323322)]
    [at TypeScriptParserMixin.parseStatementContent (C:\Users\FUJITSU\Documents\PROJECTS\8w6s_profile\node_modules\next\dist\compiled\babel\bundle.js:191:391398)]
    [at TypeScriptParserMixin.parseStatementContent (C:\Users\FUJITSU\Documents\PROJECTS\8w6s_profile\node_modules\next\dist\compiled\babel\bundle.js:191:324042)]
    [at TypeScriptParserMixin.parseStatementLike (C:\Users\FUJITSU\Documents\PROJECTS\8w6s_profile\node_modules\next\dist\compiled\babel\bundle.js:191:389494)]
    [at TypeScriptParserMixin.parseStatementListItem (C:\Users\FUJITSU\Documents\PROJECTS\8w6s_profile\node_modules\next\dist\compiled\babel\bundle.js:191:389120)]
    [at TypeScriptParserMixin.parseBlockOrModuleBlockBody (C:\Users\FUJITSU\Documents\PROJECTS\8w6s_profile\node_modules\next\dist\compiled\babel\bundle.js:191:401423)]
    [at TypeScriptParserMixin.parseBlockBody (C:\Users\FUJITSU\Documents\PROJECTS\8w6s_profile\node_modules\next\dist\compiled\babel\bundle.js:191:401223)]
    [at TypeScriptParserMixin.parseBlock (C:\Users\FUJITSU\Documents\PROJECTS\8w6s_profile\node_modules\next\dist\compiled\babel\bundle.js:191:400923)]
    [at TypeScriptParserMixin.parseFunctionBody (C:\Users\FUJITSU\Documents\PROJECTS\8w6s_profile\node_modules\next\dist\compiled\babel\bundle.js:191:378053)]
    [at TypeScriptParserMixin.parseArrowExpression (C:\Users\FUJITSU\Documents\PROJECTS\8w6s_profile\node_modules\next\dist\compiled\babel\bundle.js:191:377398)]
    [at TypeScriptParserMixin.parseParenAndDistinguishExpression (C:\Users\FUJITSU\Documents\PROJECTS\8w6s_profile\node_modules\next\dist\compiled\babel\bundle.js:191:369594)]
    [at TypeScriptParserMixin.parseExprAtom (C:\Users\FUJITSU\Documents\PROJECTS\8w6s_profile\node_modules\next\dist\compiled\babel\bundle.js:191:361477)]
    [at TypeScriptParserMixin.parseExprAtom (C:\Users\FUJITSU\Documents\PROJECTS\8w6s_profile\node_modules\next\dist\compiled\babel\bundle.js:191:269272)]
    [at TypeScriptParserMixin.parseExprSubscripts (C:\Users\FUJITSU\Documents\PROJECTS\8w6s_profile\node_modules\next\dist\compiled\babel\bundle.js:191:356364)]
    [at TypeScriptParserMixin.parseUpdate (C:\Users\FUJITSU\Documents\PROJECTS\8w6s_profile\node_modules\next\dist\compiled\babel\bundle.js:191:355963)]
    [at TypeScriptParserMixin.parseMaybeUnary (C:\Users\FUJITSU\Documents\PROJECTS\8w6s_profile\node_modules\next\dist\compiled\babel\bundle.js:191:355527)]
    [at TypeScriptParserMixin.parseMaybeUnary (C:\Users\FUJITSU\Documents\PROJECTS\8w6s_profile\node_modules\next\dist\compiled\babel\bundle.js:191:331837)]
    [at TypeScriptParserMixin.parseMaybeUnaryOrPrivate (C:\Users\FUJITSU\Documents\PROJECTS\8w6s_profile\node_modules\next\dist\compiled\babel\bundle.js:191:352169)]
    [at TypeScriptParserMixin.parseExprOps (C:\Users\FUJITSU\Documents\PROJECTS\8w6s_profile\node_modules\next\dist\compiled\babel\bundle.js:191:352281)]
    [at TypeScriptParserMixin.parseMaybeConditional (C:\Users\FUJITSU\Documents\PROJECTS\8w6s_profile\node_modules\next\dist\compiled\babel\bundle.js:191:351760)]
    [at TypeScriptParserMixin.parseMaybeAssign (C:\Users\FUJITSU\Documents\PROJECTS\8w6s_profile\node_modules\next\dist\compiled\babel\bundle.js:191:350714)]
    [at TypeScriptParserMixin.parseMaybeAssign (C:\Users\FUJITSU\Documents\PROJECTS\8w6s_profile\node_modules\next\dist\compiled\babel\bundle.js:191:330620)]
    [at C:\Users\FUJITSU\Documents\PROJECTS\8w6s_profile\node_modules\next\dist\compiled\babel\bundle.js:191:350260]
    [at TypeScriptParserMixin.allowInAnd (C:\Users\FUJITSU\Documents\PROJECTS\8w6s_profile\node_modules\next\dist\compiled\babel\bundle.js:191:383926)]
    [at TypeScriptParserMixin.parseMaybeAssignAllowIn (C:\Users\FUJITSU\Documents\PROJECTS\8w6s_profile\node_modules\next\dist\compiled\babel\bundle.js:191:350239)]
    [at TypeScriptParserMixin.parseVar (C:\Users\FUJITSU\Documents\PROJECTS\8w6s_profile\node_modules\next\dist\compiled\babel\bundle.js:191:402967)]
    [at TypeScriptParserMixin.parseVarStatement (C:\Users\FUJITSU\Documents\PROJECTS\8w6s_profile\node_modules\next\dist\compiled\babel\bundle.js:191:399366)]
    [at TypeScriptParserMixin.parseVarStatement (C:\Users\FUJITSU\Documents\PROJECTS\8w6s_profile\node_modules\next\dist\compiled\babel\bundle.js:191:323322)]
    [at TypeScriptParserMixin.parseStatementContent (C:\Users\FUJITSU\Documents\PROJECTS\8w6s_profile\node_modules\next\dist\compiled\babel\bundle.js:191:391398)]
    [at TypeScriptParserMixin.parseStatementContent (C:\Users\FUJITSU\Documents\PROJECTS\8w6s_profile\node_modules\next\dist\compiled\babel\bundle.js:191:324042)]
    [at TypeScriptParserMixin.parseStatementLike (C:\Users\FUJITSU\Documents\PROJECTS\8w6s_profile\node_modules\next\dist\compiled\babel\bundle.js:191:389494)]
    [at TypeScriptParserMixin.parseStatementListItem (C:\Users\FUJITSU\Documents\PROJECTS\8w6s_profile\node_modules\next\dist\compiled\babel\bundle.js:191:389120)]
    [at TypeScriptParserMixin.parseBlockOrModuleBlockBody (C:\Users\FUJITSU\Documents\PROJECTS\8w6s_profile\node_modules\next\dist\compiled\babel\bundle.js:191:401423)]
    [at TypeScriptParserMixin.parseBlockBody (C:\Users\FUJITSU\Documents\PROJECTS\8w6s_profile\node_modules\next\dist\compiled\babel\bundle.js:191:401223)]
    [at TypeScriptParserMixin.parseBlock (C:\Users\FUJITSU\Documents\PROJECTS\8w6s_profile\node_modules\next\dist\compiled\babel\bundle.js:191:400923)]
    [at TypeScriptParserMixin.parseFunctionBody (C:\Users\FUJITSU\Documents\PROJECTS\8w6s_profile\node_modules\next\dist\compiled\babel\bundle.js:191:378053)]
    [at TypeScriptParserMixin.parseFunctionBodyAndFinish (C:\Users\FUJITSU\Documents\PROJECTS\8w6s_profile\node_modules\next\dist\compiled\babel\bundle.js:191:377675)]
    [at TypeScriptParserMixin.parseFunctionBodyAndFinish (C:\Users\FUJITSU\Documents\PROJECTS\8w6s_profile\node_modules\next\dist\compiled\babel\bundle.js:191:318173)]

Import traces:
  Client Component Browser:
    ./app/admin/page.tsx [Client Component Browser]
    ./app/admin/page.tsx [Server Component]

  Client Component SSR:
    ./app/admin/page.tsx [Client Component SSR]
    ./app/admin/page.tsx [Server Component] @ http://localhost:3000/_next/static/chunks/node_modules_next_dist_115brz8._.js:3272
[ 1031606ms] [ERROR] ./app/admin/page.tsx:667:15
the name `currentSkill` is defined multiple times
  665 |         if (!currentSkill) return;
  666 |
> 667 |         const currentSkill = newSkills[index];
      |               ^^^^^^^^^^^^
  668 |         const normalizedSkill = typeof currentSkill === 'object' && currentSkill !== null
  669 |             ? currentSkill
  670 |             : {

Ecmascript file had an error

Import traces:
  Client Component Browser:
    ./app/admin/page.tsx [Client Component Browser]
    ./app/admin/page.tsx [Server Component]

  Client Component SSR:
    ./app/admin/page.tsx [Client Component SSR]
    ./app/admin/page.tsx [Server Component] @ http://localhost:3000/_next/static/chunks/node_modules_next_dist_115brz8._.js:3272
[ 1031607ms] [ERROR] Failed to load resource: the server responded with a status of 500 (Internal Server Error) @ http://localhost:3000/admin?_rsc=1nq8r:0
[ 1031885ms] [ERROR] ./app/admin/page.tsx
Error evaluating Node.js code
SyntaxError: C:\Users\FUJITSU\Documents\PROJECTS\8w6s_profile\app\admin\page.tsx: Identifier 'currentSkill' has already been declared. (667:14)

  665 |         if (!currentSkill) return;
  666 |
> 667 |         const currentSkill = newSkills[index];
      |               ^
  668 |         const normalizedSkill = typeof currentSkill === 'object' && currentSkill !== null
  669 |             ? currentSkill
  670 |             : {
  (from C:\Users\FUJITSU\Documents\PROJECTS\8w6s_profile\node_modules\next\dist\build\babel\loader\index.js)
    [at constructor (C:\Users\FUJITSU\Documents\PROJECTS\8w6s_profile\node_modules\next\dist\compiled\babel\bundle.js:191:137105)]
    [at TypeScriptParserMixin.raise (C:\Users\FUJITSU\Documents\PROJECTS\8w6s_profile\node_modules\next\dist\compiled\babel\bundle.js:191:194164)]
    [at TypeScriptScopeHandler.checkRedeclarationInScope (C:\Users\FUJITSU\Documents\PROJECTS\8w6s_profile\node_modules\next\dist\compiled\babel\bundle.js:191:163166)]
    [at TypeScriptScopeHandler.declareName (C:\Users\FUJITSU\Documents\PROJECTS\8w6s_profile\node_modules\next\dist\compiled\babel\bundle.js:191:162529)]
    [at TypeScriptScopeHandler.declareName (C:\Users\FUJITSU\Documents\PROJECTS\8w6s_profile\node_modules\next\dist\compiled\babel\bundle.js:191:271160)]
    [at TypeScriptParserMixin.declareNameFromIdentifier (C:\Users\FUJITSU\Documents\PROJECTS\8w6s_profile\node_modules\next\dist\compiled\babel\bundle.js:191:279226)]
    [at TypeScriptParserMixin.checkIdentifier (C:\Users\FUJITSU\Documents\PROJECTS\8w6s_profile\node_modules\next\dist\compiled\babel\bundle.js:191:279152)]
    [at TypeScriptParserMixin.checkLVal (C:\Users\FUJITSU\Documents\PROJECTS\8w6s_profile\node_modules\next\dist\compiled\babel\bundle.js:191:278197)]
    [at TypeScriptParserMixin.parseVarId (C:\Users\FUJITSU\Documents\PROJECTS\8w6s_profile\node_modules\next\dist\compiled\babel\bundle.js:191:403644)]
    [at TypeScriptParserMixin.parseVarId (C:\Users\FUJITSU\Documents\PROJECTS\8w6s_profile\node_modules\next\dist\compiled\babel\bundle.js:191:329902)]
    [at TypeScriptParserMixin.parseVar (C:\Users\FUJITSU\Documents\PROJECTS\8w6s_profile\node_modules\next\dist\compiled\babel\bundle.js:191:402884)]
    [at TypeScriptParserMixin.parseVarStatement (C:\Users\FUJITSU\Documents\PROJECTS\8w6s_profile\node_modules\next\dist\compiled\babel\bundle.js:191:399366)]
    [at TypeScriptParserMixin.parseVarStatement (C:\Users\FUJITSU\Documents\PROJECTS\8w6s_profile\node_modules\next\dist\compiled\babel\bundle.js:191:323322)]
    [at TypeScriptParserMixin.parseStatementContent (C:\Users\FUJITSU\Documents\PROJECTS\8w6s_profile\node_modules\next\dist\compiled\babel\bundle.js:191:391398)]
    [at TypeScriptParserMixin.parseStatementContent (C:\Users\FUJITSU\Documents\PROJECTS\8w6s_profile\node_modules\next\dist\compiled\babel\bundle.js:191:324042)]
    [at TypeScriptParserMixin.parseStatementLike (C:\Users\FUJITSU\Documents\PROJECTS\8w6s_profile\node_modules\next\dist\compiled\babel\bundle.js:191:389494)]
    [at TypeScriptParserMixin.parseStatementListItem (C:\Users\FUJITSU\Documents\PROJECTS\8w6s_profile\node_modules\next\dist\compiled\babel\bundle.js:191:389120)]
    [at TypeScriptParserMixin.parseBlockOrModuleBlockBody (C:\Users\FUJITSU\Documents\PROJECTS\8w6s_profile\node_modules\next\dist\compiled\babel\bundle.js:191:401423)]
    [at TypeScriptParserMixin.parseBlockBody (C:\Users\FUJITSU\Documents\PROJECTS\8w6s_profile\node_modules\next\dist\compiled\babel\bundle.js:191:401223)]
    [at TypeScriptParserMixin.parseBlock (C:\Users\FUJITSU\Documents\PROJECTS\8w6s_profile\node_modules\next\dist\compiled\babel\bundle.js:191:400923)]
    [at TypeScriptParserMixin.parseFunctionBody (C:\Users\FUJITSU\Documents\PROJECTS\8w6s_profile\node_modules\next\dist\compiled\babel\bundle.js:191:378053)]
    [at TypeScriptParserMixin.parseArrowExpression (C:\Users\FUJITSU\Documents\PROJECTS\8w6s_profile\node_modules\next\dist\compiled\babel\bundle.js:191:377398)]
    [at TypeScriptParserMixin.parseParenAndDistinguishExpression (C:\Users\FUJITSU\Documents\PROJECTS\8w6s_profile\node_modules\next\dist\compiled\babel\bundle.js:191:369594)]
    [at TypeScriptParserMixin.parseExprAtom (C:\Users\FUJITSU\Documents\PROJECTS\8w6s_profile\node_modules\next\dist\compiled\babel\bundle.js:191:361477)]
    [at TypeScriptParserMixin.parseExprAtom (C:\Users\FUJITSU\Documents\PROJECTS\8w6s_profile\node_modules\next\dist\compiled\babel\bundle.js:191:269272)]
    [at TypeScriptParserMixin.parseExprSubscripts (C:\Users\FUJITSU\Documents\PROJECTS\8w6s_profile\node_modules\next\dist\compiled\babel\bundle.js:191:356364)]
    [at TypeScriptParserMixin.parseUpdate (C:\Users\FUJITSU\Documents\PROJECTS\8w6s_profile\node_modules\next\dist\compiled\babel\bundle.js:191:355963)]
    [at TypeScriptParserMixin.parseMaybeUnary (C:\Users\FUJITSU\Documents\PROJECTS\8w6s_profile\node_modules\next\dist\compiled\babel\bundle.js:191:355527)]
    [at TypeScriptParserMixin.parseMaybeUnary (C:\Users\FUJITSU\Documents\PROJECTS\8w6s_profile\node_modules\next\dist\compiled\babel\bundle.js:191:331837)]
    [at TypeScriptParserMixin.parseMaybeUnaryOrPrivate (C:\Users\FUJITSU\Documents\PROJECTS\8w6s_profile\node_modules\next\dist\compiled\babel\bundle.js:191:352169)]
    [at TypeScriptParserMixin.parseExprOps (C:\Users\FUJITSU\Documents\PROJECTS\8w6s_profile\node_modules\next\dist\compiled\babel\bundle.js:191:352281)]
    [at TypeScriptParserMixin.parseMaybeConditional (C:\Users\FUJITSU\Documents\PROJECTS\8w6s_profile\node_modules\next\dist\compiled\babel\bundle.js:191:351760)]
    [at TypeScriptParserMixin.parseMaybeAssign (C:\Users\FUJITSU\Documents\PROJECTS\8w6s_profile\node_modules\next\dist\compiled\babel\bundle.js:191:350714)]
    [at TypeScriptParserMixin.parseMaybeAssign (C:\Users\FUJITSU\Documents\PROJECTS\8w6s_profile\node_modules\next\dist\compiled\babel\bundle.js:191:330620)]
    [at C:\Users\FUJITSU\Documents\PROJECTS\8w6s_profile\node_modules\next\dist\compiled\babel\bundle.js:191:350260]
    [at TypeScriptParserMixin.allowInAnd (C:\Users\FUJITSU\Documents\PROJECTS\8w6s_profile\node_modules\next\dist\compiled\babel\bundle.js:191:383926)]
    [at TypeScriptParserMixin.parseMaybeAssignAllowIn (C:\Users\FUJITSU\Documents\PROJECTS\8w6s_profile\node_modules\next\dist\compiled\babel\bundle.js:191:350239)]
    [at TypeScriptParserMixin.parseVar (C:\Users\FUJITSU\Documents\PROJECTS\8w6s_profile\node_modules\next\dist\compiled\babel\bundle.js:191:402967)]
    [at TypeScriptParserMixin.parseVarStatement (C:\Users\FUJITSU\Documents\PROJECTS\8w6s_profile\node_modules\next\dist\compiled\babel\bundle.js:191:399366)]
    [at TypeScriptParserMixin.parseVarStatement (C:\Users\FUJITSU\Documents\PROJECTS\8w6s_profile\node_modules\next\dist\compiled\babel\bundle.js:191:323322)]
    [at TypeScriptParserMixin.parseStatementContent (C:\Users\FUJITSU\Documents\PROJECTS\8w6s_profile\node_modules\next\dist\compiled\babel\bundle.js:191:391398)]
    [at TypeScriptParserMixin.parseStatementContent (C:\Users\FUJITSU\Documents\PROJECTS\8w6s_profile\node_modules\next\dist\compiled\babel\bundle.js:191:324042)]
    [at TypeScriptParserMixin.parseStatementLike (C:\Users\FUJITSU\Documents\PROJECTS\8w6s_profile\node_modules\next\dist\compiled\babel\bundle.js:191:389494)]
    [at TypeScriptParserMixin.parseStatementListItem (C:\Users\FUJITSU\Documents\PROJECTS\8w6s_profile\node_modules\next\dist\compiled\babel\bundle.js:191:389120)]
    [at TypeScriptParserMixin.parseBlockOrModuleBlockBody (C:\Users\FUJITSU\Documents\PROJECTS\8w6s_profile\node_modules\next\dist\compiled\babel\bundle.js:191:401423)]
    [at TypeScriptParserMixin.parseBlockBody (C:\Users\FUJITSU\Documents\PROJECTS\8w6s_profile\node_modules\next\dist\compiled\babel\bundle.js:191:401223)]
    [at TypeScriptParserMixin.parseBlock (C:\Users\FUJITSU\Documents\PROJECTS\8w6s_profile\node_modules\next\dist\compiled\babel\bundle.js:191:400923)]
    [at TypeScriptParserMixin.parseFunctionBody (C:\Users\FUJITSU\Documents\PROJECTS\8w6s_profile\node_modules\next\dist\compiled\babel\bundle.js:191:378053)]
    [at TypeScriptParserMixin.parseFunctionBodyAndFinish (C:\Users\FUJITSU\Documents\PROJECTS\8w6s_profile\node_modules\next\dist\compiled\babel\bundle.js:191:377675)]
    [at TypeScriptParserMixin.parseFunctionBodyAndFinish (C:\Users\FUJITSU\Documents\PROJECTS\8w6s_profile\node_modules\next\dist\compiled\babel\bundle.js:191:318173)]

Import traces:
  Client Component Browser:
    ./app/admin/page.tsx [Client Component Browser]
    ./app/admin/page.tsx [Server Component]

  Client Component SSR:
    ./app/admin/page.tsx [Client Component SSR]
    ./app/admin/page.tsx [Server Component] @ http://localhost:3000/_next/static/chunks/node_modules_next_dist_115brz8._.js:3272
[ 1031887ms] [ERROR] ./app/admin/page.tsx:667:15
the name `currentSkill` is defined multiple times
  665 |         if (!currentSkill) return;
  666 |
> 667 |         const currentSkill = newSkills[index];
      |               ^^^^^^^^^^^^
  668 |         const normalizedSkill = typeof currentSkill === 'object' && currentSkill !== null
  669 |             ? currentSkill
  670 |             : {

Ecmascript file had an error

Import traces:
  Client Component Browser:
    ./app/admin/page.tsx [Client Component Browser]
    ./app/admin/page.tsx [Server Component]

  Client Component SSR:
    ./app/admin/page.tsx [Client Component SSR]
    ./app/admin/page.tsx [Server Component] @ http://localhost:3000/_next/static/chunks/node_modules_next_dist_115brz8._.js:3272
[ 1031932ms] [ERROR] Failed to fetch profile: TypeError: Failed to fetch
    at ProfileProvider.useCallback[fetchProfile] (http://localhost:3000/_next/static/chunks/_10bo64u._.js:75:42)
    at ProfileProvider.useEffect.interval (http://localhost:3000/_next/static/chunks/_10bo64u._.js:103:21) @ http://localhost:3000/_next/static/chunks/node_modules_next_dist_115brz8._.js:3272
[ 1031963ms] [ERROR] Failed to load resource: the server responded with a status of 500 (Internal Server Error) @ http://localhost:3000/admin:0
[ 1032470ms] [INFO] %cDownload the React DevTools for a better development experience: https://react.dev/link/react-devtools font-weight:bold @ http://localhost:3000/_next/static/chunks/node_modules_react-dom_0bruynb._.js:15305
[ 1032835ms] Error: ./app/admin/page.tsx
Error evaluating Node.js code
SyntaxError: C:\Users\FUJITSU\Documents\PROJECTS\8w6s_profile\app\admin\page.tsx: Identifier 'currentSkill' has already been declared. (667:14)

  665 |         if (!currentSkill) return;
  666 |
> 667 |         const currentSkill = newSkills[index];
      |               ^
  668 |         const normalizedSkill = typeof currentSkill === 'object' && currentSkill !== null
  669 |             ? currentSkill
  670 |             : {
  (from C:\Users\FUJITSU\Documents\PROJECTS\8w6s_profile\node_modules\next\dist\build\babel\loader\index.js)
    [at constructor (C:\Users\FUJITSU\Documents\PROJECTS\8w6s_profile\node_modules\next\dist\compiled\babel\bundle.js:191:137105)]
    [at TypeScriptParserMixin.raise (C:\Users\FUJITSU\Documents\PROJECTS\8w6s_profile\node_modules\next\dist\compiled\babel\bundle.js:191:194164)]
    [at TypeScriptScopeHandler.checkRedeclarationInScope (C:\Users\FUJITSU\Documents\PROJECTS\8w6s_profile\node_modules\next\dist\compiled\babel\bundle.js:191:163166)]
    [at TypeScriptScopeHandler.declareName (C:\Users\FUJITSU\Documents\PROJECTS\8w6s_profile\node_modules\next\dist\compiled\babel\bundle.js:191:162529)]
    [at TypeScriptScopeHandler.declareName (C:\Users\FUJITSU\Documents\PROJECTS\8w6s_profile\node_modules\next\dist\compiled\babel\bundle.js:191:271160)]
    [at TypeScriptParserMixin.declareNameFromIdentifier (C:\Users\FUJITSU\Documents\PROJECTS\8w6s_profile\node_modules\next\dist\compiled\babel\bundle.js:191:279226)]
    [at TypeScriptParserMixin.checkIdentifier (C:\Users\FUJITSU\Documents\PROJECTS\8w6s_profile\node_modules\next\dist\compiled\babel\bundle.js:191:279152)]
    [at TypeScriptParserMixin.checkLVal (C:\Users\FUJITSU\Documents\PROJECTS\8w6s_profile\node_modules\next\dist\compiled\babel\bundle.js:191:278197)]
    [at TypeScriptParserMixin.parseVarId (C:\Users\FUJITSU\Documents\PROJECTS\8w6s_profile\node_modules\next\dist\compiled\babel\bundle.js:191:403644)]
    [at TypeScriptParserMixin.parseVarId (C:\Users\FUJITSU\Documents\PROJECTS\8w6s_profile\node_modules\next\dist\compiled\babel\bundle.js:191:329902)]
    [at TypeScriptParserMixin.parseVar (C:\Users\FUJITSU\Documents\PROJECTS\8w6s_profile\node_modules\next\dist\compiled\babel\bundle.js:191:402884)]
    [at TypeScriptParserMixin.parseVarStatement (C:\Users\FUJITSU\Documents\PROJECTS\8w6s_profile\node_modules\next\dist\compiled\babel\bundle.js:191:399366)]
    [at TypeScriptParserMixin.parseVarStatement (C:\Users\FUJITSU\Documents\PROJECTS\8w6s_profile\node_modules\next\dist\compiled\babel\bundle.js:191:323322)]
    [at TypeScriptParserMixin.parseStatementContent (C:\Users\FUJITSU\Documents\PROJECTS\8w6s_profile\node_modules\next\dist\compiled\babel\bundle.js:191:391398)]
    [at TypeScriptParserMixin.parseStatementContent (C:\Users\FUJITSU\Documents\PROJECTS\8w6s_profile\node_modules\next\dist\compiled\babel\bundle.js:191:324042)]
    [at TypeScriptParserMixin.parseStatementLike (C:\Users\FUJITSU\Documents\PROJECTS\8w6s_profile\node_modules\next\dist\compiled\babel\bundle.js:191:389494)]
    [at TypeScriptParserMixin.parseStatementListItem (C:\Users\FUJITSU\Documents\PROJECTS\8w6s_profile\node_modules\next\dist\compiled\babel\bundle.js:191:389120)]
    [at TypeScriptParserMixin.parseBlockOrModuleBlockBody (C:\Users\FUJITSU\Documents\PROJECTS\8w6s_profile\node_modules\next\dist\compiled\babel\bundle.js:191:401423)]
    [at TypeScriptParserMixin.parseBlockBody (C:\Users\FUJITSU\Documents\PROJECTS\8w6s_profile\node_modules\next\dist\compiled\babel\bundle.js:191:401223)]
    [at TypeScriptParserMixin.parseBlock (C:\Users\FUJITSU\Documents\PROJECTS\8w6s_profile\node_modules\next\dist\compiled\babel\bundle.js:191:400923)]
    [at TypeScriptParserMixin.parseFunctionBody (C:\Users\FUJITSU\Documents\PROJECTS\8w6s_profile\node_modules\next\dist\compiled\babel\bundle.js:191:378053)]
    [at TypeScriptParserMixin.parseArrowExpression (C:\Users\FUJITSU\Documents\PROJECTS\8w6s_profile\node_modules\next\dist\compiled\babel\bundle.js:191:377398)]
    [at TypeScriptParserMixin.parseParenAndDistinguishExpression (C:\Users\FUJITSU\Documents\PROJECTS\8w6s_profile\node_modules\next\dist\compiled\babel\bundle.js:191:369594)]
    [at TypeScriptParserMixin.parseExprAtom (C:\Users\FUJITSU\Documents\PROJECTS\8w6s_profile\node_modules\next\dist\compiled\babel\bundle.js:191:361477)]
    [at TypeScriptParserMixin.parseExprAtom (C:\Users\FUJITSU\Documents\PROJECTS\8w6s_profile\node_modules\next\dist\compiled\babel\bundle.js:191:269272)]
    [at TypeScriptParserMixin.parseExprSubscripts (C:\Users\FUJITSU\Documents\PROJECTS\8w6s_profile\node_modules\next\dist\compiled\babel\bundle.js:191:356364)]
    [at TypeScriptParserMixin.parseUpdate (C:\Users\FUJITSU\Documents\PROJECTS\8w6s_profile\node_modules\next\dist\compiled\babel\bundle.js:191:355963)]
    [at TypeScriptParserMixin.parseMaybeUnary (C:\Users\FUJITSU\Documents\PROJECTS\8w6s_profile\node_modules\next\dist\compiled\babel\bundle.js:191:355527)]
    [at TypeScriptParserMixin.parseMaybeUnary (C:\Users\FUJITSU\Documents\PROJECTS\8w6s_profile\node_modules\next\dist\compiled\babel\bundle.js:191:331837)]
    [at TypeScriptParserMixin.parseMaybeUnaryOrPrivate (C:\Users\FUJITSU\Documents\PROJECTS\8w6s_profile\node_modules\next\dist\compiled\babel\bundle.js:191:352169)]
    [at TypeScriptParserMixin.parseExprOps (C:\Users\FUJITSU\Documents\PROJECTS\8w6s_profile\node_modules\next\dist\compiled\babel\bundle.js:191:352281)]
    [at TypeScriptParserMixin.parseMaybeConditional (C:\Users\FUJITSU\Documents\PROJECTS\8w6s_profile\node_modules\next\dist\compiled\babel\bundle.js:191:351760)]
    [at TypeScriptParserMixin.parseMaybeAssign (C:\Users\FUJITSU\Documents\PROJECTS\8w6s_profile\node_modules\next\dist\compiled\babel\bundle.js:191:350714)]
    [at TypeScriptParserMixin.parseMaybeAssign (C:\Users\FUJITSU\Documents\PROJECTS\8w6s_profile\node_modules\next\dist\compiled\babel\bundle.js:191:330620)]
    [at C:\Users\FUJITSU\Documents\PROJECTS\8w6s_profile\node_modules\next\dist\compiled\babel\bundle.js:191:350260]
    [at TypeScriptParserMixin.allowInAnd (C:\Users\FUJITSU\Documents\PROJECTS\8w6s_profile\node_modules\next\dist\compiled\babel\bundle.js:191:383926)]
    [at TypeScriptParserMixin.parseMaybeAssignAllowIn (C:\Users\FUJITSU\Documents\PROJECTS\8w6s_profile\node_modules\next\dist\compiled\babel\bundle.js:191:350239)]
    [at TypeScriptParserMixin.parseVar (C:\Users\FUJITSU\Documents\PROJECTS\8w6s_profile\node_modules\next\dist\compiled\babel\bundle.js:191:402967)]
    [at TypeScriptParserMixin.parseVarStatement (C:\Users\FUJITSU\Documents\PROJECTS\8w6s_profile\node_modules\next\dist\compiled\babel\bundle.js:191:399366)]
    [at TypeScriptParserMixin.parseVarStatement (C:\Users\FUJITSU\Documents\PROJECTS\8w6s_profile\node_modules\next\dist\compiled\babel\bundle.js:191:323322)]
    [at TypeScriptParserMixin.parseStatementContent (C:\Users\FUJITSU\Documents\PROJECTS\8w6s_profile\node_modules\next\dist\compiled\babel\bundle.js:191:391398)]
    [at TypeScriptParserMixin.parseStatementContent (C:\Users\FUJITSU\Documents\PROJECTS\8w6s_profile\node_modules\next\dist\compiled\babel\bundle.js:191:324042)]
    [at TypeScriptParserMixin.parseStatementLike (C:\Users\FUJITSU\Documents\PROJECTS\8w6s_profile\node_modules\next\dist\compiled\babel\bundle.js:191:389494)]
    [at TypeScriptParserMixin.parseStatementListItem (C:\Users\FUJITSU\Documents\PROJECTS\8w6s_profile\node_modules\next\dist\compiled\babel\bundle.js:191:389120)]
    [at TypeScriptParserMixin.parseBlockOrModuleBlockBody (C:\Users\FUJITSU\Documents\PROJECTS\8w6s_profile\node_modules\next\dist\compiled\babel\bundle.js:191:401423)]
    [at TypeScriptParserMixin.parseBlockBody (C:\Users\FUJITSU\Documents\PROJECTS\8w6s_profile\node_modules\next\dist\compiled\babel\bundle.js:191:401223)]
    [at TypeScriptParserMixin.parseBlock (C:\Users\FUJITSU\Documents\PROJECTS\8w6s_profile\node_modules\next\dist\compiled\babel\bundle.js:191:400923)]
    [at TypeScriptParserMixin.parseFunctionBody (C:\Users\FUJITSU\Documents\PROJECTS\8w6s_profile\node_modules\next\dist\compiled\babel\bundle.js:191:378053)]
    [at TypeScriptParserMixin.parseFunctionBodyAndFinish (C:\Users\FUJITSU\Documents\PROJECTS\8w6s_profile\node_modules\next\dist\compiled\babel\bundle.js:191:377675)]
    [at TypeScriptParserMixin.parseFunctionBodyAndFinish (C:\Users\FUJITSU\Documents\PROJECTS\8w6s_profile\node_modules\next\dist\compiled\babel\bundle.js:191:318173)]

Import traces:
  Client Component Browser:
    ./app/admin/page.tsx [Client Component Browser]
    ./app/admin/page.tsx [Server Component]

  Client Component SSR:
    ./app/admin/page.tsx [Client Component SSR]
    ./app/admin/page.tsx [Server Component]


    at Object.getCompilationErrors (file://C:\Users\FUJITSU\Documents\PROJECTS\8w6s_profile\node_modules\next\dist\server\dev\hot-reloader-turbopack.js:1186:59)
    at DevBundlerService.getCompilationError (file://C:\Users\FUJITSU\Documents\PROJECTS\8w6s_profile\node_modules\next\dist\server\lib\dev-bundler-service.js:44:55)
    at DevServer.getCompilationError (file://C:\Users\FUJITSU\Documents\PROJECTS\8w6s_profile\node_modules\next\dist\server\dev\next-dev-server.js:719:42)
    at DevServer.findPageComponents (file://C:\Users\FUJITSU\Documents\PROJECTS\8w6s_profile\node_modules\next\dist\server\dev\next-dev-server.js:689:43)
    at async DevServer.renderErrorToResponseImpl (file://C:\Users\FUJITSU\Documents\PROJECTS\8w6s_profile\node_modules\next\dist\server\base-server.js:1745:26)
[ 1032802ms] [LOG] [HMR] connected @ http://localhost:3000/_next/static/chunks/node_modules_next_dist_0u_w_5s._.js:1226
[ 1032825ms] [ERROR] ./app/admin/page.tsx
Error evaluating Node.js code
SyntaxError: C:\Users\FUJITSU\Documents\PROJECTS\8w6s_profile\app\admin\page.tsx: Identifier 'currentSkill' has already been declared. (667:14)

  665 |         if (!currentSkill) return;
  666 |
> 667 |         const currentSkill = newSkills[index];
      |               ^
  668 |         const normalizedSkill = typeof currentSkill === 'object' && currentSkill !== null
  669 |             ? currentSkill
  670 |             : {
  (from C:\Users\FUJITSU\Documents\PROJECTS\8w6s_profile\node_modules\next\dist\build\babel\loader\index.js)
    [at constructor (C:\Users\FUJITSU\Documents\PROJECTS\8w6s_profile\node_modules\next\dist\compiled\babel\bundle.js:191:137105)]
    [at TypeScriptParserMixin.raise (C:\Users\FUJITSU\Documents\PROJECTS\8w6s_profile\node_modules\next\dist\compiled\babel\bundle.js:191:194164)]
    [at TypeScriptScopeHandler.checkRedeclarationInScope (C:\Users\FUJITSU\Documents\PROJECTS\8w6s_profile\node_modules\next\dist\compiled\babel\bundle.js:191:163166)]
    [at TypeScriptScopeHandler.declareName (C:\Users\FUJITSU\Documents\PROJECTS\8w6s_profile\node_modules\next\dist\compiled\babel\bundle.js:191:162529)]
    [at TypeScriptScopeHandler.declareName (C:\Users\FUJITSU\Documents\PROJECTS\8w6s_profile\node_modules\next\dist\compiled\babel\bundle.js:191:271160)]
    [at TypeScriptParserMixin.declareNameFromIdentifier (C:\Users\FUJITSU\Documents\PROJECTS\8w6s_profile\node_modules\next\dist\compiled\babel\bundle.js:191:279226)]
    [at TypeScriptParserMixin.checkIdentifier (C:\Users\FUJITSU\Documents\PROJECTS\8w6s_profile\node_modules\next\dist\compiled\babel\bundle.js:191:279152)]
    [at TypeScriptParserMixin.checkLVal (C:\Users\FUJITSU\Documents\PROJECTS\8w6s_profile\node_modules\next\dist\compiled\babel\bundle.js:191:278197)]
    [at TypeScriptParserMixin.parseVarId (C:\Users\FUJITSU\Documents\PROJECTS\8w6s_profile\node_modules\next\dist\compiled\babel\bundle.js:191:403644)]
    [at TypeScriptParserMixin.parseVarId (C:\Users\FUJITSU\Documents\PROJECTS\8w6s_profile\node_modules\next\dist\compiled\babel\bundle.js:191:329902)]
    [at TypeScriptParserMixin.parseVar (C:\Users\FUJITSU\Documents\PROJECTS\8w6s_profile\node_modules\next\dist\compiled\babel\bundle.js:191:402884)]
    [at TypeScriptParserMixin.parseVarStatement (C:\Users\FUJITSU\Documents\PROJECTS\8w6s_profile\node_modules\next\dist\compiled\babel\bundle.js:191:399366)]
    [at TypeScriptParserMixin.parseVarStatement (C:\Users\FUJITSU\Documents\PROJECTS\8w6s_profile\node_modules\next\dist\compiled\babel\bundle.js:191:323322)]
    [at TypeScriptParserMixin.parseStatementContent (C:\Users\FUJITSU\Documents\PROJECTS\8w6s_profile\node_modules\next\dist\compiled\babel\bundle.js:191:391398)]
    [at TypeScriptParserMixin.parseStatementContent (C:\Users\FUJITSU\Documents\PROJECTS\8w6s_profile\node_modules\next\dist\compiled\babel\bundle.js:191:324042)]
    [at TypeScriptParserMixin.parseStatementLike (C:\Users\FUJITSU\Documents\PROJECTS\8w6s_profile\node_modules\next\dist\compiled\babel\bundle.js:191:389494)]
    [at TypeScriptParserMixin.parseStatementListItem (C:\Users\FUJITSU\Documents\PROJECTS\8w6s_profile\node_modules\next\dist\compiled\babel\bundle.js:191:389120)]
    [at TypeScriptParserMixin.parseBlockOrModuleBlockBody (C:\Users\FUJITSU\Documents\PROJECTS\8w6s_profile\node_modules\next\dist\compiled\babel\bundle.js:191:401423)]
    [at TypeScriptParserMixin.parseBlockBody (C:\Users\FUJITSU\Documents\PROJECTS\8w6s_profile\node_modules\next\dist\compiled\babel\bundle.js:191:401223)]
    [at TypeScriptParserMixin.parseBlock (C:\Users\FUJITSU\Documents\PROJECTS\8w6s_profile\node_modules\next\dist\compiled\babel\bundle.js:191:400923)]
    [at TypeScriptParserMixin.parseFunctionBody (C:\Users\FUJITSU\Documents\PROJECTS\8w6s_profile\node_modules\next\dist\compiled\babel\bundle.js:191:378053)]
    [at TypeScriptParserMixin.parseArrowExpression (C:\Users\FUJITSU\Documents\PROJECTS\8w6s_profile\node_modules\next\dist\compiled\babel\bundle.js:191:377398)]
    [at TypeScriptParserMixin.parseParenAndDistinguishExpression (C:\Users\FUJITSU\Documents\PROJECTS\8w6s_profile\node_modules\next\dist\compiled\babel\bundle.js:191:369594)]
    [at TypeScriptParserMixin.parseExprAtom (C:\Users\FUJITSU\Documents\PROJECTS\8w6s_profile\node_modules\next\dist\compiled\babel\bundle.js:191:361477)]
    [at TypeScriptParserMixin.parseExprAtom (C:\Users\FUJITSU\Documents\PROJECTS\8w6s_profile\node_modules\next\dist\compiled\babel\bundle.js:191:269272)]
    [at TypeScriptParserMixin.parseExprSubscripts (C:\Users\FUJITSU\Documents\PROJECTS\8w6s_profile\node_modules\next\dist\compiled\babel\bundle.js:191:356364)]
    [at TypeScriptParserMixin.parseUpdate (C:\Users\FUJITSU\Documents\PROJECTS\8w6s_profile\node_modules\next\dist\compiled\babel\bundle.js:191:355963)]
    [at TypeScriptParserMixin.parseMaybeUnary (C:\Users\FUJITSU\Documents\PROJECTS\8w6s_profile\node_modules\next\dist\compiled\babel\bundle.js:191:355527)]
    [at TypeScriptParserMixin.parseMaybeUnary (C:\Users\FUJITSU\Documents\PROJECTS\8w6s_profile\node_modules\next\dist\compiled\babel\bundle.js:191:331837)]
    [at TypeScriptParserMixin.parseMaybeUnaryOrPrivate (C:\Users\FUJITSU\Documents\PROJECTS\8w6s_profile\node_modules\next\dist\compiled\babel\bundle.js:191:352169)]
    [at TypeScriptParserMixin.parseExprOps (C:\Users\FUJITSU\Documents\PROJECTS\8w6s_profile\node_modules\next\dist\compiled\babel\bundle.js:191:352281)]
    [at TypeScriptParserMixin.parseMaybeConditional (C:\Users\FUJITSU\Documents\PROJECTS\8w6s_profile\node_modules\next\dist\compiled\babel\bundle.js:191:351760)]
    [at TypeScriptParserMixin.parseMaybeAssign (C:\Users\FUJITSU\Documents\PROJECTS\8w6s_profile\node_modules\next\dist\compiled\babel\bundle.js:191:350714)]
    [at TypeScriptParserMixin.parseMaybeAssign (C:\Users\FUJITSU\Documents\PROJECTS\8w6s_profile\node_modules\next\dist\compiled\babel\bundle.js:191:330620)]
    [at C:\Users\FUJITSU\Documents\PROJECTS\8w6s_profile\node_modules\next\dist\compiled\babel\bundle.js:191:350260]
    [at TypeScriptParserMixin.allowInAnd (C:\Users\FUJITSU\Documents\PROJECTS\8w6s_profile\node_modules\next\dist\compiled\babel\bundle.js:191:383926)]
    [at TypeScriptParserMixin.parseMaybeAssignAllowIn (C:\Users\FUJITSU\Documents\PROJECTS\8w6s_profile\node_modules\next\dist\compiled\babel\bundle.js:191:350239)]
    [at TypeScriptParserMixin.parseVar (C:\Users\FUJITSU\Documents\PROJECTS\8w6s_profile\node_modules\next\dist\compiled\babel\bundle.js:191:402967)]
    [at TypeScriptParserMixin.parseVarStatement (C:\Users\FUJITSU\Documents\PROJECTS\8w6s_profile\node_modules\next\dist\compiled\babel\bundle.js:191:399366)]
    [at TypeScriptParserMixin.parseVarStatement (C:\Users\FUJITSU\Documents\PROJECTS\8w6s_profile\node_modules\next\dist\compiled\babel\bundle.js:191:323322)]
    [at TypeScriptParserMixin.parseStatementContent (C:\Users\FUJITSU\Documents\PROJECTS\8w6s_profile\node_modules\next\dist\compiled\babel\bundle.js:191:391398)]
    [at TypeScriptParserMixin.parseStatementContent (C:\Users\FUJITSU\Documents\PROJECTS\8w6s_profile\node_modules\next\dist\compiled\babel\bundle.js:191:324042)]
    [at TypeScriptParserMixin.parseStatementLike (C:\Users\FUJITSU\Documents\PROJECTS\8w6s_profile\node_modules\next\dist\compiled\babel\bundle.js:191:389494)]
    [at TypeScriptParserMixin.parseStatementListItem (C:\Users\FUJITSU\Documents\PROJECTS\8w6s_profile\node_modules\next\dist\compiled\babel\bundle.js:191:389120)]
    [at TypeScriptParserMixin.parseBlockOrModuleBlockBody (C:\Users\FUJITSU\Documents\PROJECTS\8w6s_profile\node_modules\next\dist\compiled\babel\bundle.js:191:401423)]
    [at TypeScriptParserMixin.parseBlockBody (C:\Users\FUJITSU\Documents\PROJECTS\8w6s_profile\node_modules\next\dist\compiled\babel\bundle.js:191:401223)]
    [at TypeScriptParserMixin.parseBlock (C:\Users\FUJITSU\Documents\PROJECTS\8w6s_profile\node_modules\next\dist\compiled\babel\bundle.js:191:400923)]
    [at TypeScriptParserMixin.parseFunctionBody (C:\Users\FUJITSU\Documents\PROJECTS\8w6s_profile\node_modules\next\dist\compiled\babel\bundle.js:191:378053)]
    [at TypeScriptParserMixin.parseFunctionBodyAndFinish (C:\Users\FUJITSU\Documents\PROJECTS\8w6s_profile\node_modules\next\dist\compiled\babel\bundle.js:191:377675)]
    [at TypeScriptParserMixin.parseFunctionBodyAndFinish (C:\Users\FUJITSU\Documents\PROJECTS\8w6s_profile\node_modules\next\dist\compiled\babel\bundle.js:191:318173)]

Import traces:
  Client Component Browser:
    ./app/admin/page.tsx [Client Component Browser]
    ./app/admin/page.tsx [Server Component]

  Client Component SSR:
    ./app/admin/page.tsx [Client Component SSR]
    ./app/admin/page.tsx [Server Component] @ http://localhost:3000/_next/static/chunks/node_modules_next_dist_0u_w_5s._.js:1945
[ 1032826ms] [ERROR] ./app/admin/page.tsx:667:15
the name `currentSkill` is defined multiple times
  665 |         if (!currentSkill) return;
  666 |
> 667 |         const currentSkill = newSkills[index];
      |               ^^^^^^^^^^^^
  668 |         const normalizedSkill = typeof currentSkill === 'object' && currentSkill !== null
  669 |             ? currentSkill
  670 |             : {

Ecmascript file had an error

Import traces:
  Client Component Browser:
    ./app/admin/page.tsx [Client Component Browser]
    ./app/admin/page.tsx [Server Component]

  Client Component SSR:
    ./app/admin/page.tsx [Client Component SSR]
    ./app/admin/page.tsx [Server Component] @ http://localhost:3000/_next/static/chunks/node_modules_next_dist_0u_w_5s._.js:1945
[ 1032951ms] [ERROR] ./app/admin/page.tsx
Error evaluating Node.js code
SyntaxError: C:\Users\FUJITSU\Documents\PROJECTS\8w6s_profile\app\admin\page.tsx: Identifier 'currentSkill' has already been declared. (667:14)

  665 |         if (!currentSkill) return;
  666 |
> 667 |         const currentSkill = newSkills[index];
      |               ^
  668 |         const normalizedSkill = typeof currentSkill === 'object' && currentSkill !== null
  669 |             ? currentSkill
  670 |             : {
  (from C:\Users\FUJITSU\Documents\PROJECTS\8w6s_profile\node_modules\next\dist\build\babel\loader\index.js)
    [at constructor (C:\Users\FUJITSU\Documents\PROJECTS\8w6s_profile\node_modules\next\dist\compiled\babel\bundle.js:191:137105)]
    [at TypeScriptParserMixin.raise (C:\Users\FUJITSU\Documents\PROJECTS\8w6s_profile\node_modules\next\dist\compiled\babel\bundle.js:191:194164)]
    [at TypeScriptScopeHandler.checkRedeclarationInScope (C:\Users\FUJITSU\Documents\PROJECTS\8w6s_profile\node_modules\next\dist\compiled\babel\bundle.js:191:163166)]
    [at TypeScriptScopeHandler.declareName (C:\Users\FUJITSU\Documents\PROJECTS\8w6s_profile\node_modules\next\dist\compiled\babel\bundle.js:191:162529)]
    [at TypeScriptScopeHandler.declareName (C:\Users\FUJITSU\Documents\PROJECTS\8w6s_profile\node_modules\next\dist\compiled\babel\bundle.js:191:271160)]
    [at TypeScriptParserMixin.declareNameFromIdentifier (C:\Users\FUJITSU\Documents\PROJECTS\8w6s_profile\node_modules\next\dist\compiled\babel\bundle.js:191:279226)]
    [at TypeScriptParserMixin.checkIdentifier (C:\Users\FUJITSU\Documents\PROJECTS\8w6s_profile\node_modules\next\dist\compiled\babel\bundle.js:191:279152)]
    [at TypeScriptParserMixin.checkLVal (C:\Users\FUJITSU\Documents\PROJECTS\8w6s_profile\node_modules\next\dist\compiled\babel\bundle.js:191:278197)]
    [at TypeScriptParserMixin.parseVarId (C:\Users\FUJITSU\Documents\PROJECTS\8w6s_profile\node_modules\next\dist\compiled\babel\bundle.js:191:403644)]
    [at TypeScriptParserMixin.parseVarId (C:\Users\FUJITSU\Documents\PROJECTS\8w6s_profile\node_modules\next\dist\compiled\babel\bundle.js:191:329902)]
    [at TypeScriptParserMixin.parseVar (C:\Users\FUJITSU\Documents\PROJECTS\8w6s_profile\node_modules\next\dist\compiled\babel\bundle.js:191:402884)]
    [at TypeScriptParserMixin.parseVarStatement (C:\Users\FUJITSU\Documents\PROJECTS\8w6s_profile\node_modules\next\dist\compiled\babel\bundle.js:191:399366)]
    [at TypeScriptParserMixin.parseVarStatement (C:\Users\FUJITSU\Documents\PROJECTS\8w6s_profile\node_modules\next\dist\compiled\babel\bundle.js:191:323322)]
    [at TypeScriptParserMixin.parseStatementContent (C:\Users\FUJITSU\Documents\PROJECTS\8w6s_profile\node_modules\next\dist\compiled\babel\bundle.js:191:391398)]
    [at TypeScriptParserMixin.parseStatementContent (C:\Users\FUJITSU\Documents\PROJECTS\8w6s_profile\node_modules\next\dist\compiled\babel\bundle.js:191:324042)]
    [at TypeScriptParserMixin.parseStatementLike (C:\Users\FUJITSU\Documents\PROJECTS\8w6s_profile\node_modules\next\dist\compiled\babel\bundle.js:191:389494)]
    [at TypeScriptParserMixin.parseStatementListItem (C:\Users\FUJITSU\Documents\PROJECTS\8w6s_profile\node_modules\next\dist\compiled\babel\bundle.js:191:389120)]
    [at TypeScriptParserMixin.parseBlockOrModuleBlockBody (C:\Users\FUJITSU\Documents\PROJECTS\8w6s_profile\node_modules\next\dist\compiled\babel\bundle.js:191:401423)]
    [at TypeScriptParserMixin.parseBlockBody (C:\Users\FUJITSU\Documents\PROJECTS\8w6s_profile\node_modules\next\dist\compiled\babel\bundle.js:191:401223)]
    [at TypeScriptParserMixin.parseBlock (C:\Users\FUJITSU\Documents\PROJECTS\8w6s_profile\node_modules\next\dist\compiled\babel\bundle.js:191:400923)]
    [at TypeScriptParserMixin.parseFunctionBody (C:\Users\FUJITSU\Documents\PROJECTS\8w6s_profile\node_modules\next\dist\compiled\babel\bundle.js:191:378053)]
    [at TypeScriptParserMixin.parseArrowExpression (C:\Users\FUJITSU\Documents\PROJECTS\8w6s_profile\node_modules\next\dist\compiled\babel\bundle.js:191:377398)]
    [at TypeScriptParserMixin.parseParenAndDistinguishExpression (C:\Users\FUJITSU\Documents\PROJECTS\8w6s_profile\node_modules\next\dist\compiled\babel\bundle.js:191:369594)]
    [at TypeScriptParserMixin.parseExprAtom (C:\Users\FUJITSU\Documents\PROJECTS\8w6s_profile\node_modules\next\dist\compiled\babel\bundle.js:191:361477)]
    [at TypeScriptParserMixin.parseExprAtom (C:\Users\FUJITSU\Documents\PROJECTS\8w6s_profile\node_modules\next\dist\compiled\babel\bundle.js:191:269272)]
    [at TypeScriptParserMixin.parseExprSubscripts (C:\Users\FUJITSU\Documents\PROJECTS\8w6s_profile\node_modules\next\dist\compiled\babel\bundle.js:191:356364)]
    [at TypeScriptParserMixin.parseUpdate (C:\Users\FUJITSU\Documents\PROJECTS\8w6s_profile\node_modules\next\dist\compiled\babel\bundle.js:191:355963)]
    [at TypeScriptParserMixin.parseMaybeUnary (C:\Users\FUJITSU\Documents\PROJECTS\8w6s_profile\node_modules\next\dist\compiled\babel\bundle.js:191:355527)]
    [at TypeScriptParserMixin.parseMaybeUnary (C:\Users\FUJITSU\Documents\PROJECTS\8w6s_profile\node_modules\next\dist\compiled\babel\bundle.js:191:331837)]
    [at TypeScriptParserMixin.parseMaybeUnaryOrPrivate (C:\Users\FUJITSU\Documents\PROJECTS\8w6s_profile\node_modules\next\dist\compiled\babel\bundle.js:191:352169)]
    [at TypeScriptParserMixin.parseExprOps (C:\Users\FUJITSU\Documents\PROJECTS\8w6s_profile\node_modules\next\dist\compiled\babel\bundle.js:191:352281)]
    [at TypeScriptParserMixin.parseMaybeConditional (C:\Users\FUJITSU\Documents\PROJECTS\8w6s_profile\node_modules\next\dist\compiled\babel\bundle.js:191:351760)]
    [at TypeScriptParserMixin.parseMaybeAssign (C:\Users\FUJITSU\Documents\PROJECTS\8w6s_profile\node_modules\next\dist\compiled\babel\bundle.js:191:350714)]
    [at TypeScriptParserMixin.parseMaybeAssign (C:\Users\FUJITSU\Documents\PROJECTS\8w6s_profile\node_modules\next\dist\compiled\babel\bundle.js:191:330620)]
    [at C:\Users\FUJITSU\Documents\PROJECTS\8w6s_profile\node_modules\next\dist\compiled\babel\bundle.js:191:350260]
    [at TypeScriptParserMixin.allowInAnd (C:\Users\FUJITSU\Documents\PROJECTS\8w6s_profile\node_modules\next\dist\compiled\babel\bundle.js:191:383926)]
    [at TypeScriptParserMixin.parseMaybeAssignAllowIn (C:\Users\FUJITSU\Documents\PROJECTS\8w6s_profile\node_modules\next\dist\compiled\babel\bundle.js:191:350239)]
    [at TypeScriptParserMixin.parseVar (C:\Users\FUJITSU\Documents\PROJECTS\8w6s_profile\node_modules\next\dist\compiled\babel\bundle.js:191:402967)]
    [at TypeScriptParserMixin.parseVarStatement (C:\Users\FUJITSU\Documents\PROJECTS\8w6s_profile\node_modules\next\dist\compiled\babel\bundle.js:191:399366)]
    [at TypeScriptParserMixin.parseVarStatement (C:\Users\FUJITSU\Documents\PROJECTS\8w6s_profile\node_modules\next\dist\compiled\babel\bundle.js:191:323322)]
    [at TypeScriptParserMixin.parseStatementContent (C:\Users\FUJITSU\Documents\PROJECTS\8w6s_profile\node_modules\next\dist\compiled\babel\bundle.js:191:391398)]
    [at TypeScriptParserMixin.parseStatementContent (C:\Users\FUJITSU\Documents\PROJECTS\8w6s_profile\node_modules\next\dist\compiled\babel\bundle.js:191:324042)]
    [at TypeScriptParserMixin.parseStatementLike (C:\Users\FUJITSU\Documents\PROJECTS\8w6s_profile\node_modules\next\dist\compiled\babel\bundle.js:191:389494)]
    [at TypeScriptParserMixin.parseStatementListItem (C:\Users\FUJITSU\Documents\PROJECTS\8w6s_profile\node_modules\next\dist\compiled\babel\bundle.js:191:389120)]
    [at TypeScriptParserMixin.parseBlockOrModuleBlockBody (C:\Users\FUJITSU\Documents\PROJECTS\8w6s_profile\node_modules\next\dist\compiled\babel\bundle.js:191:401423)]
    [at TypeScriptParserMixin.parseBlockBody (C:\Users\FUJITSU\Documents\PROJECTS\8w6s_profile\node_modules\next\dist\compiled\babel\bundle.js:191:401223)]
    [at TypeScriptParserMixin.parseBlock (C:\Users\FUJITSU\Documents\PROJECTS\8w6s_profile\node_modules\next\dist\compiled\babel\bundle.js:191:400923)]
    [at TypeScriptParserMixin.parseFunctionBody (C:\Users\FUJITSU\Documents\PROJECTS\8w6s_profile\node_modules\next\dist\compiled\babel\bundle.js:191:378053)]
    [at TypeScriptParserMixin.parseFunctionBodyAndFinish (C:\Users\FUJITSU\Documents\PROJECTS\8w6s_profile\node_modules\next\dist\compiled\babel\bundle.js:191:377675)]
    [at TypeScriptParserMixin.parseFunctionBodyAndFinish (C:\Users\FUJITSU\Documents\PROJECTS\8w6s_profile\node_modules\next\dist\compiled\babel\bundle.js:191:318173)]

Import traces:
  Client Component Browser:
    ./app/admin/page.tsx [Client Component Browser]
    ./app/admin/page.tsx [Server Component]

  Client Component SSR:
    ./app/admin/page.tsx [Client Component SSR]
    ./app/admin/page.tsx [Server Component] @ http://localhost:3000/_next/static/chunks/node_modules_next_dist_0u_w_5s._.js:1945
[ 1032952ms] [ERROR] ./app/admin/page.tsx:667:15
the name `currentSkill` is defined multiple times
  665 |         if (!currentSkill) return;
  666 |
> 667 |         const currentSkill = newSkills[index];
      |               ^^^^^^^^^^^^
  668 |         const normalizedSkill = typeof currentSkill === 'object' && currentSkill !== null
  669 |             ? currentSkill
  670 |             : {

Ecmascript file had an error

Import traces:
  Client Component Browser:
    ./app/admin/page.tsx [Client Component Browser]
    ./app/admin/page.tsx [Server Component]

  Client Component SSR:
    ./app/admin/page.tsx [Client Component SSR]
    ./app/admin/page.tsx [Server Component] @ http://localhost:3000/_next/static/chunks/node_modules_next_dist_0u_w_5s._.js:1945
[ 1033007ms] [ERROR] ./app/admin/page.tsx
Error evaluating Node.js code
SyntaxError: C:\Users\FUJITSU\Documents\PROJECTS\8w6s_profile\app\admin\page.tsx: Identifier 'currentSkill' has already been declared. (667:14)

  665 |         if (!currentSkill) return;
  666 |
> 667 |         const currentSkill = newSkills[index];
      |               ^
  668 |         const normalizedSkill = typeof currentSkill === 'object' && currentSkill !== null
  669 |             ? currentSkill
  670 |             : {
  (from C:\Users\FUJITSU\Documents\PROJECTS\8w6s_profile\node_modules\next\dist\build\babel\loader\index.js)
    [at constructor (C:\Users\FUJITSU\Documents\PROJECTS\8w6s_profile\node_modules\next\dist\compiled\babel\bundle.js:191:137105)]
    [at TypeScriptParserMixin.raise (C:\Users\FUJITSU\Documents\PROJECTS\8w6s_profile\node_modules\next\dist\compiled\babel\bundle.js:191:194164)]
    [at TypeScriptScopeHandler.checkRedeclarationInScope (C:\Users\FUJITSU\Documents\PROJECTS\8w6s_profile\node_modules\next\dist\compiled\babel\bundle.js:191:163166)]
    [at TypeScriptScopeHandler.declareName (C:\Users\FUJITSU\Documents\PROJECTS\8w6s_profile\node_modules\next\dist\compiled\babel\bundle.js:191:162529)]
    [at TypeScriptScopeHandler.declareName (C:\Users\FUJITSU\Documents\PROJECTS\8w6s_profile\node_modules\next\dist\compiled\babel\bundle.js:191:271160)]
    [at TypeScriptParserMixin.declareNameFromIdentifier (C:\Users\FUJITSU\Documents\PROJECTS\8w6s_profile\node_modules\next\dist\compiled\babel\bundle.js:191:279226)]
    [at TypeScriptParserMixin.checkIdentifier (C:\Users\FUJITSU\Documents\PROJECTS\8w6s_profile\node_modules\next\dist\compiled\babel\bundle.js:191:279152)]
    [at TypeScriptParserMixin.checkLVal (C:\Users\FUJITSU\Documents\PROJECTS\8w6s_profile\node_modules\next\dist\compiled\babel\bundle.js:191:278197)]
    [at TypeScriptParserMixin.parseVarId (C:\Users\FUJITSU\Documents\PROJECTS\8w6s_profile\node_modules\next\dist\compiled\babel\bundle.js:191:403644)]
    [at TypeScriptParserMixin.parseVarId (C:\Users\FUJITSU\Documents\PROJECTS\8w6s_profile\node_modules\next\dist\compiled\babel\bundle.js:191:329902)]
    [at TypeScriptParserMixin.parseVar (C:\Users\FUJITSU\Documents\PROJECTS\8w6s_profile\node_modules\next\dist\compiled\babel\bundle.js:191:402884)]
    [at TypeScriptParserMixin.parseVarStatement (C:\Users\FUJITSU\Documents\PROJECTS\8w6s_profile\node_modules\next\dist\compiled\babel\bundle.js:191:399366)]
    [at TypeScriptParserMixin.parseVarStatement (C:\Users\FUJITSU\Documents\PROJECTS\8w6s_profile\node_modules\next\dist\compiled\babel\bundle.js:191:323322)]
    [at TypeScriptParserMixin.parseStatementContent (C:\Users\FUJITSU\Documents\PROJECTS\8w6s_profile\node_modules\next\dist\compiled\babel\bundle.js:191:391398)]
    [at TypeScriptParserMixin.parseStatementContent (C:\Users\FUJITSU\Documents\PROJECTS\8w6s_profile\node_modules\next\dist\compiled\babel\bundle.js:191:324042)]
    [at TypeScriptParserMixin.parseStatementLike (C:\Users\FUJITSU\Documents\PROJECTS\8w6s_profile\node_modules\next\dist\compiled\babel\bundle.js:191:389494)]
    [at TypeScriptParserMixin.parseStatementListItem (C:\Users\FUJITSU\Documents\PROJECTS\8w6s_profile\node_modules\next\dist\compiled\babel\bundle.js:191:389120)]
    [at TypeScriptParserMixin.parseBlockOrModuleBlockBody (C:\Users\FUJITSU\Documents\PROJECTS\8w6s_profile\node_modules\next\dist\compiled\babel\bundle.js:191:401423)]
    [at TypeScriptParserMixin.parseBlockBody (C:\Users\FUJITSU\Documents\PROJECTS\8w6s_profile\node_modules\next\dist\compiled\babel\bundle.js:191:401223)]
    [at TypeScriptParserMixin.parseBlock (C:\Users\FUJITSU\Documents\PROJECTS\8w6s_profile\node_modules\next\dist\compiled\babel\bundle.js:191:400923)]
    [at TypeScriptParserMixin.parseFunctionBody (C:\Users\FUJITSU\Documents\PROJECTS\8w6s_profile\node_modules\next\dist\compiled\babel\bundle.js:191:378053)]
    [at TypeScriptParserMixin.parseArrowExpression (C:\Users\FUJITSU\Documents\PROJECTS\8w6s_profile\node_modules\next\dist\compiled\babel\bundle.js:191:377398)]
    [at TypeScriptParserMixin.parseParenAndDistinguishExpression (C:\Users\FUJITSU\Documents\PROJECTS\8w6s_profile\node_modules\next\dist\compiled\babel\bundle.js:191:369594)]
    [at TypeScriptParserMixin.parseExprAtom (C:\Users\FUJITSU\Documents\PROJECTS\8w6s_profile\node_modules\next\dist\compiled\babel\bundle.js:191:361477)]
    [at TypeScriptParserMixin.parseExprAtom (C:\Users\FUJITSU\Documents\PROJECTS\8w6s_profile\node_modules\next\dist\compiled\babel\bundle.js:191:269272)]
    [at TypeScriptParserMixin.parseExprSubscripts (C:\Users\FUJITSU\Documents\PROJECTS\8w6s_profile\node_modules\next\dist\compiled\babel\bundle.js:191:356364)]
    [at TypeScriptParserMixin.parseUpdate (C:\Users\FUJITSU\Documents\PROJECTS\8w6s_profile\node_modules\next\dist\compiled\babel\bundle.js:191:355963)]
    [at TypeScriptParserMixin.parseMaybeUnary (C:\Users\FUJITSU\Documents\PROJECTS\8w6s_profile\node_modules\next\dist\compiled\babel\bundle.js:191:355527)]
    [at TypeScriptParserMixin.parseMaybeUnary (C:\Users\FUJITSU\Documents\PROJECTS\8w6s_profile\node_modules\next\dist\compiled\babel\bundle.js:191:331837)]
    [at TypeScriptParserMixin.parseMaybeUnaryOrPrivate (C:\Users\FUJITSU\Documents\PROJECTS\8w6s_profile\node_modules\next\dist\compiled\babel\bundle.js:191:352169)]
    [at TypeScriptParserMixin.parseExprOps (C:\Users\FUJITSU\Documents\PROJECTS\8w6s_profile\node_modules\next\dist\compiled\babel\bundle.js:191:352281)]
    [at TypeScriptParserMixin.parseMaybeConditional (C:\Users\FUJITSU\Documents\PROJECTS\8w6s_profile\node_modules\next\dist\compiled\babel\bundle.js:191:351760)]
    [at TypeScriptParserMixin.parseMaybeAssign (C:\Users\FUJITSU\Documents\PROJECTS\8w6s_profile\node_modules\next\dist\compiled\babel\bundle.js:191:350714)]
    [at TypeScriptParserMixin.parseMaybeAssign (C:\Users\FUJITSU\Documents\PROJECTS\8w6s_profile\node_modules\next\dist\compiled\babel\bundle.js:191:330620)]
    [at C:\Users\FUJITSU\Documents\PROJECTS\8w6s_profile\node_modules\next\dist\compiled\babel\bundle.js:191:350260]
    [at TypeScriptParserMixin.allowInAnd (C:\Users\FUJITSU\Documents\PROJECTS\8w6s_profile\node_modules\next\dist\compiled\babel\bundle.js:191:383926)]
    [at TypeScriptParserMixin.parseMaybeAssignAllowIn (C:\Users\FUJITSU\Documents\PROJECTS\8w6s_profile\node_modules\next\dist\compiled\babel\bundle.js:191:350239)]
    [at TypeScriptParserMixin.parseVar (C:\Users\FUJITSU\Documents\PROJECTS\8w6s_profile\node_modules\next\dist\compiled\babel\bundle.js:191:402967)]
    [at TypeScriptParserMixin.parseVarStatement (C:\Users\FUJITSU\Documents\PROJECTS\8w6s_profile\node_modules\next\dist\compiled\babel\bundle.js:191:399366)]
    [at TypeScriptParserMixin.parseVarStatement (C:\Users\FUJITSU\Documents\PROJECTS\8w6s_profile\node_modules\next\dist\compiled\babel\bundle.js:191:323322)]
    [at TypeScriptParserMixin.parseStatementContent (C:\Users\FUJITSU\Documents\PROJECTS\8w6s_profile\node_modules\next\dist\compiled\babel\bundle.js:191:391398)]
    [at TypeScriptParserMixin.parseStatementContent (C:\Users\FUJITSU\Documents\PROJECTS\8w6s_profile\node_modules\next\dist\compiled\babel\bundle.js:191:324042)]
    [at TypeScriptParserMixin.parseStatementLike (C:\Users\FUJITSU\Documents\PROJECTS\8w6s_profile\node_modules\next\dist\compiled\babel\bundle.js:191:389494)]
    [at TypeScriptParserMixin.parseStatementListItem (C:\Users\FUJITSU\Documents\PROJECTS\8w6s_profile\node_modules\next\dist\compiled\babel\bundle.js:191:389120)]
    [at TypeScriptParserMixin.parseBlockOrModuleBlockBody (C:\Users\FUJITSU\Documents\PROJECTS\8w6s_profile\node_modules\next\dist\compiled\babel\bundle.js:191:401423)]
    [at TypeScriptParserMixin.parseBlockBody (C:\Users\FUJITSU\Documents\PROJECTS\8w6s_profile\node_modules\next\dist\compiled\babel\bundle.js:191:401223)]
    [at TypeScriptParserMixin.parseBlock (C:\Users\FUJITSU\Documents\PROJECTS\8w6s_profile\node_modules\next\dist\compiled\babel\bundle.js:191:400923)]
    [at TypeScriptParserMixin.parseFunctionBody (C:\Users\FUJITSU\Documents\PROJECTS\8w6s_profile\node_modules\next\dist\compiled\babel\bundle.js:191:378053)]
    [at TypeScriptParserMixin.parseFunctionBodyAndFinish (C:\Users\FUJITSU\Documents\PROJECTS\8w6s_profile\node_modules\next\dist\compiled\babel\bundle.js:191:377675)]
    [at TypeScriptParserMixin.parseFunctionBodyAndFinish (C:\Users\FUJITSU\Documents\PROJECTS\8w6s_profile\node_modules\next\dist\compiled\babel\bundle.js:191:318173)]

Import traces:
  Client Component Browser:
    ./app/admin/page.tsx [Client Component Browser]
    ./app/admin/page.tsx [Server Component]

  Client Component SSR:
    ./app/admin/page.tsx [Client Component SSR]
    ./app/admin/page.tsx [Server Component] @ http://localhost:3000/_next/static/chunks/node_modules_next_dist_0u_w_5s._.js:1945
[ 1033007ms] [ERROR] ./app/admin/page.tsx:667:15
the name `currentSkill` is defined multiple times
  665 |         if (!currentSkill) return;
  666 |
> 667 |         const currentSkill = newSkills[index];
      |               ^^^^^^^^^^^^
  668 |         const normalizedSkill = typeof currentSkill === 'object' && currentSkill !== null
  669 |             ? currentSkill
  670 |             : {

Ecmascript file had an error

Import traces:
  Client Component Browser:
    ./app/admin/page.tsx [Client Component Browser]
    ./app/admin/page.tsx [Server Component]

  Client Component SSR:
    ./app/admin/page.tsx [Client Component SSR]
    ./app/admin/page.tsx [Server Component] @ http://localhost:3000/_next/static/chunks/node_modules_next_dist_0u_w_5s._.js:1945
[ 1033133ms] [LOG] [Fast Refresh] rebuilding @ http://localhost:3000/_next/static/chunks/node_modules_next_dist_0u_w_5s._.js:1226
[ 1083011ms] [LOG] [Fast Refresh] rebuilding @ http://localhost:3000/_next/static/chunks/node_modules_next_dist_0u_w_5s._.js:1226
[ 1083777ms] [ERROR] ./app/admin/page.tsx
Error evaluating Node.js code
SyntaxError: C:\Users\FUJITSU\Documents\PROJECTS\8w6s_profile\app\admin\page.tsx: Identifier 'currentSkill' has already been declared. (667:14)

  665 |         if (!currentSkill) return;
  666 |
> 667 |         const currentSkill = newSkills[index];
      |               ^
  668 |         const normalizedSkill = typeof currentSkill === 'object' && currentSkill !== null
  669 |             ? currentSkill
  670 |             : {
  (from C:\Users\FUJITSU\Documents\PROJECTS\8w6s_profile\node_modules\next\dist\build\babel\loader\index.js)
    [at constructor (C:\Users\FUJITSU\Documents\PROJECTS\8w6s_profile\node_modules\next\dist\compiled\babel\bundle.js:191:137105)]
    [at TypeScriptParserMixin.raise (C:\Users\FUJITSU\Documents\PROJECTS\8w6s_profile\node_modules\next\dist\compiled\babel\bundle.js:191:194164)]
    [at TypeScriptScopeHandler.checkRedeclarationInScope (C:\Users\FUJITSU\Documents\PROJECTS\8w6s_profile\node_modules\next\dist\compiled\babel\bundle.js:191:163166)]
    [at TypeScriptScopeHandler.declareName (C:\Users\FUJITSU\Documents\PROJECTS\8w6s_profile\node_modules\next\dist\compiled\babel\bundle.js:191:162529)]
    [at TypeScriptScopeHandler.declareName (C:\Users\FUJITSU\Documents\PROJECTS\8w6s_profile\node_modules\next\dist\compiled\babel\bundle.js:191:271160)]
    [at TypeScriptParserMixin.declareNameFromIdentifier (C:\Users\FUJITSU\Documents\PROJECTS\8w6s_profile\node_modules\next\dist\compiled\babel\bundle.js:191:279226)]
    [at TypeScriptParserMixin.checkIdentifier (C:\Users\FUJITSU\Documents\PROJECTS\8w6s_profile\node_modules\next\dist\compiled\babel\bundle.js:191:279152)]
    [at TypeScriptParserMixin.checkLVal (C:\Users\FUJITSU\Documents\PROJECTS\8w6s_profile\node_modules\next\dist\compiled\babel\bundle.js:191:278197)]
    [at TypeScriptParserMixin.parseVarId (C:\Users\FUJITSU\Documents\PROJECTS\8w6s_profile\node_modules\next\dist\compiled\babel\bundle.js:191:403644)]
    [at TypeScriptParserMixin.parseVarId (C:\Users\FUJITSU\Documents\PROJECTS\8w6s_profile\node_modules\next\dist\compiled\babel\bundle.js:191:329902)]
    [at TypeScriptParserMixin.parseVar (C:\Users\FUJITSU\Documents\PROJECTS\8w6s_profile\node_modules\next\dist\compiled\babel\bundle.js:191:402884)]
    [at TypeScriptParserMixin.parseVarStatement (C:\Users\FUJITSU\Documents\PROJECTS\8w6s_profile\node_modules\next\dist\compiled\babel\bundle.js:191:399366)]
    [at TypeScriptParserMixin.parseVarStatement (C:\Users\FUJITSU\Documents\PROJECTS\8w6s_profile\node_modules\next\dist\compiled\babel\bundle.js:191:323322)]
    [at TypeScriptParserMixin.parseStatementContent (C:\Users\FUJITSU\Documents\PROJECTS\8w6s_profile\node_modules\next\dist\compiled\babel\bundle.js:191:391398)]
    [at TypeScriptParserMixin.parseStatementContent (C:\Users\FUJITSU\Documents\PROJECTS\8w6s_profile\node_modules\next\dist\compiled\babel\bundle.js:191:324042)]
    [at TypeScriptParserMixin.parseStatementLike (C:\Users\FUJITSU\Documents\PROJECTS\8w6s_profile\node_modules\next\dist\compiled\babel\bundle.js:191:389494)]
    [at TypeScriptParserMixin.parseStatementListItem (C:\Users\FUJITSU\Documents\PROJECTS\8w6s_profile\node_modules\next\dist\compiled\babel\bundle.js:191:389120)]
    [at TypeScriptParserMixin.parseBlockOrModuleBlockBody (C:\Users\FUJITSU\Documents\PROJECTS\8w6s_profile\node_modules\next\dist\compiled\babel\bundle.js:191:401423)]
    [at TypeScriptParserMixin.parseBlockBody (C:\Users\FUJITSU\Documents\PROJECTS\8w6s_profile\node_modules\next\dist\compiled\babel\bundle.js:191:401223)]
    [at TypeScriptParserMixin.parseBlock (C:\Users\FUJITSU\Documents\PROJECTS\8w6s_profile\node_modules\next\dist\compiled\babel\bundle.js:191:400923)]
    [at TypeScriptParserMixin.parseFunctionBody (C:\Users\FUJITSU\Documents\PROJECTS\8w6s_profile\node_modules\next\dist\compiled\babel\bundle.js:191:378053)]
    [at TypeScriptParserMixin.parseArrowExpression (C:\Users\FUJITSU\Documents\PROJECTS\8w6s_profile\node_modules\next\dist\compiled\babel\bundle.js:191:377398)]
    [at TypeScriptParserMixin.parseParenAndDistinguishExpression (C:\Users\FUJITSU\Documents\PROJECTS\8w6s_profile\node_modules\next\dist\compiled\babel\bundle.js:191:369594)]
    [at TypeScriptParserMixin.parseExprAtom (C:\Users\FUJITSU\Documents\PROJECTS\8w6s_profile\node_modules\next\dist\compiled\babel\bundle.js:191:361477)]
    [at TypeScriptParserMixin.parseExprAtom (C:\Users\FUJITSU\Documents\PROJECTS\8w6s_profile\node_modules\next\dist\compiled\babel\bundle.js:191:269272)]
    [at TypeScriptParserMixin.parseExprSubscripts (C:\Users\FUJITSU\Documents\PROJECTS\8w6s_profile\node_modules\next\dist\compiled\babel\bundle.js:191:356364)]
    [at TypeScriptParserMixin.parseUpdate (C:\Users\FUJITSU\Documents\PROJECTS\8w6s_profile\node_modules\next\dist\compiled\babel\bundle.js:191:355963)]
    [at TypeScriptParserMixin.parseMaybeUnary (C:\Users\FUJITSU\Documents\PROJECTS\8w6s_profile\node_modules\next\dist\compiled\babel\bundle.js:191:355527)]
    [at TypeScriptParserMixin.parseMaybeUnary (C:\Users\FUJITSU\Documents\PROJECTS\8w6s_profile\node_modules\next\dist\compiled\babel\bundle.js:191:331837)]
    [at TypeScriptParserMixin.parseMaybeUnaryOrPrivate (C:\Users\FUJITSU\Documents\PROJECTS\8w6s_profile\node_modules\next\dist\compiled\babel\bundle.js:191:352169)]
    [at TypeScriptParserMixin.parseExprOps (C:\Users\FUJITSU\Documents\PROJECTS\8w6s_profile\node_modules\next\dist\compiled\babel\bundle.js:191:352281)]
    [at TypeScriptParserMixin.parseMaybeConditional (C:\Users\FUJITSU\Documents\PROJECTS\8w6s_profile\node_modules\next\dist\compiled\babel\bundle.js:191:351760)]
    [at TypeScriptParserMixin.parseMaybeAssign (C:\Users\FUJITSU\Documents\PROJECTS\8w6s_profile\node_modules\next\dist\compiled\babel\bundle.js:191:350714)]
    [at TypeScriptParserMixin.parseMaybeAssign (C:\Users\FUJITSU\Documents\PROJECTS\8w6s_profile\node_modules\next\dist\compiled\babel\bundle.js:191:330620)]
    [at C:\Users\FUJITSU\Documents\PROJECTS\8w6s_profile\node_modules\next\dist\compiled\babel\bundle.js:191:350260]
    [at TypeScriptParserMixin.allowInAnd (C:\Users\FUJITSU\Documents\PROJECTS\8w6s_profile\node_modules\next\dist\compiled\babel\bundle.js:191:383926)]
    [at TypeScriptParserMixin.parseMaybeAssignAllowIn (C:\Users\FUJITSU\Documents\PROJECTS\8w6s_profile\node_modules\next\dist\compiled\babel\bundle.js:191:350239)]
    [at TypeScriptParserMixin.parseVar (C:\Users\FUJITSU\Documents\PROJECTS\8w6s_profile\node_modules\next\dist\compiled\babel\bundle.js:191:402967)]
    [at TypeScriptParserMixin.parseVarStatement (C:\Users\FUJITSU\Documents\PROJECTS\8w6s_profile\node_modules\next\dist\compiled\babel\bundle.js:191:399366)]
    [at TypeScriptParserMixin.parseVarStatement (C:\Users\FUJITSU\Documents\PROJECTS\8w6s_profile\node_modules\next\dist\compiled\babel\bundle.js:191:323322)]
    [at TypeScriptParserMixin.parseStatementContent (C:\Users\FUJITSU\Documents\PROJECTS\8w6s_profile\node_modules\next\dist\compiled\babel\bundle.js:191:391398)]
    [at TypeScriptParserMixin.parseStatementContent (C:\Users\FUJITSU\Documents\PROJECTS\8w6s_profile\node_modules\next\dist\compiled\babel\bundle.js:191:324042)]
    [at TypeScriptParserMixin.parseStatementLike (C:\Users\FUJITSU\Documents\PROJECTS\8w6s_profile\node_modules\next\dist\compiled\babel\bundle.js:191:389494)]
    [at TypeScriptParserMixin.parseStatementListItem (C:\Users\FUJITSU\Documents\PROJECTS\8w6s_profile\node_modules\next\dist\compiled\babel\bundle.js:191:389120)]
    [at TypeScriptParserMixin.parseBlockOrModuleBlockBody (C:\Users\FUJITSU\Documents\PROJECTS\8w6s_profile\node_modules\next\dist\compiled\babel\bundle.js:191:401423)]
    [at TypeScriptParserMixin.parseBlockBody (C:\Users\FUJITSU\Documents\PROJECTS\8w6s_profile\node_modules\next\dist\compiled\babel\bundle.js:191:401223)]
    [at TypeScriptParserMixin.parseBlock (C:\Users\FUJITSU\Documents\PROJECTS\8w6s_profile\node_modules\next\dist\compiled\babel\bundle.js:191:400923)]
    [at TypeScriptParserMixin.parseFunctionBody (C:\Users\FUJITSU\Documents\PROJECTS\8w6s_profile\node_modules\next\dist\compiled\babel\bundle.js:191:378053)]
    [at TypeScriptParserMixin.parseFunctionBodyAndFinish (C:\Users\FUJITSU\Documents\PROJECTS\8w6s_profile\node_modules\next\dist\compiled\babel\bundle.js:191:377675)]
    [at TypeScriptParserMixin.parseFunctionBodyAndFinish (C:\Users\FUJITSU\Documents\PROJECTS\8w6s_profile\node_modules\next\dist\compiled\babel\bundle.js:191:318173)]

Import traces:
  Client Component Browser:
    ./app/admin/page.tsx [Client Component Browser]
    ./app/admin/page.tsx [Server Component]

  Client Component SSR:
    ./app/admin/page.tsx [Client Component SSR]
    ./app/admin/page.tsx [Server Component] @ http://localhost:3000/_next/static/chunks/node_modules_next_dist_0u_w_5s._.js:1945
[ 1083781ms] [ERROR] ./app/admin/page.tsx:667:15
the name `currentSkill` is defined multiple times
  665 |         if (!currentSkill) return;
  666 |
> 667 |         const currentSkill = newSkills[index];
      |               ^^^^^^^^^^^^
  668 |         const normalizedSkill = typeof currentSkill === 'object' && currentSkill !== null
  669 |             ? currentSkill
  670 |             : {

Ecmascript file had an error

Import traces:
  Client Component Browser:
    ./app/admin/page.tsx [Client Component Browser]
    ./app/admin/page.tsx [Server Component]

  Client Component SSR:
    ./app/admin/page.tsx [Client Component SSR]
    ./app/admin/page.tsx [Server Component] @ http://localhost:3000/_next/static/chunks/node_modules_next_dist_0u_w_5s._.js:1945
[ 1084769ms] [LOG] [Fast Refresh] rebuilding @ http://localhost:3000/_next/static/chunks/node_modules_next_dist_0u_w_5s._.js:1226
[ 1086939ms] [ERROR] ./app/admin/page.tsx
Error evaluating Node.js code
SyntaxError: C:\Users\FUJITSU\Documents\PROJECTS\8w6s_profile\app\admin\page.tsx: Identifier 'currentSkill' has already been declared. (667:14)

  665 |         if (!currentSkill) return;
  666 |
> 667 |         const currentSkill = newSkills[index];
      |               ^
  668 |         const normalizedSkill = typeof currentSkill === 'object' && currentSkill !== null
  669 |             ? currentSkill
  670 |             : {
  (from C:\Users\FUJITSU\Documents\PROJECTS\8w6s_profile\node_modules\next\dist\build\babel\loader\index.js)
    [at constructor (C:\Users\FUJITSU\Documents\PROJECTS\8w6s_profile\node_modules\next\dist\compiled\babel\bundle.js:191:137105)]
    [at TypeScriptParserMixin.raise (C:\Users\FUJITSU\Documents\PROJECTS\8w6s_profile\node_modules\next\dist\compiled\babel\bundle.js:191:194164)]
    [at TypeScriptScopeHandler.checkRedeclarationInScope (C:\Users\FUJITSU\Documents\PROJECTS\8w6s_profile\node_modules\next\dist\compiled\babel\bundle.js:191:163166)]
    [at TypeScriptScopeHandler.declareName (C:\Users\FUJITSU\Documents\PROJECTS\8w6s_profile\node_modules\next\dist\compiled\babel\bundle.js:191:162529)]
    [at TypeScriptScopeHandler.declareName (C:\Users\FUJITSU\Documents\PROJECTS\8w6s_profile\node_modules\next\dist\compiled\babel\bundle.js:191:271160)]
    [at TypeScriptParserMixin.declareNameFromIdentifier (C:\Users\FUJITSU\Documents\PROJECTS\8w6s_profile\node_modules\next\dist\compiled\babel\bundle.js:191:279226)]
    [at TypeScriptParserMixin.checkIdentifier (C:\Users\FUJITSU\Documents\PROJECTS\8w6s_profile\node_modules\next\dist\compiled\babel\bundle.js:191:279152)]
    [at TypeScriptParserMixin.checkLVal (C:\Users\FUJITSU\Documents\PROJECTS\8w6s_profile\node_modules\next\dist\compiled\babel\bundle.js:191:278197)]
    [at TypeScriptParserMixin.parseVarId (C:\Users\FUJITSU\Documents\PROJECTS\8w6s_profile\node_modules\next\dist\compiled\babel\bundle.js:191:403644)]
    [at TypeScriptParserMixin.parseVarId (C:\Users\FUJITSU\Documents\PROJECTS\8w6s_profile\node_modules\next\dist\compiled\babel\bundle.js:191:329902)]
    [at TypeScriptParserMixin.parseVar (C:\Users\FUJITSU\Documents\PROJECTS\8w6s_profile\node_modules\next\dist\compiled\babel\bundle.js:191:402884)]
    [at TypeScriptParserMixin.parseVarStatement (C:\Users\FUJITSU\Documents\PROJECTS\8w6s_profile\node_modules\next\dist\compiled\babel\bundle.js:191:399366)]
    [at TypeScriptParserMixin.parseVarStatement (C:\Users\FUJITSU\Documents\PROJECTS\8w6s_profile\node_modules\next\dist\compiled\babel\bundle.js:191:323322)]
    [at TypeScriptParserMixin.parseStatementContent (C:\Users\FUJITSU\Documents\PROJECTS\8w6s_profile\node_modules\next\dist\compiled\babel\bundle.js:191:391398)]
    [at TypeScriptParserMixin.parseStatementContent (C:\Users\FUJITSU\Documents\PROJECTS\8w6s_profile\node_modules\next\dist\compiled\babel\bundle.js:191:324042)]
    [at TypeScriptParserMixin.parseStatementLike (C:\Users\FUJITSU\Documents\PROJECTS\8w6s_profile\node_modules\next\dist\compiled\babel\bundle.js:191:389494)]
    [at TypeScriptParserMixin.parseStatementListItem (C:\Users\FUJITSU\Documents\PROJECTS\8w6s_profile\node_modules\next\dist\compiled\babel\bundle.js:191:389120)]
    [at TypeScriptParserMixin.parseBlockOrModuleBlockBody (C:\Users\FUJITSU\Documents\PROJECTS\8w6s_profile\node_modules\next\dist\compiled\babel\bundle.js:191:401423)]
    [at TypeScriptParserMixin.parseBlockBody (C:\Users\FUJITSU\Documents\PROJECTS\8w6s_profile\node_modules\next\dist\compiled\babel\bundle.js:191:401223)]
    [at TypeScriptParserMixin.parseBlock (C:\Users\FUJITSU\Documents\PROJECTS\8w6s_profile\node_modules\next\dist\compiled\babel\bundle.js:191:400923)]
    [at TypeScriptParserMixin.parseFunctionBody (C:\Users\FUJITSU\Documents\PROJECTS\8w6s_profile\node_modules\next\dist\compiled\babel\bundle.js:191:378053)]
    [at TypeScriptParserMixin.parseArrowExpression (C:\Users\FUJITSU\Documents\PROJECTS\8w6s_profile\node_modules\next\dist\compiled\babel\bundle.js:191:377398)]
    [at TypeScriptParserMixin.parseParenAndDistinguishExpression (C:\Users\FUJITSU\Documents\PROJECTS\8w6s_profile\node_modules\next\dist\compiled\babel\bundle.js:191:369594)]
    [at TypeScriptParserMixin.parseExprAtom (C:\Users\FUJITSU\Documents\PROJECTS\8w6s_profile\node_modules\next\dist\compiled\babel\bundle.js:191:361477)]
    [at TypeScriptParserMixin.parseExprAtom (C:\Users\FUJITSU\Documents\PROJECTS\8w6s_profile\node_modules\next\dist\compiled\babel\bundle.js:191:269272)]
    [at TypeScriptParserMixin.parseExprSubscripts (C:\Users\FUJITSU\Documents\PROJECTS\8w6s_profile\node_modules\next\dist\compiled\babel\bundle.js:191:356364)]
    [at TypeScriptParserMixin.parseUpdate (C:\Users\FUJITSU\Documents\PROJECTS\8w6s_profile\node_modules\next\dist\compiled\babel\bundle.js:191:355963)]
    [at TypeScriptParserMixin.parseMaybeUnary (C:\Users\FUJITSU\Documents\PROJECTS\8w6s_profile\node_modules\next\dist\compiled\babel\bundle.js:191:355527)]
    [at TypeScriptParserMixin.parseMaybeUnary (C:\Users\FUJITSU\Documents\PROJECTS\8w6s_profile\node_modules\next\dist\compiled\babel\bundle.js:191:331837)]
    [at TypeScriptParserMixin.parseMaybeUnaryOrPrivate (C:\Users\FUJITSU\Documents\PROJECTS\8w6s_profile\node_modules\next\dist\compiled\babel\bundle.js:191:352169)]
    [at TypeScriptParserMixin.parseExprOps (C:\Users\FUJITSU\Documents\PROJECTS\8w6s_profile\node_modules\next\dist\compiled\babel\bundle.js:191:352281)]
    [at TypeScriptParserMixin.parseMaybeConditional (C:\Users\FUJITSU\Documents\PROJECTS\8w6s_profile\node_modules\next\dist\compiled\babel\bundle.js:191:351760)]
    [at TypeScriptParserMixin.parseMaybeAssign (C:\Users\FUJITSU\Documents\PROJECTS\8w6s_profile\node_modules\next\dist\compiled\babel\bundle.js:191:350714)]
    [at TypeScriptParserMixin.parseMaybeAssign (C:\Users\FUJITSU\Documents\PROJECTS\8w6s_profile\node_modules\next\dist\compiled\babel\bundle.js:191:330620)]
    [at C:\Users\FUJITSU\Documents\PROJECTS\8w6s_profile\node_modules\next\dist\compiled\babel\bundle.js:191:350260]
    [at TypeScriptParserMixin.allowInAnd (C:\Users\FUJITSU\Documents\PROJECTS\8w6s_profile\node_modules\next\dist\compiled\babel\bundle.js:191:383926)]
    [at TypeScriptParserMixin.parseMaybeAssignAllowIn (C:\Users\FUJITSU\Documents\PROJECTS\8w6s_profile\node_modules\next\dist\compiled\babel\bundle.js:191:350239)]
    [at TypeScriptParserMixin.parseVar (C:\Users\FUJITSU\Documents\PROJECTS\8w6s_profile\node_modules\next\dist\compiled\babel\bundle.js:191:402967)]
    [at TypeScriptParserMixin.parseVarStatement (C:\Users\FUJITSU\Documents\PROJECTS\8w6s_profile\node_modules\next\dist\compiled\babel\bundle.js:191:399366)]
    [at TypeScriptParserMixin.parseVarStatement (C:\Users\FUJITSU\Documents\PROJECTS\8w6s_profile\node_modules\next\dist\compiled\babel\bundle.js:191:323322)]
    [at TypeScriptParserMixin.parseStatementContent (C:\Users\FUJITSU\Documents\PROJECTS\8w6s_profile\node_modules\next\dist\compiled\babel\bundle.js:191:391398)]
    [at TypeScriptParserMixin.parseStatementContent (C:\Users\FUJITSU\Documents\PROJECTS\8w6s_profile\node_modules\next\dist\compiled\babel\bundle.js:191:324042)]
    [at TypeScriptParserMixin.parseStatementLike (C:\Users\FUJITSU\Documents\PROJECTS\8w6s_profile\node_modules\next\dist\compiled\babel\bundle.js:191:389494)]
    [at TypeScriptParserMixin.parseStatementListItem (C:\Users\FUJITSU\Documents\PROJECTS\8w6s_profile\node_modules\next\dist\compiled\babel\bundle.js:191:389120)]
    [at TypeScriptParserMixin.parseBlockOrModuleBlockBody (C:\Users\FUJITSU\Documents\PROJECTS\8w6s_profile\node_modules\next\dist\compiled\babel\bundle.js:191:401423)]
    [at TypeScriptParserMixin.parseBlockBody (C:\Users\FUJITSU\Documents\PROJECTS\8w6s_profile\node_modules\next\dist\compiled\babel\bundle.js:191:401223)]
    [at TypeScriptParserMixin.parseBlock (C:\Users\FUJITSU\Documents\PROJECTS\8w6s_profile\node_modules\next\dist\compiled\babel\bundle.js:191:400923)]
    [at TypeScriptParserMixin.parseFunctionBody (C:\Users\FUJITSU\Documents\PROJECTS\8w6s_profile\node_modules\next\dist\compiled\babel\bundle.js:191:378053)]
    [at TypeScriptParserMixin.parseFunctionBodyAndFinish (C:\Users\FUJITSU\Documents\PROJECTS\8w6s_profile\node_modules\next\dist\compiled\babel\bundle.js:191:377675)]
    [at TypeScriptParserMixin.parseFunctionBodyAndFinish (C:\Users\FUJITSU\Documents\PROJECTS\8w6s_profile\node_modules\next\dist\compiled\babel\bundle.js:191:318173)]

Import traces:
  Client Component Browser:
    ./app/admin/page.tsx [Client Component Browser]
    ./app/admin/page.tsx [Server Component]

  Client Component SSR:
    ./app/admin/page.tsx [Client Component SSR]
    ./app/admin/page.tsx [Server Component] @ http://localhost:3000/_next/static/chunks/node_modules_next_dist_0u_w_5s._.js:1945
[ 1086941ms] [ERROR] ./app/admin/page.tsx:667:15
the name `currentSkill` is defined multiple times
  665 |         if (!currentSkill) return;
  666 |
> 667 |         const currentSkill = newSkills[index];
      |               ^^^^^^^^^^^^
  668 |         const normalizedSkill = typeof currentSkill === 'object' && currentSkill !== null
  669 |             ? currentSkill
  670 |             : {

Ecmascript file had an error

Import traces:
  Client Component Browser:
    ./app/admin/page.tsx [Client Component Browser]
    ./app/admin/page.tsx [Server Component]

  Client Component SSR:
    ./app/admin/page.tsx [Client Component SSR]
    ./app/admin/page.tsx [Server Component] @ http://localhost:3000/_next/static/chunks/node_modules_next_dist_0u_w_5s._.js:1945
[ 1104739ms] [ERROR] ./app/admin/page.tsx
Error evaluating Node.js code
SyntaxError: C:\Users\FUJITSU\Documents\PROJECTS\8w6s_profile\app\admin\page.tsx: Identifier 'currentSkill' has already been declared. (667:14)

  665 |         if (!currentSkill) return;
  666 |
> 667 |         const currentSkill = newSkills[index];
      |               ^
  668 |         const normalizedSkill = typeof currentSkill === 'object' && currentSkill !== null
  669 |             ? currentSkill
  670 |             : {
  (from C:\Users\FUJITSU\Documents\PROJECTS\8w6s_profile\node_modules\next\dist\build\babel\loader\index.js)
    [at constructor (C:\Users\FUJITSU\Documents\PROJECTS\8w6s_profile\node_modules\next\dist\compiled\babel\bundle.js:191:137105)]
    [at TypeScriptParserMixin.raise (C:\Users\FUJITSU\Documents\PROJECTS\8w6s_profile\node_modules\next\dist\compiled\babel\bundle.js:191:194164)]
    [at TypeScriptScopeHandler.checkRedeclarationInScope (C:\Users\FUJITSU\Documents\PROJECTS\8w6s_profile\node_modules\next\dist\compiled\babel\bundle.js:191:163166)]
    [at TypeScriptScopeHandler.declareName (C:\Users\FUJITSU\Documents\PROJECTS\8w6s_profile\node_modules\next\dist\compiled\babel\bundle.js:191:162529)]
    [at TypeScriptScopeHandler.declareName (C:\Users\FUJITSU\Documents\PROJECTS\8w6s_profile\node_modules\next\dist\compiled\babel\bundle.js:191:271160)]
    [at TypeScriptParserMixin.declareNameFromIdentifier (C:\Users\FUJITSU\Documents\PROJECTS\8w6s_profile\node_modules\next\dist\compiled\babel\bundle.js:191:279226)]
    [at TypeScriptParserMixin.checkIdentifier (C:\Users\FUJITSU\Documents\PROJECTS\8w6s_profile\node_modules\next\dist\compiled\babel\bundle.js:191:279152)]
    [at TypeScriptParserMixin.checkLVal (C:\Users\FUJITSU\Documents\PROJECTS\8w6s_profile\node_modules\next\dist\compiled\babel\bundle.js:191:278197)]
    [at TypeScriptParserMixin.parseVarId (C:\Users\FUJITSU\Documents\PROJECTS\8w6s_profile\node_modules\next\dist\compiled\babel\bundle.js:191:403644)]
    [at TypeScriptParserMixin.parseVarId (C:\Users\FUJITSU\Documents\PROJECTS\8w6s_profile\node_modules\next\dist\compiled\babel\bundle.js:191:329902)]
    [at TypeScriptParserMixin.parseVar (C:\Users\FUJITSU\Documents\PROJECTS\8w6s_profile\node_modules\next\dist\compiled\babel\bundle.js:191:402884)]
    [at TypeScriptParserMixin.parseVarStatement (C:\Users\FUJITSU\Documents\PROJECTS\8w6s_profile\node_modules\next\dist\compiled\babel\bundle.js:191:399366)]
    [at TypeScriptParserMixin.parseVarStatement (C:\Users\FUJITSU\Documents\PROJECTS\8w6s_profile\node_modules\next\dist\compiled\babel\bundle.js:191:323322)]
    [at TypeScriptParserMixin.parseStatementContent (C:\Users\FUJITSU\Documents\PROJECTS\8w6s_profile\node_modules\next\dist\compiled\babel\bundle.js:191:391398)]
    [at TypeScriptParserMixin.parseStatementContent (C:\Users\FUJITSU\Documents\PROJECTS\8w6s_profile\node_modules\next\dist\compiled\babel\bundle.js:191:324042)]
    [at TypeScriptParserMixin.parseStatementLike (C:\Users\FUJITSU\Documents\PROJECTS\8w6s_profile\node_modules\next\dist\compiled\babel\bundle.js:191:389494)]
    [at TypeScriptParserMixin.parseStatementListItem (C:\Users\FUJITSU\Documents\PROJECTS\8w6s_profile\node_modules\next\dist\compiled\babel\bundle.js:191:389120)]
    [at TypeScriptParserMixin.parseBlockOrModuleBlockBody (C:\Users\FUJITSU\Documents\PROJECTS\8w6s_profile\node_modules\next\dist\compiled\babel\bundle.js:191:401423)]
    [at TypeScriptParserMixin.parseBlockBody (C:\Users\FUJITSU\Documents\PROJECTS\8w6s_profile\node_modules\next\dist\compiled\babel\bundle.js:191:401223)]
    [at TypeScriptParserMixin.parseBlock (C:\Users\FUJITSU\Documents\PROJECTS\8w6s_profile\node_modules\next\dist\compiled\babel\bundle.js:191:400923)]
    [at TypeScriptParserMixin.parseFunctionBody (C:\Users\FUJITSU\Documents\PROJECTS\8w6s_profile\node_modules\next\dist\compiled\babel\bundle.js:191:378053)]
    [at TypeScriptParserMixin.parseArrowExpression (C:\Users\FUJITSU\Documents\PROJECTS\8w6s_profile\node_modules\next\dist\compiled\babel\bundle.js:191:377398)]
    [at TypeScriptParserMixin.parseParenAndDistinguishExpression (C:\Users\FUJITSU\Documents\PROJECTS\8w6s_profile\node_modules\next\dist\compiled\babel\bundle.js:191:369594)]
    [at TypeScriptParserMixin.parseExprAtom (C:\Users\FUJITSU\Documents\PROJECTS\8w6s_profile\node_modules\next\dist\compiled\babel\bundle.js:191:361477)]
    [at TypeScriptParserMixin.parseExprAtom (C:\Users\FUJITSU\Documents\PROJECTS\8w6s_profile\node_modules\next\dist\compiled\babel\bundle.js:191:269272)]
    [at TypeScriptParserMixin.parseExprSubscripts (C:\Users\FUJITSU\Documents\PROJECTS\8w6s_profile\node_modules\next\dist\compiled\babel\bundle.js:191:356364)]
    [at TypeScriptParserMixin.parseUpdate (C:\Users\FUJITSU\Documents\PROJECTS\8w6s_profile\node_modules\next\dist\compiled\babel\bundle.js:191:355963)]
    [at TypeScriptParserMixin.parseMaybeUnary (C:\Users\FUJITSU\Documents\PROJECTS\8w6s_profile\node_modules\next\dist\compiled\babel\bundle.js:191:355527)]
    [at TypeScriptParserMixin.parseMaybeUnary (C:\Users\FUJITSU\Documents\PROJECTS\8w6s_profile\node_modules\next\dist\compiled\babel\bundle.js:191:331837)]
    [at TypeScriptParserMixin.parseMaybeUnaryOrPrivate (C:\Users\FUJITSU\Documents\PROJECTS\8w6s_profile\node_modules\next\dist\compiled\babel\bundle.js:191:352169)]
    [at TypeScriptParserMixin.parseExprOps (C:\Users\FUJITSU\Documents\PROJECTS\8w6s_profile\node_modules\next\dist\compiled\babel\bundle.js:191:352281)]
    [at TypeScriptParserMixin.parseMaybeConditional (C:\Users\FUJITSU\Documents\PROJECTS\8w6s_profile\node_modules\next\dist\compiled\babel\bundle.js:191:351760)]
    [at TypeScriptParserMixin.parseMaybeAssign (C:\Users\FUJITSU\Documents\PROJECTS\8w6s_profile\node_modules\next\dist\compiled\babel\bundle.js:191:350714)]
    [at TypeScriptParserMixin.parseMaybeAssign (C:\Users\FUJITSU\Documents\PROJECTS\8w6s_profile\node_modules\next\dist\compiled\babel\bundle.js:191:330620)]
    [at C:\Users\FUJITSU\Documents\PROJECTS\8w6s_profile\node_modules\next\dist\compiled\babel\bundle.js:191:350260]
    [at TypeScriptParserMixin.allowInAnd (C:\Users\FUJITSU\Documents\PROJECTS\8w6s_profile\node_modules\next\dist\compiled\babel\bundle.js:191:383926)]
    [at TypeScriptParserMixin.parseMaybeAssignAllowIn (C:\Users\FUJITSU\Documents\PROJECTS\8w6s_profile\node_modules\next\dist\compiled\babel\bundle.js:191:350239)]
    [at TypeScriptParserMixin.parseVar (C:\Users\FUJITSU\Documents\PROJECTS\8w6s_profile\node_modules\next\dist\compiled\babel\bundle.js:191:402967)]
    [at TypeScriptParserMixin.parseVarStatement (C:\Users\FUJITSU\Documents\PROJECTS\8w6s_profile\node_modules\next\dist\compiled\babel\bundle.js:191:399366)]
    [at TypeScriptParserMixin.parseVarStatement (C:\Users\FUJITSU\Documents\PROJECTS\8w6s_profile\node_modules\next\dist\compiled\babel\bundle.js:191:323322)]
    [at TypeScriptParserMixin.parseStatementContent (C:\Users\FUJITSU\Documents\PROJECTS\8w6s_profile\node_modules\next\dist\compiled\babel\bundle.js:191:391398)]
    [at TypeScriptParserMixin.parseStatementContent (C:\Users\FUJITSU\Documents\PROJECTS\8w6s_profile\node_modules\next\dist\compiled\babel\bundle.js:191:324042)]
    [at TypeScriptParserMixin.parseStatementLike (C:\Users\FUJITSU\Documents\PROJECTS\8w6s_profile\node_modules\next\dist\compiled\babel\bundle.js:191:389494)]
    [at TypeScriptParserMixin.parseStatementListItem (C:\Users\FUJITSU\Documents\PROJECTS\8w6s_profile\node_modules\next\dist\compiled\babel\bundle.js:191:389120)]
    [at TypeScriptParserMixin.parseBlockOrModuleBlockBody (C:\Users\FUJITSU\Documents\PROJECTS\8w6s_profile\node_modules\next\dist\compiled\babel\bundle.js:191:401423)]
    [at TypeScriptParserMixin.parseBlockBody (C:\Users\FUJITSU\Documents\PROJECTS\8w6s_profile\node_modules\next\dist\compiled\babel\bundle.js:191:401223)]
    [at TypeScriptParserMixin.parseBlock (C:\Users\FUJITSU\Documents\PROJECTS\8w6s_profile\node_modules\next\dist\compiled\babel\bundle.js:191:400923)]
    [at TypeScriptParserMixin.parseFunctionBody (C:\Users\FUJITSU\Documents\PROJECTS\8w6s_profile\node_modules\next\dist\compiled\babel\bundle.js:191:378053)]
    [at TypeScriptParserMixin.parseFunctionBodyAndFinish (C:\Users\FUJITSU\Documents\PROJECTS\8w6s_profile\node_modules\next\dist\compiled\babel\bundle.js:191:377675)]
    [at TypeScriptParserMixin.parseFunctionBodyAndFinish (C:\Users\FUJITSU\Documents\PROJECTS\8w6s_profile\node_modules\next\dist\compiled\babel\bundle.js:191:318173)]

Import traces:
  Client Component Browser:
    ./app/admin/page.tsx [Client Component Browser]
    ./app/admin/page.tsx [Server Component]

  Client Component SSR:
    ./app/admin/page.tsx [Client Component SSR]
    ./app/admin/page.tsx [Server Component] @ http://localhost:3000/_next/static/chunks/node_modules_next_dist_0u_w_5s._.js:1945
[ 1104740ms] [ERROR] ./app/admin/page.tsx:667:15
the name `currentSkill` is defined multiple times
  665 |         if (!currentSkill) return;
  666 |
> 667 |         const currentSkill = newSkills[index];
      |               ^^^^^^^^^^^^
  668 |         const normalizedSkill = typeof currentSkill === 'object' && currentSkill !== null
  669 |             ? currentSkill
  670 |             : {

Ecmascript file had an error

Import traces:
  Client Component Browser:
    ./app/admin/page.tsx [Client Component Browser]
    ./app/admin/page.tsx [Server Component]

  Client Component SSR:
    ./app/admin/page.tsx [Client Component SSR]
    ./app/admin/page.tsx [Server Component] @ http://localhost:3000/_next/static/chunks/node_modules_next_dist_0u_w_5s._.js:1945
[ 1104856ms] [LOG] [Fast Refresh] rebuilding @ http://localhost:3000/_next/static/chunks/node_modules_next_dist_0u_w_5s._.js:1226
[ 1108979ms] [ERROR] ./app/admin/page.tsx
Error evaluating Node.js code
SyntaxError: C:\Users\FUJITSU\Documents\PROJECTS\8w6s_profile\app\admin\page.tsx: Identifier 'currentSkill' has already been declared. (665:14)

  663 |         if (!currentSkill) return;
  664 |
> 665 |         const currentSkill = newSkills[index];
      |               ^
  666 |         const normalizedSkill = typeof currentSkill === 'object' && currentSkill !== null
  667 |             ? currentSkill
  668 |             : {
  (from C:\Users\FUJITSU\Documents\PROJECTS\8w6s_profile\node_modules\next\dist\build\babel\loader\index.js)
    [at constructor (C:\Users\FUJITSU\Documents\PROJECTS\8w6s_profile\node_modules\next\dist\compiled\babel\bundle.js:191:137105)]
    [at TypeScriptParserMixin.raise (C:\Users\FUJITSU\Documents\PROJECTS\8w6s_profile\node_modules\next\dist\compiled\babel\bundle.js:191:194164)]
    [at TypeScriptScopeHandler.checkRedeclarationInScope (C:\Users\FUJITSU\Documents\PROJECTS\8w6s_profile\node_modules\next\dist\compiled\babel\bundle.js:191:163166)]
    [at TypeScriptScopeHandler.declareName (C:\Users\FUJITSU\Documents\PROJECTS\8w6s_profile\node_modules\next\dist\compiled\babel\bundle.js:191:162529)]
    [at TypeScriptScopeHandler.declareName (C:\Users\FUJITSU\Documents\PROJECTS\8w6s_profile\node_modules\next\dist\compiled\babel\bundle.js:191:271160)]
    [at TypeScriptParserMixin.declareNameFromIdentifier (C:\Users\FUJITSU\Documents\PROJECTS\8w6s_profile\node_modules\next\dist\compiled\babel\bundle.js:191:279226)]
    [at TypeScriptParserMixin.checkIdentifier (C:\Users\FUJITSU\Documents\PROJECTS\8w6s_profile\node_modules\next\dist\compiled\babel\bundle.js:191:279152)]
    [at TypeScriptParserMixin.checkLVal (C:\Users\FUJITSU\Documents\PROJECTS\8w6s_profile\node_modules\next\dist\compiled\babel\bundle.js:191:278197)]
    [at TypeScriptParserMixin.parseVarId (C:\Users\FUJITSU\Documents\PROJECTS\8w6s_profile\node_modules\next\dist\compiled\babel\bundle.js:191:403644)]
    [at TypeScriptParserMixin.parseVarId (C:\Users\FUJITSU\Documents\PROJECTS\8w6s_profile\node_modules\next\dist\compiled\babel\bundle.js:191:329902)]
    [at TypeScriptParserMixin.parseVar (C:\Users\FUJITSU\Documents\PROJECTS\8w6s_profile\node_modules\next\dist\compiled\babel\bundle.js:191:402884)]
    [at TypeScriptParserMixin.parseVarStatement (C:\Users\FUJITSU\Documents\PROJECTS\8w6s_profile\node_modules\next\dist\compiled\babel\bundle.js:191:399366)]
    [at TypeScriptParserMixin.parseVarStatement (C:\Users\FUJITSU\Documents\PROJECTS\8w6s_profile\node_modules\next\dist\compiled\babel\bundle.js:191:323322)]
    [at TypeScriptParserMixin.parseStatementContent (C:\Users\FUJITSU\Documents\PROJECTS\8w6s_profile\node_modules\next\dist\compiled\babel\bundle.js:191:391398)]
    [at TypeScriptParserMixin.parseStatementContent (C:\Users\FUJITSU\Documents\PROJECTS\8w6s_profile\node_modules\next\dist\compiled\babel\bundle.js:191:324042)]
    [at TypeScriptParserMixin.parseStatementLike (C:\Users\FUJITSU\Documents\PROJECTS\8w6s_profile\node_modules\next\dist\compiled\babel\bundle.js:191:389494)]
    [at TypeScriptParserMixin.parseStatementListItem (C:\Users\FUJITSU\Documents\PROJECTS\8w6s_profile\node_modules\next\dist\compiled\babel\bundle.js:191:389120)]
    [at TypeScriptParserMixin.parseBlockOrModuleBlockBody (C:\Users\FUJITSU\Documents\PROJECTS\8w6s_profile\node_modules\next\dist\compiled\babel\bundle.js:191:401423)]
    [at TypeScriptParserMixin.parseBlockBody (C:\Users\FUJITSU\Documents\PROJECTS\8w6s_profile\node_modules\next\dist\compiled\babel\bundle.js:191:401223)]
    [at TypeScriptParserMixin.parseBlock (C:\Users\FUJITSU\Documents\PROJECTS\8w6s_profile\node_modules\next\dist\compiled\babel\bundle.js:191:400923)]
    [at TypeScriptParserMixin.parseFunctionBody (C:\Users\FUJITSU\Documents\PROJECTS\8w6s_profile\node_modules\next\dist\compiled\babel\bundle.js:191:378053)]
    [at TypeScriptParserMixin.parseArrowExpression (C:\Users\FUJITSU\Documents\PROJECTS\8w6s_profile\node_modules\next\dist\compiled\babel\bundle.js:191:377398)]
    [at TypeScriptParserMixin.parseParenAndDistinguishExpression (C:\Users\FUJITSU\Documents\PROJECTS\8w6s_profile\node_modules\next\dist\compiled\babel\bundle.js:191:369594)]
    [at TypeScriptParserMixin.parseExprAtom (C:\Users\FUJITSU\Documents\PROJECTS\8w6s_profile\node_modules\next\dist\compiled\babel\bundle.js:191:361477)]
    [at TypeScriptParserMixin.parseExprAtom (C:\Users\FUJITSU\Documents\PROJECTS\8w6s_profile\node_modules\next\dist\compiled\babel\bundle.js:191:269272)]
    [at TypeScriptParserMixin.parseExprSubscripts (C:\Users\FUJITSU\Documents\PROJECTS\8w6s_profile\node_modules\next\dist\compiled\babel\bundle.js:191:356364)]
    [at TypeScriptParserMixin.parseUpdate (C:\Users\FUJITSU\Documents\PROJECTS\8w6s_profile\node_modules\next\dist\compiled\babel\bundle.js:191:355963)]
    [at TypeScriptParserMixin.parseMaybeUnary (C:\Users\FUJITSU\Documents\PROJECTS\8w6s_profile\node_modules\next\dist\compiled\babel\bundle.js:191:355527)]
    [at TypeScriptParserMixin.parseMaybeUnary (C:\Users\FUJITSU\Documents\PROJECTS\8w6s_profile\node_modules\next\dist\compiled\babel\bundle.js:191:331837)]
    [at TypeScriptParserMixin.parseMaybeUnaryOrPrivate (C:\Users\FUJITSU\Documents\PROJECTS\8w6s_profile\node_modules\next\dist\compiled\babel\bundle.js:191:352169)]
    [at TypeScriptParserMixin.parseExprOps (C:\Users\FUJITSU\Documents\PROJECTS\8w6s_profile\node_modules\next\dist\compiled\babel\bundle.js:191:352281)]
    [at TypeScriptParserMixin.parseMaybeConditional (C:\Users\FUJITSU\Documents\PROJECTS\8w6s_profile\node_modules\next\dist\compiled\babel\bundle.js:191:351760)]
    [at TypeScriptParserMixin.parseMaybeAssign (C:\Users\FUJITSU\Documents\PROJECTS\8w6s_profile\node_modules\next\dist\compiled\babel\bundle.js:191:350714)]
    [at TypeScriptParserMixin.parseMaybeAssign (C:\Users\FUJITSU\Documents\PROJECTS\8w6s_profile\node_modules\next\dist\compiled\babel\bundle.js:191:330620)]
    [at C:\Users\FUJITSU\Documents\PROJECTS\8w6s_profile\node_modules\next\dist\compiled\babel\bundle.js:191:350260]
    [at TypeScriptParserMixin.allowInAnd (C:\Users\FUJITSU\Documents\PROJECTS\8w6s_profile\node_modules\next\dist\compiled\babel\bundle.js:191:383926)]
    [at TypeScriptParserMixin.parseMaybeAssignAllowIn (C:\Users\FUJITSU\Documents\PROJECTS\8w6s_profile\node_modules\next\dist\compiled\babel\bundle.js:191:350239)]
    [at TypeScriptParserMixin.parseVar (C:\Users\FUJITSU\Documents\PROJECTS\8w6s_profile\node_modules\next\dist\compiled\babel\bundle.js:191:402967)]
    [at TypeScriptParserMixin.parseVarStatement (C:\Users\FUJITSU\Documents\PROJECTS\8w6s_profile\node_modules\next\dist\compiled\babel\bundle.js:191:399366)]
    [at TypeScriptParserMixin.parseVarStatement (C:\Users\FUJITSU\Documents\PROJECTS\8w6s_profile\node_modules\next\dist\compiled\babel\bundle.js:191:323322)]
    [at TypeScriptParserMixin.parseStatementContent (C:\Users\FUJITSU\Documents\PROJECTS\8w6s_profile\node_modules\next\dist\compiled\babel\bundle.js:191:391398)]
    [at TypeScriptParserMixin.parseStatementContent (C:\Users\FUJITSU\Documents\PROJECTS\8w6s_profile\node_modules\next\dist\compiled\babel\bundle.js:191:324042)]
    [at TypeScriptParserMixin.parseStatementLike (C:\Users\FUJITSU\Documents\PROJECTS\8w6s_profile\node_modules\next\dist\compiled\babel\bundle.js:191:389494)]
    [at TypeScriptParserMixin.parseStatementListItem (C:\Users\FUJITSU\Documents\PROJECTS\8w6s_profile\node_modules\next\dist\compiled\babel\bundle.js:191:389120)]
    [at TypeScriptParserMixin.parseBlockOrModuleBlockBody (C:\Users\FUJITSU\Documents\PROJECTS\8w6s_profile\node_modules\next\dist\compiled\babel\bundle.js:191:401423)]
    [at TypeScriptParserMixin.parseBlockBody (C:\Users\FUJITSU\Documents\PROJECTS\8w6s_profile\node_modules\next\dist\compiled\babel\bundle.js:191:401223)]
    [at TypeScriptParserMixin.parseBlock (C:\Users\FUJITSU\Documents\PROJECTS\8w6s_profile\node_modules\next\dist\compiled\babel\bundle.js:191:400923)]
    [at TypeScriptParserMixin.parseFunctionBody (C:\Users\FUJITSU\Documents\PROJECTS\8w6s_profile\node_modules\next\dist\compiled\babel\bundle.js:191:378053)]
    [at TypeScriptParserMixin.parseFunctionBodyAndFinish (C:\Users\FUJITSU\Documents\PROJECTS\8w6s_profile\node_modules\next\dist\compiled\babel\bundle.js:191:377675)]
    [at TypeScriptParserMixin.parseFunctionBodyAndFinish (C:\Users\FUJITSU\Documents\PROJECTS\8w6s_profile\node_modules\next\dist\compiled\babel\bundle.js:191:318173)]

Import traces:
  Client Component Browser:
    ./app/admin/page.tsx [Client Component Browser]
    ./app/admin/page.tsx [Server Component]

  Client Component SSR:
    ./app/admin/page.tsx [Client Component SSR]
    ./app/admin/page.tsx [Server Component] @ http://localhost:3000/_next/static/chunks/node_modules_next_dist_0u_w_5s._.js:1945
[ 1108980ms] [ERROR] ./app/admin/page.tsx:665:15
the name `currentSkill` is defined multiple times
  663 |         if (!currentSkill) return;
  664 |
> 665 |         const currentSkill = newSkills[index];
      |               ^^^^^^^^^^^^
  666 |         const normalizedSkill = typeof currentSkill === 'object' && currentSkill !== null
  667 |             ? currentSkill
  668 |             : {

Ecmascript file had an error

Import traces:
  Client Component Browser:
    ./app/admin/page.tsx [Client Component Browser]
    ./app/admin/page.tsx [Server Component]

  Client Component SSR:
    ./app/admin/page.tsx [Client Component SSR]
    ./app/admin/page.tsx [Server Component] @ http://localhost:3000/_next/static/chunks/node_modules_next_dist_0u_w_5s._.js:1945
[ 1109386ms] [ERROR] ./app/admin/page.tsx
Error evaluating Node.js code
SyntaxError: C:\Users\FUJITSU\Documents\PROJECTS\8w6s_profile\app\admin\page.tsx: Identifier 'currentSkill' has already been declared. (665:14)

  663 |         if (!currentSkill) return;
  664 |
> 665 |         const currentSkill = newSkills[index];
      |               ^
  666 |         const normalizedSkill = typeof currentSkill === 'object' && currentSkill !== null
  667 |             ? currentSkill
  668 |             : {
  (from C:\Users\FUJITSU\Documents\PROJECTS\8w6s_profile\node_modules\next\dist\build\babel\loader\index.js)
    [at constructor (C:\Users\FUJITSU\Documents\PROJECTS\8w6s_profile\node_modules\next\dist\compiled\babel\bundle.js:191:137105)]
    [at TypeScriptParserMixin.raise (C:\Users\FUJITSU\Documents\PROJECTS\8w6s_profile\node_modules\next\dist\compiled\babel\bundle.js:191:194164)]
    [at TypeScriptScopeHandler.checkRedeclarationInScope (C:\Users\FUJITSU\Documents\PROJECTS\8w6s_profile\node_modules\next\dist\compiled\babel\bundle.js:191:163166)]
    [at TypeScriptScopeHandler.declareName (C:\Users\FUJITSU\Documents\PROJECTS\8w6s_profile\node_modules\next\dist\compiled\babel\bundle.js:191:162529)]
    [at TypeScriptScopeHandler.declareName (C:\Users\FUJITSU\Documents\PROJECTS\8w6s_profile\node_modules\next\dist\compiled\babel\bundle.js:191:271160)]
    [at TypeScriptParserMixin.declareNameFromIdentifier (C:\Users\FUJITSU\Documents\PROJECTS\8w6s_profile\node_modules\next\dist\compiled\babel\bundle.js:191:279226)]
    [at TypeScriptParserMixin.checkIdentifier (C:\Users\FUJITSU\Documents\PROJECTS\8w6s_profile\node_modules\next\dist\compiled\babel\bundle.js:191:279152)]
    [at TypeScriptParserMixin.checkLVal (C:\Users\FUJITSU\Documents\PROJECTS\8w6s_profile\node_modules\next\dist\compiled\babel\bundle.js:191:278197)]
    [at TypeScriptParserMixin.parseVarId (C:\Users\FUJITSU\Documents\PROJECTS\8w6s_profile\node_modules\next\dist\compiled\babel\bundle.js:191:403644)]
    [at TypeScriptParserMixin.parseVarId (C:\Users\FUJITSU\Documents\PROJECTS\8w6s_profile\node_modules\next\dist\compiled\babel\bundle.js:191:329902)]
    [at TypeScriptParserMixin.parseVar (C:\Users\FUJITSU\Documents\PROJECTS\8w6s_profile\node_modules\next\dist\compiled\babel\bundle.js:191:402884)]
    [at TypeScriptParserMixin.parseVarStatement (C:\Users\FUJITSU\Documents\PROJECTS\8w6s_profile\node_modules\next\dist\compiled\babel\bundle.js:191:399366)]
    [at TypeScriptParserMixin.parseVarStatement (C:\Users\FUJITSU\Documents\PROJECTS\8w6s_profile\node_modules\next\dist\compiled\babel\bundle.js:191:323322)]
    [at TypeScriptParserMixin.parseStatementContent (C:\Users\FUJITSU\Documents\PROJECTS\8w6s_profile\node_modules\next\dist\compiled\babel\bundle.js:191:391398)]
    [at TypeScriptParserMixin.parseStatementContent (C:\Users\FUJITSU\Documents\PROJECTS\8w6s_profile\node_modules\next\dist\compiled\babel\bundle.js:191:324042)]
    [at TypeScriptParserMixin.parseStatementLike (C:\Users\FUJITSU\Documents\PROJECTS\8w6s_profile\node_modules\next\dist\compiled\babel\bundle.js:191:389494)]
    [at TypeScriptParserMixin.parseStatementListItem (C:\Users\FUJITSU\Documents\PROJECTS\8w6s_profile\node_modules\next\dist\compiled\babel\bundle.js:191:389120)]
    [at TypeScriptParserMixin.parseBlockOrModuleBlockBody (C:\Users\FUJITSU\Documents\PROJECTS\8w6s_profile\node_modules\next\dist\compiled\babel\bundle.js:191:401423)]
    [at TypeScriptParserMixin.parseBlockBody (C:\Users\FUJITSU\Documents\PROJECTS\8w6s_profile\node_modules\next\dist\compiled\babel\bundle.js:191:401223)]
    [at TypeScriptParserMixin.parseBlock (C:\Users\FUJITSU\Documents\PROJECTS\8w6s_profile\node_modules\next\dist\compiled\babel\bundle.js:191:400923)]
    [at TypeScriptParserMixin.parseFunctionBody (C:\Users\FUJITSU\Documents\PROJECTS\8w6s_profile\node_modules\next\dist\compiled\babel\bundle.js:191:378053)]
    [at TypeScriptParserMixin.parseArrowExpression (C:\Users\FUJITSU\Documents\PROJECTS\8w6s_profile\node_modules\next\dist\compiled\babel\bundle.js:191:377398)]
    [at TypeScriptParserMixin.parseParenAndDistinguishExpression (C:\Users\FUJITSU\Documents\PROJECTS\8w6s_profile\node_modules\next\dist\compiled\babel\bundle.js:191:369594)]
    [at TypeScriptParserMixin.parseExprAtom (C:\Users\FUJITSU\Documents\PROJECTS\8w6s_profile\node_modules\next\dist\compiled\babel\bundle.js:191:361477)]
    [at TypeScriptParserMixin.parseExprAtom (C:\Users\FUJITSU\Documents\PROJECTS\8w6s_profile\node_modules\next\dist\compiled\babel\bundle.js:191:269272)]
    [at TypeScriptParserMixin.parseExprSubscripts (C:\Users\FUJITSU\Documents\PROJECTS\8w6s_profile\node_modules\next\dist\compiled\babel\bundle.js:191:356364)]
    [at TypeScriptParserMixin.parseUpdate (C:\Users\FUJITSU\Documents\PROJECTS\8w6s_profile\node_modules\next\dist\compiled\babel\bundle.js:191:355963)]
    [at TypeScriptParserMixin.parseMaybeUnary (C:\Users\FUJITSU\Documents\PROJECTS\8w6s_profile\node_modules\next\dist\compiled\babel\bundle.js:191:355527)]
    [at TypeScriptParserMixin.parseMaybeUnary (C:\Users\FUJITSU\Documents\PROJECTS\8w6s_profile\node_modules\next\dist\compiled\babel\bundle.js:191:331837)]
    [at TypeScriptParserMixin.parseMaybeUnaryOrPrivate (C:\Users\FUJITSU\Documents\PROJECTS\8w6s_profile\node_modules\next\dist\compiled\babel\bundle.js:191:352169)]
    [at TypeScriptParserMixin.parseExprOps (C:\Users\FUJITSU\Documents\PROJECTS\8w6s_profile\node_modules\next\dist\compiled\babel\bundle.js:191:352281)]
    [at TypeScriptParserMixin.parseMaybeConditional (C:\Users\FUJITSU\Documents\PROJECTS\8w6s_profile\node_modules\next\dist\compiled\babel\bundle.js:191:351760)]
    [at TypeScriptParserMixin.parseMaybeAssign (C:\Users\FUJITSU\Documents\PROJECTS\8w6s_profile\node_modules\next\dist\compiled\babel\bundle.js:191:350714)]
    [at TypeScriptParserMixin.parseMaybeAssign (C:\Users\FUJITSU\Documents\PROJECTS\8w6s_profile\node_modules\next\dist\compiled\babel\bundle.js:191:330620)]
    [at C:\Users\FUJITSU\Documents\PROJECTS\8w6s_profile\node_modules\next\dist\compiled\babel\bundle.js:191:350260]
    [at TypeScriptParserMixin.allowInAnd (C:\Users\FUJITSU\Documents\PROJECTS\8w6s_profile\node_modules\next\dist\compiled\babel\bundle.js:191:383926)]
    [at TypeScriptParserMixin.parseMaybeAssignAllowIn (C:\Users\FUJITSU\Documents\PROJECTS\8w6s_profile\node_modules\next\dist\compiled\babel\bundle.js:191:350239)]
    [at TypeScriptParserMixin.parseVar (C:\Users\FUJITSU\Documents\PROJECTS\8w6s_profile\node_modules\next\dist\compiled\babel\bundle.js:191:402967)]
    [at TypeScriptParserMixin.parseVarStatement (C:\Users\FUJITSU\Documents\PROJECTS\8w6s_profile\node_modules\next\dist\compiled\babel\bundle.js:191:399366)]
    [at TypeScriptParserMixin.parseVarStatement (C:\Users\FUJITSU\Documents\PROJECTS\8w6s_profile\node_modules\next\dist\compiled\babel\bundle.js:191:323322)]
    [at TypeScriptParserMixin.parseStatementContent (C:\Users\FUJITSU\Documents\PROJECTS\8w6s_profile\node_modules\next\dist\compiled\babel\bundle.js:191:391398)]
    [at TypeScriptParserMixin.parseStatementContent (C:\Users\FUJITSU\Documents\PROJECTS\8w6s_profile\node_modules\next\dist\compiled\babel\bundle.js:191:324042)]
    [at TypeScriptParserMixin.parseStatementLike (C:\Users\FUJITSU\Documents\PROJECTS\8w6s_profile\node_modules\next\dist\compiled\babel\bundle.js:191:389494)]
    [at TypeScriptParserMixin.parseStatementListItem (C:\Users\FUJITSU\Documents\PROJECTS\8w6s_profile\node_modules\next\dist\compiled\babel\bundle.js:191:389120)]
    [at TypeScriptParserMixin.parseBlockOrModuleBlockBody (C:\Users\FUJITSU\Documents\PROJECTS\8w6s_profile\node_modules\next\dist\compiled\babel\bundle.js:191:401423)]
    [at TypeScriptParserMixin.parseBlockBody (C:\Users\FUJITSU\Documents\PROJECTS\8w6s_profile\node_modules\next\dist\compiled\babel\bundle.js:191:401223)]
    [at TypeScriptParserMixin.parseBlock (C:\Users\FUJITSU\Documents\PROJECTS\8w6s_profile\node_modules\next\dist\compiled\babel\bundle.js:191:400923)]
    [at TypeScriptParserMixin.parseFunctionBody (C:\Users\FUJITSU\Documents\PROJECTS\8w6s_profile\node_modules\next\dist\compiled\babel\bundle.js:191:378053)]
    [at TypeScriptParserMixin.parseFunctionBodyAndFinish (C:\Users\FUJITSU\Documents\PROJECTS\8w6s_profile\node_modules\next\dist\compiled\babel\bundle.js:191:377675)]
    [at TypeScriptParserMixin.parseFunctionBodyAndFinish (C:\Users\FUJITSU\Documents\PROJECTS\8w6s_profile\node_modules\next\dist\compiled\babel\bundle.js:191:318173)]

Import traces:
  Client Component Browser:
    ./app/admin/page.tsx [Client Component Browser]
    ./app/admin/page.tsx [Server Component]

  Client Component SSR:
    ./app/admin/page.tsx [Client Component SSR]
    ./app/admin/page.tsx [Server Component] @ http://localhost:3000/_next/static/chunks/node_modules_next_dist_0u_w_5s._.js:1945
[ 1109386ms] [ERROR] ./app/admin/page.tsx:665:15
the name `currentSkill` is defined multiple times
  663 |         if (!currentSkill) return;
  664 |
> 665 |         const currentSkill = newSkills[index];
      |               ^^^^^^^^^^^^
  666 |         const normalizedSkill = typeof currentSkill === 'object' && currentSkill !== null
  667 |             ? currentSkill
  668 |             : {

Ecmascript file had an error

Import traces:
  Client Component Browser:
    ./app/admin/page.tsx [Client Component Browser]
    ./app/admin/page.tsx [Server Component]

  Client Component SSR:
    ./app/admin/page.tsx [Client Component SSR]
    ./app/admin/page.tsx [Server Component] @ http://localhost:3000/_next/static/chunks/node_modules_next_dist_0u_w_5s._.js:1945
[ 1109438ms] [ERROR] ./app/admin/page.tsx
Error evaluating Node.js code
SyntaxError: C:\Users\FUJITSU\Documents\PROJECTS\8w6s_profile\app\admin\page.tsx: Identifier 'currentSkill' has already been declared. (665:14)

  663 |         if (!currentSkill) return;
  664 |
> 665 |         const currentSkill = newSkills[index];
      |               ^
  666 |         const normalizedSkill = typeof currentSkill === 'object' && currentSkill !== null
  667 |             ? currentSkill
  668 |             : {
  (from C:\Users\FUJITSU\Documents\PROJECTS\8w6s_profile\node_modules\next\dist\build\babel\loader\index.js)
    [at constructor (C:\Users\FUJITSU\Documents\PROJECTS\8w6s_profile\node_modules\next\dist\compiled\babel\bundle.js:191:137105)]
    [at TypeScriptParserMixin.raise (C:\Users\FUJITSU\Documents\PROJECTS\8w6s_profile\node_modules\next\dist\compiled\babel\bundle.js:191:194164)]
    [at TypeScriptScopeHandler.checkRedeclarationInScope (C:\Users\FUJITSU\Documents\PROJECTS\8w6s_profile\node_modules\next\dist\compiled\babel\bundle.js:191:163166)]
    [at TypeScriptScopeHandler.declareName (C:\Users\FUJITSU\Documents\PROJECTS\8w6s_profile\node_modules\next\dist\compiled\babel\bundle.js:191:162529)]
    [at TypeScriptScopeHandler.declareName (C:\Users\FUJITSU\Documents\PROJECTS\8w6s_profile\node_modules\next\dist\compiled\babel\bundle.js:191:271160)]
    [at TypeScriptParserMixin.declareNameFromIdentifier (C:\Users\FUJITSU\Documents\PROJECTS\8w6s_profile\node_modules\next\dist\compiled\babel\bundle.js:191:279226)]
    [at TypeScriptParserMixin.checkIdentifier (C:\Users\FUJITSU\Documents\PROJECTS\8w6s_profile\node_modules\next\dist\compiled\babel\bundle.js:191:279152)]
    [at TypeScriptParserMixin.checkLVal (C:\Users\FUJITSU\Documents\PROJECTS\8w6s_profile\node_modules\next\dist\compiled\babel\bundle.js:191:278197)]
    [at TypeScriptParserMixin.parseVarId (C:\Users\FUJITSU\Documents\PROJECTS\8w6s_profile\node_modules\next\dist\compiled\babel\bundle.js:191:403644)]
    [at TypeScriptParserMixin.parseVarId (C:\Users\FUJITSU\Documents\PROJECTS\8w6s_profile\node_modules\next\dist\compiled\babel\bundle.js:191:329902)]
    [at TypeScriptParserMixin.parseVar (C:\Users\FUJITSU\Documents\PROJECTS\8w6s_profile\node_modules\next\dist\compiled\babel\bundle.js:191:402884)]
    [at TypeScriptParserMixin.parseVarStatement (C:\Users\FUJITSU\Documents\PROJECTS\8w6s_profile\node_modules\next\dist\compiled\babel\bundle.js:191:399366)]
    [at TypeScriptParserMixin.parseVarStatement (C:\Users\FUJITSU\Documents\PROJECTS\8w6s_profile\node_modules\next\dist\compiled\babel\bundle.js:191:323322)]
    [at TypeScriptParserMixin.parseStatementContent (C:\Users\FUJITSU\Documents\PROJECTS\8w6s_profile\node_modules\next\dist\compiled\babel\bundle.js:191:391398)]
    [at TypeScriptParserMixin.parseStatementContent (C:\Users\FUJITSU\Documents\PROJECTS\8w6s_profile\node_modules\next\dist\compiled\babel\bundle.js:191:324042)]
    [at TypeScriptParserMixin.parseStatementLike (C:\Users\FUJITSU\Documents\PROJECTS\8w6s_profile\node_modules\next\dist\compiled\babel\bundle.js:191:389494)]
    [at TypeScriptParserMixin.parseStatementListItem (C:\Users\FUJITSU\Documents\PROJECTS\8w6s_profile\node_modules\next\dist\compiled\babel\bundle.js:191:389120)]
    [at TypeScriptParserMixin.parseBlockOrModuleBlockBody (C:\Users\FUJITSU\Documents\PROJECTS\8w6s_profile\node_modules\next\dist\compiled\babel\bundle.js:191:401423)]
    [at TypeScriptParserMixin.parseBlockBody (C:\Users\FUJITSU\Documents\PROJECTS\8w6s_profile\node_modules\next\dist\compiled\babel\bundle.js:191:401223)]
    [at TypeScriptParserMixin.parseBlock (C:\Users\FUJITSU\Documents\PROJECTS\8w6s_profile\node_modules\next\dist\compiled\babel\bundle.js:191:400923)]
    [at TypeScriptParserMixin.parseFunctionBody (C:\Users\FUJITSU\Documents\PROJECTS\8w6s_profile\node_modules\next\dist\compiled\babel\bundle.js:191:378053)]
    [at TypeScriptParserMixin.parseArrowExpression (C:\Users\FUJITSU\Documents\PROJECTS\8w6s_profile\node_modules\next\dist\compiled\babel\bundle.js:191:377398)]
    [at TypeScriptParserMixin.parseParenAndDistinguishExpression (C:\Users\FUJITSU\Documents\PROJECTS\8w6s_profile\node_modules\next\dist\compiled\babel\bundle.js:191:369594)]
    [at TypeScriptParserMixin.parseExprAtom (C:\Users\FUJITSU\Documents\PROJECTS\8w6s_profile\node_modules\next\dist\compiled\babel\bundle.js:191:361477)]
    [at TypeScriptParserMixin.parseExprAtom (C:\Users\FUJITSU\Documents\PROJECTS\8w6s_profile\node_modules\next\dist\compiled\babel\bundle.js:191:269272)]
    [at TypeScriptParserMixin.parseExprSubscripts (C:\Users\FUJITSU\Documents\PROJECTS\8w6s_profile\node_modules\next\dist\compiled\babel\bundle.js:191:356364)]
    [at TypeScriptParserMixin.parseUpdate (C:\Users\FUJITSU\Documents\PROJECTS\8w6s_profile\node_modules\next\dist\compiled\babel\bundle.js:191:355963)]
    [at TypeScriptParserMixin.parseMaybeUnary (C:\Users\FUJITSU\Documents\PROJECTS\8w6s_profile\node_modules\next\dist\compiled\babel\bundle.js:191:355527)]
    [at TypeScriptParserMixin.parseMaybeUnary (C:\Users\FUJITSU\Documents\PROJECTS\8w6s_profile\node_modules\next\dist\compiled\babel\bundle.js:191:331837)]
    [at TypeScriptParserMixin.parseMaybeUnaryOrPrivate (C:\Users\FUJITSU\Documents\PROJECTS\8w6s_profile\node_modules\next\dist\compiled\babel\bundle.js:191:352169)]
    [at TypeScriptParserMixin.parseExprOps (C:\Users\FUJITSU\Documents\PROJECTS\8w6s_profile\node_modules\next\dist\compiled\babel\bundle.js:191:352281)]
    [at TypeScriptParserMixin.parseMaybeConditional (C:\Users\FUJITSU\Documents\PROJECTS\8w6s_profile\node_modules\next\dist\compiled\babel\bundle.js:191:351760)]
    [at TypeScriptParserMixin.parseMaybeAssign (C:\Users\FUJITSU\Documents\PROJECTS\8w6s_profile\node_modules\next\dist\compiled\babel\bundle.js:191:350714)]
    [at TypeScriptParserMixin.parseMaybeAssign (C:\Users\FUJITSU\Documents\PROJECTS\8w6s_profile\node_modules\next\dist\compiled\babel\bundle.js:191:330620)]
    [at C:\Users\FUJITSU\Documents\PROJECTS\8w6s_profile\node_modules\next\dist\compiled\babel\bundle.js:191:350260]
    [at TypeScriptParserMixin.allowInAnd (C:\Users\FUJITSU\Documents\PROJECTS\8w6s_profile\node_modules\next\dist\compiled\babel\bundle.js:191:383926)]
    [at TypeScriptParserMixin.parseMaybeAssignAllowIn (C:\Users\FUJITSU\Documents\PROJECTS\8w6s_profile\node_modules\next\dist\compiled\babel\bundle.js:191:350239)]
    [at TypeScriptParserMixin.parseVar (C:\Users\FUJITSU\Documents\PROJECTS\8w6s_profile\node_modules\next\dist\compiled\babel\bundle.js:191:402967)]
    [at TypeScriptParserMixin.parseVarStatement (C:\Users\FUJITSU\Documents\PROJECTS\8w6s_profile\node_modules\next\dist\compiled\babel\bundle.js:191:399366)]
    [at TypeScriptParserMixin.parseVarStatement (C:\Users\FUJITSU\Documents\PROJECTS\8w6s_profile\node_modules\next\dist\compiled\babel\bundle.js:191:323322)]
    [at TypeScriptParserMixin.parseStatementContent (C:\Users\FUJITSU\Documents\PROJECTS\8w6s_profile\node_modules\next\dist\compiled\babel\bundle.js:191:391398)]
    [at TypeScriptParserMixin.parseStatementContent (C:\Users\FUJITSU\Documents\PROJECTS\8w6s_profile\node_modules\next\dist\compiled\babel\bundle.js:191:324042)]
    [at TypeScriptParserMixin.parseStatementLike (C:\Users\FUJITSU\Documents\PROJECTS\8w6s_profile\node_modules\next\dist\compiled\babel\bundle.js:191:389494)]
    [at TypeScriptParserMixin.parseStatementListItem (C:\Users\FUJITSU\Documents\PROJECTS\8w6s_profile\node_modules\next\dist\compiled\babel\bundle.js:191:389120)]
    [at TypeScriptParserMixin.parseBlockOrModuleBlockBody (C:\Users\FUJITSU\Documents\PROJECTS\8w6s_profile\node_modules\next\dist\compiled\babel\bundle.js:191:401423)]
    [at TypeScriptParserMixin.parseBlockBody (C:\Users\FUJITSU\Documents\PROJECTS\8w6s_profile\node_modules\next\dist\compiled\babel\bundle.js:191:401223)]
    [at TypeScriptParserMixin.parseBlock (C:\Users\FUJITSU\Documents\PROJECTS\8w6s_profile\node_modules\next\dist\compiled\babel\bundle.js:191:400923)]
    [at TypeScriptParserMixin.parseFunctionBody (C:\Users\FUJITSU\Documents\PROJECTS\8w6s_profile\node_modules\next\dist\compiled\babel\bundle.js:191:378053)]
    [at TypeScriptParserMixin.parseFunctionBodyAndFinish (C:\Users\FUJITSU\Documents\PROJECTS\8w6s_profile\node_modules\next\dist\compiled\babel\bundle.js:191:377675)]
    [at TypeScriptParserMixin.parseFunctionBodyAndFinish (C:\Users\FUJITSU\Documents\PROJECTS\8w6s_profile\node_modules\next\dist\compiled\babel\bundle.js:191:318173)]

Import traces:
  Client Component Browser:
    ./app/admin/page.tsx [Client Component Browser]
    ./app/admin/page.tsx [Server Component]

  Client Component SSR:
    ./app/admin/page.tsx [Client Component SSR]
    ./app/admin/page.tsx [Server Component] @ http://localhost:3000/_next/static/chunks/node_modules_next_dist_0u_w_5s._.js:1945
[ 1109439ms] [ERROR] ./app/admin/page.tsx:665:15
the name `currentSkill` is defined multiple times
  663 |         if (!currentSkill) return;
  664 |
> 665 |         const currentSkill = newSkills[index];
      |               ^^^^^^^^^^^^
  666 |         const normalizedSkill = typeof currentSkill === 'object' && currentSkill !== null
  667 |             ? currentSkill
  668 |             : {

Ecmascript file had an error

Import traces:
  Client Component Browser:
    ./app/admin/page.tsx [Client Component Browser]
    ./app/admin/page.tsx [Server Component]

  Client Component SSR:
    ./app/admin/page.tsx [Client Component SSR]
    ./app/admin/page.tsx [Server Component] @ http://localhost:3000/_next/static/chunks/node_modules_next_dist_0u_w_5s._.js:1945
[ 1109511ms] [ERROR] Failed to load resource: the server responded with a status of 500 (Internal Server Error) @ http://localhost:3000/admin:0
[ 1109683ms] [INFO] %cDownload the React DevTools for a better development experience: https://react.dev/link/react-devtools font-weight:bold @ http://localhost:3000/_next/static/chunks/node_modules_react-dom_0bruynb._.js:15305
[ 1109767ms] Error: ./app/admin/page.tsx
Error evaluating Node.js code
SyntaxError: C:\Users\FUJITSU\Documents\PROJECTS\8w6s_profile\app\admin\page.tsx: Identifier 'currentSkill' has already been declared. (665:14)

  663 |         if (!currentSkill) return;
  664 |
> 665 |         const currentSkill = newSkills[index];
      |               ^
  666 |         const normalizedSkill = typeof currentSkill === 'object' && currentSkill !== null
  667 |             ? currentSkill
  668 |             : {
  (from C:\Users\FUJITSU\Documents\PROJECTS\8w6s_profile\node_modules\next\dist\build\babel\loader\index.js)
    [at constructor (C:\Users\FUJITSU\Documents\PROJECTS\8w6s_profile\node_modules\next\dist\compiled\babel\bundle.js:191:137105)]
    [at TypeScriptParserMixin.raise (C:\Users\FUJITSU\Documents\PROJECTS\8w6s_profile\node_modules\next\dist\compiled\babel\bundle.js:191:194164)]
    [at TypeScriptScopeHandler.checkRedeclarationInScope (C:\Users\FUJITSU\Documents\PROJECTS\8w6s_profile\node_modules\next\dist\compiled\babel\bundle.js:191:163166)]
    [at TypeScriptScopeHandler.declareName (C:\Users\FUJITSU\Documents\PROJECTS\8w6s_profile\node_modules\next\dist\compiled\babel\bundle.js:191:162529)]
    [at TypeScriptScopeHandler.declareName (C:\Users\FUJITSU\Documents\PROJECTS\8w6s_profile\node_modules\next\dist\compiled\babel\bundle.js:191:271160)]
    [at TypeScriptParserMixin.declareNameFromIdentifier (C:\Users\FUJITSU\Documents\PROJECTS\8w6s_profile\node_modules\next\dist\compiled\babel\bundle.js:191:279226)]
    [at TypeScriptParserMixin.checkIdentifier (C:\Users\FUJITSU\Documents\PROJECTS\8w6s_profile\node_modules\next\dist\compiled\babel\bundle.js:191:279152)]
    [at TypeScriptParserMixin.checkLVal (C:\Users\FUJITSU\Documents\PROJECTS\8w6s_profile\node_modules\next\dist\compiled\babel\bundle.js:191:278197)]
    [at TypeScriptParserMixin.parseVarId (C:\Users\FUJITSU\Documents\PROJECTS\8w6s_profile\node_modules\next\dist\compiled\babel\bundle.js:191:403644)]
    [at TypeScriptParserMixin.parseVarId (C:\Users\FUJITSU\Documents\PROJECTS\8w6s_profile\node_modules\next\dist\compiled\babel\bundle.js:191:329902)]
    [at TypeScriptParserMixin.parseVar (C:\Users\FUJITSU\Documents\PROJECTS\8w6s_profile\node_modules\next\dist\compiled\babel\bundle.js:191:402884)]
    [at TypeScriptParserMixin.parseVarStatement (C:\Users\FUJITSU\Documents\PROJECTS\8w6s_profile\node_modules\next\dist\compiled\babel\bundle.js:191:399366)]
    [at TypeScriptParserMixin.parseVarStatement (C:\Users\FUJITSU\Documents\PROJECTS\8w6s_profile\node_modules\next\dist\compiled\babel\bundle.js:191:323322)]
    [at TypeScriptParserMixin.parseStatementContent (C:\Users\FUJITSU\Documents\PROJECTS\8w6s_profile\node_modules\next\dist\compiled\babel\bundle.js:191:391398)]
    [at TypeScriptParserMixin.parseStatementContent (C:\Users\FUJITSU\Documents\PROJECTS\8w6s_profile\node_modules\next\dist\compiled\babel\bundle.js:191:324042)]
    [at TypeScriptParserMixin.parseStatementLike (C:\Users\FUJITSU\Documents\PROJECTS\8w6s_profile\node_modules\next\dist\compiled\babel\bundle.js:191:389494)]
    [at TypeScriptParserMixin.parseStatementListItem (C:\Users\FUJITSU\Documents\PROJECTS\8w6s_profile\node_modules\next\dist\compiled\babel\bundle.js:191:389120)]
    [at TypeScriptParserMixin.parseBlockOrModuleBlockBody (C:\Users\FUJITSU\Documents\PROJECTS\8w6s_profile\node_modules\next\dist\compiled\babel\bundle.js:191:401423)]
    [at TypeScriptParserMixin.parseBlockBody (C:\Users\FUJITSU\Documents\PROJECTS\8w6s_profile\node_modules\next\dist\compiled\babel\bundle.js:191:401223)]
    [at TypeScriptParserMixin.parseBlock (C:\Users\FUJITSU\Documents\PROJECTS\8w6s_profile\node_modules\next\dist\compiled\babel\bundle.js:191:400923)]
    [at TypeScriptParserMixin.parseFunctionBody (C:\Users\FUJITSU\Documents\PROJECTS\8w6s_profile\node_modules\next\dist\compiled\babel\bundle.js:191:378053)]
    [at TypeScriptParserMixin.parseArrowExpression (C:\Users\FUJITSU\Documents\PROJECTS\8w6s_profile\node_modules\next\dist\compiled\babel\bundle.js:191:377398)]
    [at TypeScriptParserMixin.parseParenAndDistinguishExpression (C:\Users\FUJITSU\Documents\PROJECTS\8w6s_profile\node_modules\next\dist\compiled\babel\bundle.js:191:369594)]
    [at TypeScriptParserMixin.parseExprAtom (C:\Users\FUJITSU\Documents\PROJECTS\8w6s_profile\node_modules\next\dist\compiled\babel\bundle.js:191:361477)]
    [at TypeScriptParserMixin.parseExprAtom (C:\Users\FUJITSU\Documents\PROJECTS\8w6s_profile\node_modules\next\dist\compiled\babel\bundle.js:191:269272)]
    [at TypeScriptParserMixin.parseExprSubscripts (C:\Users\FUJITSU\Documents\PROJECTS\8w6s_profile\node_modules\next\dist\compiled\babel\bundle.js:191:356364)]
    [at TypeScriptParserMixin.parseUpdate (C:\Users\FUJITSU\Documents\PROJECTS\8w6s_profile\node_modules\next\dist\compiled\babel\bundle.js:191:355963)]
    [at TypeScriptParserMixin.parseMaybeUnary (C:\Users\FUJITSU\Documents\PROJECTS\8w6s_profile\node_modules\next\dist\compiled\babel\bundle.js:191:355527)]
    [at TypeScriptParserMixin.parseMaybeUnary (C:\Users\FUJITSU\Documents\PROJECTS\8w6s_profile\node_modules\next\dist\compiled\babel\bundle.js:191:331837)]
    [at TypeScriptParserMixin.parseMaybeUnaryOrPrivate (C:\Users\FUJITSU\Documents\PROJECTS\8w6s_profile\node_modules\next\dist\compiled\babel\bundle.js:191:352169)]
    [at TypeScriptParserMixin.parseExprOps (C:\Users\FUJITSU\Documents\PROJECTS\8w6s_profile\node_modules\next\dist\compiled\babel\bundle.js:191:352281)]
    [at TypeScriptParserMixin.parseMaybeConditional (C:\Users\FUJITSU\Documents\PROJECTS\8w6s_profile\node_modules\next\dist\compiled\babel\bundle.js:191:351760)]
    [at TypeScriptParserMixin.parseMaybeAssign (C:\Users\FUJITSU\Documents\PROJECTS\8w6s_profile\node_modules\next\dist\compiled\babel\bundle.js:191:350714)]
    [at TypeScriptParserMixin.parseMaybeAssign (C:\Users\FUJITSU\Documents\PROJECTS\8w6s_profile\node_modules\next\dist\compiled\babel\bundle.js:191:330620)]
    [at C:\Users\FUJITSU\Documents\PROJECTS\8w6s_profile\node_modules\next\dist\compiled\babel\bundle.js:191:350260]
    [at TypeScriptParserMixin.allowInAnd (C:\Users\FUJITSU\Documents\PROJECTS\8w6s_profile\node_modules\next\dist\compiled\babel\bundle.js:191:383926)]
    [at TypeScriptParserMixin.parseMaybeAssignAllowIn (C:\Users\FUJITSU\Documents\PROJECTS\8w6s_profile\node_modules\next\dist\compiled\babel\bundle.js:191:350239)]
    [at TypeScriptParserMixin.parseVar (C:\Users\FUJITSU\Documents\PROJECTS\8w6s_profile\node_modules\next\dist\compiled\babel\bundle.js:191:402967)]
    [at TypeScriptParserMixin.parseVarStatement (C:\Users\FUJITSU\Documents\PROJECTS\8w6s_profile\node_modules\next\dist\compiled\babel\bundle.js:191:399366)]
    [at TypeScriptParserMixin.parseVarStatement (C:\Users\FUJITSU\Documents\PROJECTS\8w6s_profile\node_modules\next\dist\compiled\babel\bundle.js:191:323322)]
    [at TypeScriptParserMixin.parseStatementContent (C:\Users\FUJITSU\Documents\PROJECTS\8w6s_profile\node_modules\next\dist\compiled\babel\bundle.js:191:391398)]
    [at TypeScriptParserMixin.parseStatementContent (C:\Users\FUJITSU\Documents\PROJECTS\8w6s_profile\node_modules\next\dist\compiled\babel\bundle.js:191:324042)]
    [at TypeScriptParserMixin.parseStatementLike (C:\Users\FUJITSU\Documents\PROJECTS\8w6s_profile\node_modules\next\dist\compiled\babel\bundle.js:191:389494)]
    [at TypeScriptParserMixin.parseStatementListItem (C:\Users\FUJITSU\Documents\PROJECTS\8w6s_profile\node_modules\next\dist\compiled\babel\bundle.js:191:389120)]
    [at TypeScriptParserMixin.parseBlockOrModuleBlockBody (C:\Users\FUJITSU\Documents\PROJECTS\8w6s_profile\node_modules\next\dist\compiled\babel\bundle.js:191:401423)]
    [at TypeScriptParserMixin.parseBlockBody (C:\Users\FUJITSU\Documents\PROJECTS\8w6s_profile\node_modules\next\dist\compiled\babel\bundle.js:191:401223)]
    [at TypeScriptParserMixin.parseBlock (C:\Users\FUJITSU\Documents\PROJECTS\8w6s_profile\node_modules\next\dist\compiled\babel\bundle.js:191:400923)]
    [at TypeScriptParserMixin.parseFunctionBody (C:\Users\FUJITSU\Documents\PROJECTS\8w6s_profile\node_modules\next\dist\compiled\babel\bundle.js:191:378053)]
    [at TypeScriptParserMixin.parseFunctionBodyAndFinish (C:\Users\FUJITSU\Documents\PROJECTS\8w6s_profile\node_modules\next\dist\compiled\babel\bundle.js:191:377675)]
    [at TypeScriptParserMixin.parseFunctionBodyAndFinish (C:\Users\FUJITSU\Documents\PROJECTS\8w6s_profile\node_modules\next\dist\compiled\babel\bundle.js:191:318173)]

Import traces:
  Client Component Browser:
    ./app/admin/page.tsx [Client Component Browser]
    ./app/admin/page.tsx [Server Component]

  Client Component SSR:
    ./app/admin/page.tsx [Client Component SSR]
    ./app/admin/page.tsx [Server Component]


    at Object.getCompilationErrors (file://C:\Users\FUJITSU\Documents\PROJECTS\8w6s_profile\node_modules\next\dist\server\dev\hot-reloader-turbopack.js:1186:59)
    at DevBundlerService.getCompilationError (file://C:\Users\FUJITSU\Documents\PROJECTS\8w6s_profile\node_modules\next\dist\server\lib\dev-bundler-service.js:44:55)
    at DevServer.getCompilationError (file://C:\Users\FUJITSU\Documents\PROJECTS\8w6s_profile\node_modules\next\dist\server\dev\next-dev-server.js:719:42)
    at DevServer.findPageComponents (file://C:\Users\FUJITSU\Documents\PROJECTS\8w6s_profile\node_modules\next\dist\server\dev\next-dev-server.js:689:43)
    at async DevServer.renderErrorToResponseImpl (file://C:\Users\FUJITSU\Documents\PROJECTS\8w6s_profile\node_modules\next\dist\server\base-server.js:1745:26)
[ 1109768ms] [LOG] [HMR] connected @ http://localhost:3000/_next/static/chunks/node_modules_next_dist_0u_w_5s._.js:1226
[ 1109779ms] [ERROR] ./app/admin/page.tsx
Error evaluating Node.js code
SyntaxError: C:\Users\FUJITSU\Documents\PROJECTS\8w6s_profile\app\admin\page.tsx: Identifier 'currentSkill' has already been declared. (665:14)

  663 |         if (!currentSkill) return;
  664 |
> 665 |         const currentSkill = newSkills[index];
      |               ^
  666 |         const normalizedSkill = typeof currentSkill === 'object' && currentSkill !== null
  667 |             ? currentSkill
  668 |             : {
  (from C:\Users\FUJITSU\Documents\PROJECTS\8w6s_profile\node_modules\next\dist\build\babel\loader\index.js)
    [at constructor (C:\Users\FUJITSU\Documents\PROJECTS\8w6s_profile\node_modules\next\dist\compiled\babel\bundle.js:191:137105)]
    [at TypeScriptParserMixin.raise (C:\Users\FUJITSU\Documents\PROJECTS\8w6s_profile\node_modules\next\dist\compiled\babel\bundle.js:191:194164)]
    [at TypeScriptScopeHandler.checkRedeclarationInScope (C:\Users\FUJITSU\Documents\PROJECTS\8w6s_profile\node_modules\next\dist\compiled\babel\bundle.js:191:163166)]
    [at TypeScriptScopeHandler.declareName (C:\Users\FUJITSU\Documents\PROJECTS\8w6s_profile\node_modules\next\dist\compiled\babel\bundle.js:191:162529)]
    [at TypeScriptScopeHandler.declareName (C:\Users\FUJITSU\Documents\PROJECTS\8w6s_profile\node_modules\next\dist\compiled\babel\bundle.js:191:271160)]
    [at TypeScriptParserMixin.declareNameFromIdentifier (C:\Users\FUJITSU\Documents\PROJECTS\8w6s_profile\node_modules\next\dist\compiled\babel\bundle.js:191:279226)]
    [at TypeScriptParserMixin.checkIdentifier (C:\Users\FUJITSU\Documents\PROJECTS\8w6s_profile\node_modules\next\dist\compiled\babel\bundle.js:191:279152)]
    [at TypeScriptParserMixin.checkLVal (C:\Users\FUJITSU\Documents\PROJECTS\8w6s_profile\node_modules\next\dist\compiled\babel\bundle.js:191:278197)]
    [at TypeScriptParserMixin.parseVarId (C:\Users\FUJITSU\Documents\PROJECTS\8w6s_profile\node_modules\next\dist\compiled\babel\bundle.js:191:403644)]
    [at TypeScriptParserMixin.parseVarId (C:\Users\FUJITSU\Documents\PROJECTS\8w6s_profile\node_modules\next\dist\compiled\babel\bundle.js:191:329902)]
    [at TypeScriptParserMixin.parseVar (C:\Users\FUJITSU\Documents\PROJECTS\8w6s_profile\node_modules\next\dist\compiled\babel\bundle.js:191:402884)]
    [at TypeScriptParserMixin.parseVarStatement (C:\Users\FUJITSU\Documents\PROJECTS\8w6s_profile\node_modules\next\dist\compiled\babel\bundle.js:191:399366)]
    [at TypeScriptParserMixin.parseVarStatement (C:\Users\FUJITSU\Documents\PROJECTS\8w6s_profile\node_modules\next\dist\compiled\babel\bundle.js:191:323322)]
    [at TypeScriptParserMixin.parseStatementContent (C:\Users\FUJITSU\Documents\PROJECTS\8w6s_profile\node_modules\next\dist\compiled\babel\bundle.js:191:391398)]
    [at TypeScriptParserMixin.parseStatementContent (C:\Users\FUJITSU\Documents\PROJECTS\8w6s_profile\node_modules\next\dist\compiled\babel\bundle.js:191:324042)]
    [at TypeScriptParserMixin.parseStatementLike (C:\Users\FUJITSU\Documents\PROJECTS\8w6s_profile\node_modules\next\dist\compiled\babel\bundle.js:191:389494)]
    [at TypeScriptParserMixin.parseStatementListItem (C:\Users\FUJITSU\Documents\PROJECTS\8w6s_profile\node_modules\next\dist\compiled\babel\bundle.js:191:389120)]
    [at TypeScriptParserMixin.parseBlockOrModuleBlockBody (C:\Users\FUJITSU\Documents\PROJECTS\8w6s_profile\node_modules\next\dist\compiled\babel\bundle.js:191:401423)]
    [at TypeScriptParserMixin.parseBlockBody (C:\Users\FUJITSU\Documents\PROJECTS\8w6s_profile\node_modules\next\dist\compiled\babel\bundle.js:191:401223)]
    [at TypeScriptParserMixin.parseBlock (C:\Users\FUJITSU\Documents\PROJECTS\8w6s_profile\node_modules\next\dist\compiled\babel\bundle.js:191:400923)]
    [at TypeScriptParserMixin.parseFunctionBody (C:\Users\FUJITSU\Documents\PROJECTS\8w6s_profile\node_modules\next\dist\compiled\babel\bundle.js:191:378053)]
    [at TypeScriptParserMixin.parseArrowExpression (C:\Users\FUJITSU\Documents\PROJECTS\8w6s_profile\node_modules\next\dist\compiled\babel\bundle.js:191:377398)]
    [at TypeScriptParserMixin.parseParenAndDistinguishExpression (C:\Users\FUJITSU\Documents\PROJECTS\8w6s_profile\node_modules\next\dist\compiled\babel\bundle.js:191:369594)]
    [at TypeScriptParserMixin.parseExprAtom (C:\Users\FUJITSU\Documents\PROJECTS\8w6s_profile\node_modules\next\dist\compiled\babel\bundle.js:191:361477)]
    [at TypeScriptParserMixin.parseExprAtom (C:\Users\FUJITSU\Documents\PROJECTS\8w6s_profile\node_modules\next\dist\compiled\babel\bundle.js:191:269272)]
    [at TypeScriptParserMixin.parseExprSubscripts (C:\Users\FUJITSU\Documents\PROJECTS\8w6s_profile\node_modules\next\dist\compiled\babel\bundle.js:191:356364)]
    [at TypeScriptParserMixin.parseUpdate (C:\Users\FUJITSU\Documents\PROJECTS\8w6s_profile\node_modules\next\dist\compiled\babel\bundle.js:191:355963)]
    [at TypeScriptParserMixin.parseMaybeUnary (C:\Users\FUJITSU\Documents\PROJECTS\8w6s_profile\node_modules\next\dist\compiled\babel\bundle.js:191:355527)]
    [at TypeScriptParserMixin.parseMaybeUnary (C:\Users\FUJITSU\Documents\PROJECTS\8w6s_profile\node_modules\next\dist\compiled\babel\bundle.js:191:331837)]
    [at TypeScriptParserMixin.parseMaybeUnaryOrPrivate (C:\Users\FUJITSU\Documents\PROJECTS\8w6s_profile\node_modules\next\dist\compiled\babel\bundle.js:191:352169)]
    [at TypeScriptParserMixin.parseExprOps (C:\Users\FUJITSU\Documents\PROJECTS\8w6s_profile\node_modules\next\dist\compiled\babel\bundle.js:191:352281)]
    [at TypeScriptParserMixin.parseMaybeConditional (C:\Users\FUJITSU\Documents\PROJECTS\8w6s_profile\node_modules\next\dist\compiled\babel\bundle.js:191:351760)]
    [at TypeScriptParserMixin.parseMaybeAssign (C:\Users\FUJITSU\Documents\PROJECTS\8w6s_profile\node_modules\next\dist\compiled\babel\bundle.js:191:350714)]
    [at TypeScriptParserMixin.parseMaybeAssign (C:\Users\FUJITSU\Documents\PROJECTS\8w6s_profile\node_modules\next\dist\compiled\babel\bundle.js:191:330620)]
    [at C:\Users\FUJITSU\Documents\PROJECTS\8w6s_profile\node_modules\next\dist\compiled\babel\bundle.js:191:350260]
    [at TypeScriptParserMixin.allowInAnd (C:\Users\FUJITSU\Documents\PROJECTS\8w6s_profile\node_modules\next\dist\compiled\babel\bundle.js:191:383926)]
    [at TypeScriptParserMixin.parseMaybeAssignAllowIn (C:\Users\FUJITSU\Documents\PROJECTS\8w6s_profile\node_modules\next\dist\compiled\babel\bundle.js:191:350239)]
    [at TypeScriptParserMixin.parseVar (C:\Users\FUJITSU\Documents\PROJECTS\8w6s_profile\node_modules\next\dist\compiled\babel\bundle.js:191:402967)]
    [at TypeScriptParserMixin.parseVarStatement (C:\Users\FUJITSU\Documents\PROJECTS\8w6s_profile\node_modules\next\dist\compiled\babel\bundle.js:191:399366)]
    [at TypeScriptParserMixin.parseVarStatement (C:\Users\FUJITSU\Documents\PROJECTS\8w6s_profile\node_modules\next\dist\compiled\babel\bundle.js:191:323322)]
    [at TypeScriptParserMixin.parseStatementContent (C:\Users\FUJITSU\Documents\PROJECTS\8w6s_profile\node_modules\next\dist\compiled\babel\bundle.js:191:391398)]
    [at TypeScriptParserMixin.parseStatementContent (C:\Users\FUJITSU\Documents\PROJECTS\8w6s_profile\node_modules\next\dist\compiled\babel\bundle.js:191:324042)]
    [at TypeScriptParserMixin.parseStatementLike (C:\Users\FUJITSU\Documents\PROJECTS\8w6s_profile\node_modules\next\dist\compiled\babel\bundle.js:191:389494)]
    [at TypeScriptParserMixin.parseStatementListItem (C:\Users\FUJITSU\Documents\PROJECTS\8w6s_profile\node_modules\next\dist\compiled\babel\bundle.js:191:389120)]
    [at TypeScriptParserMixin.parseBlockOrModuleBlockBody (C:\Users\FUJITSU\Documents\PROJECTS\8w6s_profile\node_modules\next\dist\compiled\babel\bundle.js:191:401423)]
    [at TypeScriptParserMixin.parseBlockBody (C:\Users\FUJITSU\Documents\PROJECTS\8w6s_profile\node_modules\next\dist\compiled\babel\bundle.js:191:401223)]
    [at TypeScriptParserMixin.parseBlock (C:\Users\FUJITSU\Documents\PROJECTS\8w6s_profile\node_modules\next\dist\compiled\babel\bundle.js:191:400923)]
    [at TypeScriptParserMixin.parseFunctionBody (C:\Users\FUJITSU\Documents\PROJECTS\8w6s_profile\node_modules\next\dist\compiled\babel\bundle.js:191:378053)]
    [at TypeScriptParserMixin.parseFunctionBodyAndFinish (C:\Users\FUJITSU\Documents\PROJECTS\8w6s_profile\node_modules\next\dist\compiled\babel\bundle.js:191:377675)]
    [at TypeScriptParserMixin.parseFunctionBodyAndFinish (C:\Users\FUJITSU\Documents\PROJECTS\8w6s_profile\node_modules\next\dist\compiled\babel\bundle.js:191:318173)]

Import traces:
  Client Component Browser:
    ./app/admin/page.tsx [Client Component Browser]
    ./app/admin/page.tsx [Server Component]

  Client Component SSR:
    ./app/admin/page.tsx [Client Component SSR]
    ./app/admin/page.tsx [Server Component] @ http://localhost:3000/_next/static/chunks/node_modules_next_dist_0u_w_5s._.js:1945
[ 1109779ms] [ERROR] ./app/admin/page.tsx:665:15
the name `currentSkill` is defined multiple times
  663 |         if (!currentSkill) return;
  664 |
> 665 |         const currentSkill = newSkills[index];
      |               ^^^^^^^^^^^^
  666 |         const normalizedSkill = typeof currentSkill === 'object' && currentSkill !== null
  667 |             ? currentSkill
  668 |             : {

Ecmascript file had an error

Import traces:
  Client Component Browser:
    ./app/admin/page.tsx [Client Component Browser]
    ./app/admin/page.tsx [Server Component]

  Client Component SSR:
    ./app/admin/page.tsx [Client Component SSR]
    ./app/admin/page.tsx [Server Component] @ http://localhost:3000/_next/static/chunks/node_modules_next_dist_0u_w_5s._.js:1945
[ 1109903ms] [ERROR] ./app/admin/page.tsx
Error evaluating Node.js code
SyntaxError: C:\Users\FUJITSU\Documents\PROJECTS\8w6s_profile\app\admin\page.tsx: Identifier 'currentSkill' has already been declared. (665:14)

  663 |         if (!currentSkill) return;
  664 |
> 665 |         const currentSkill = newSkills[index];
      |               ^
  666 |         const normalizedSkill = typeof currentSkill === 'object' && currentSkill !== null
  667 |             ? currentSkill
  668 |             : {
  (from C:\Users\FUJITSU\Documents\PROJECTS\8w6s_profile\node_modules\next\dist\build\babel\loader\index.js)
    [at constructor (C:\Users\FUJITSU\Documents\PROJECTS\8w6s_profile\node_modules\next\dist\compiled\babel\bundle.js:191:137105)]
    [at TypeScriptParserMixin.raise (C:\Users\FUJITSU\Documents\PROJECTS\8w6s_profile\node_modules\next\dist\compiled\babel\bundle.js:191:194164)]
    [at TypeScriptScopeHandler.checkRedeclarationInScope (C:\Users\FUJITSU\Documents\PROJECTS\8w6s_profile\node_modules\next\dist\compiled\babel\bundle.js:191:163166)]
    [at TypeScriptScopeHandler.declareName (C:\Users\FUJITSU\Documents\PROJECTS\8w6s_profile\node_modules\next\dist\compiled\babel\bundle.js:191:162529)]
    [at TypeScriptScopeHandler.declareName (C:\Users\FUJITSU\Documents\PROJECTS\8w6s_profile\node_modules\next\dist\compiled\babel\bundle.js:191:271160)]
    [at TypeScriptParserMixin.declareNameFromIdentifier (C:\Users\FUJITSU\Documents\PROJECTS\8w6s_profile\node_modules\next\dist\compiled\babel\bundle.js:191:279226)]
    [at TypeScriptParserMixin.checkIdentifier (C:\Users\FUJITSU\Documents\PROJECTS\8w6s_profile\node_modules\next\dist\compiled\babel\bundle.js:191:279152)]
    [at TypeScriptParserMixin.checkLVal (C:\Users\FUJITSU\Documents\PROJECTS\8w6s_profile\node_modules\next\dist\compiled\babel\bundle.js:191:278197)]
    [at TypeScriptParserMixin.parseVarId (C:\Users\FUJITSU\Documents\PROJECTS\8w6s_profile\node_modules\next\dist\compiled\babel\bundle.js:191:403644)]
    [at TypeScriptParserMixin.parseVarId (C:\Users\FUJITSU\Documents\PROJECTS\8w6s_profile\node_modules\next\dist\compiled\babel\bundle.js:191:329902)]
    [at TypeScriptParserMixin.parseVar (C:\Users\FUJITSU\Documents\PROJECTS\8w6s_profile\node_modules\next\dist\compiled\babel\bundle.js:191:402884)]
    [at TypeScriptParserMixin.parseVarStatement (C:\Users\FUJITSU\Documents\PROJECTS\8w6s_profile\node_modules\next\dist\compiled\babel\bundle.js:191:399366)]
    [at TypeScriptParserMixin.parseVarStatement (C:\Users\FUJITSU\Documents\PROJECTS\8w6s_profile\node_modules\next\dist\compiled\babel\bundle.js:191:323322)]
    [at TypeScriptParserMixin.parseStatementContent (C:\Users\FUJITSU\Documents\PROJECTS\8w6s_profile\node_modules\next\dist\compiled\babel\bundle.js:191:391398)]
    [at TypeScriptParserMixin.parseStatementContent (C:\Users\FUJITSU\Documents\PROJECTS\8w6s_profile\node_modules\next\dist\compiled\babel\bundle.js:191:324042)]
    [at TypeScriptParserMixin.parseStatementLike (C:\Users\FUJITSU\Documents\PROJECTS\8w6s_profile\node_modules\next\dist\compiled\babel\bundle.js:191:389494)]
    [at TypeScriptParserMixin.parseStatementListItem (C:\Users\FUJITSU\Documents\PROJECTS\8w6s_profile\node_modules\next\dist\compiled\babel\bundle.js:191:389120)]
    [at TypeScriptParserMixin.parseBlockOrModuleBlockBody (C:\Users\FUJITSU\Documents\PROJECTS\8w6s_profile\node_modules\next\dist\compiled\babel\bundle.js:191:401423)]
    [at TypeScriptParserMixin.parseBlockBody (C:\Users\FUJITSU\Documents\PROJECTS\8w6s_profile\node_modules\next\dist\compiled\babel\bundle.js:191:401223)]
    [at TypeScriptParserMixin.parseBlock (C:\Users\FUJITSU\Documents\PROJECTS\8w6s_profile\node_modules\next\dist\compiled\babel\bundle.js:191:400923)]
    [at TypeScriptParserMixin.parseFunctionBody (C:\Users\FUJITSU\Documents\PROJECTS\8w6s_profile\node_modules\next\dist\compiled\babel\bundle.js:191:378053)]
    [at TypeScriptParserMixin.parseArrowExpression (C:\Users\FUJITSU\Documents\PROJECTS\8w6s_profile\node_modules\next\dist\compiled\babel\bundle.js:191:377398)]
    [at TypeScriptParserMixin.parseParenAndDistinguishExpression (C:\Users\FUJITSU\Documents\PROJECTS\8w6s_profile\node_modules\next\dist\compiled\babel\bundle.js:191:369594)]
    [at TypeScriptParserMixin.parseExprAtom (C:\Users\FUJITSU\Documents\PROJECTS\8w6s_profile\node_modules\next\dist\compiled\babel\bundle.js:191:361477)]
    [at TypeScriptParserMixin.parseExprAtom (C:\Users\FUJITSU\Documents\PROJECTS\8w6s_profile\node_modules\next\dist\compiled\babel\bundle.js:191:269272)]
    [at TypeScriptParserMixin.parseExprSubscripts (C:\Users\FUJITSU\Documents\PROJECTS\8w6s_profile\node_modules\next\dist\compiled\babel\bundle.js:191:356364)]
    [at TypeScriptParserMixin.parseUpdate (C:\Users\FUJITSU\Documents\PROJECTS\8w6s_profile\node_modules\next\dist\compiled\babel\bundle.js:191:355963)]
    [at TypeScriptParserMixin.parseMaybeUnary (C:\Users\FUJITSU\Documents\PROJECTS\8w6s_profile\node_modules\next\dist\compiled\babel\bundle.js:191:355527)]
    [at TypeScriptParserMixin.parseMaybeUnary (C:\Users\FUJITSU\Documents\PROJECTS\8w6s_profile\node_modules\next\dist\compiled\babel\bundle.js:191:331837)]
    [at TypeScriptParserMixin.parseMaybeUnaryOrPrivate (C:\Users\FUJITSU\Documents\PROJECTS\8w6s_profile\node_modules\next\dist\compiled\babel\bundle.js:191:352169)]
    [at TypeScriptParserMixin.parseExprOps (C:\Users\FUJITSU\Documents\PROJECTS\8w6s_profile\node_modules\next\dist\compiled\babel\bundle.js:191:352281)]
    [at TypeScriptParserMixin.parseMaybeConditional (C:\Users\FUJITSU\Documents\PROJECTS\8w6s_profile\node_modules\next\dist\compiled\babel\bundle.js:191:351760)]
    [at TypeScriptParserMixin.parseMaybeAssign (C:\Users\FUJITSU\Documents\PROJECTS\8w6s_profile\node_modules\next\dist\compiled\babel\bundle.js:191:350714)]
    [at TypeScriptParserMixin.parseMaybeAssign (C:\Users\FUJITSU\Documents\PROJECTS\8w6s_profile\node_modules\next\dist\compiled\babel\bundle.js:191:330620)]
    [at C:\Users\FUJITSU\Documents\PROJECTS\8w6s_profile\node_modules\next\dist\compiled\babel\bundle.js:191:350260]
    [at TypeScriptParserMixin.allowInAnd (C:\Users\FUJITSU\Documents\PROJECTS\8w6s_profile\node_modules\next\dist\compiled\babel\bundle.js:191:383926)]
    [at TypeScriptParserMixin.parseMaybeAssignAllowIn (C:\Users\FUJITSU\Documents\PROJECTS\8w6s_profile\node_modules\next\dist\compiled\babel\bundle.js:191:350239)]
    [at TypeScriptParserMixin.parseVar (C:\Users\FUJITSU\Documents\PROJECTS\8w6s_profile\node_modules\next\dist\compiled\babel\bundle.js:191:402967)]
    [at TypeScriptParserMixin.parseVarStatement (C:\Users\FUJITSU\Documents\PROJECTS\8w6s_profile\node_modules\next\dist\compiled\babel\bundle.js:191:399366)]
    [at TypeScriptParserMixin.parseVarStatement (C:\Users\FUJITSU\Documents\PROJECTS\8w6s_profile\node_modules\next\dist\compiled\babel\bundle.js:191:323322)]
    [at TypeScriptParserMixin.parseStatementContent (C:\Users\FUJITSU\Documents\PROJECTS\8w6s_profile\node_modules\next\dist\compiled\babel\bundle.js:191:391398)]
    [at TypeScriptParserMixin.parseStatementContent (C:\Users\FUJITSU\Documents\PROJECTS\8w6s_profile\node_modules\next\dist\compiled\babel\bundle.js:191:324042)]
    [at TypeScriptParserMixin.parseStatementLike (C:\Users\FUJITSU\Documents\PROJECTS\8w6s_profile\node_modules\next\dist\compiled\babel\bundle.js:191:389494)]
    [at TypeScriptParserMixin.parseStatementListItem (C:\Users\FUJITSU\Documents\PROJECTS\8w6s_profile\node_modules\next\dist\compiled\babel\bundle.js:191:389120)]
    [at TypeScriptParserMixin.parseBlockOrModuleBlockBody (C:\Users\FUJITSU\Documents\PROJECTS\8w6s_profile\node_modules\next\dist\compiled\babel\bundle.js:191:401423)]
    [at TypeScriptParserMixin.parseBlockBody (C:\Users\FUJITSU\Documents\PROJECTS\8w6s_profile\node_modules\next\dist\compiled\babel\bundle.js:191:401223)]
    [at TypeScriptParserMixin.parseBlock (C:\Users\FUJITSU\Documents\PROJECTS\8w6s_profile\node_modules\next\dist\compiled\babel\bundle.js:191:400923)]
    [at TypeScriptParserMixin.parseFunctionBody (C:\Users\FUJITSU\Documents\PROJECTS\8w6s_profile\node_modules\next\dist\compiled\babel\bundle.js:191:378053)]
    [at TypeScriptParserMixin.parseFunctionBodyAndFinish (C:\Users\FUJITSU\Documents\PROJECTS\8w6s_profile\node_modules\next\dist\compiled\babel\bundle.js:191:377675)]
    [at TypeScriptParserMixin.parseFunctionBodyAndFinish (C:\Users\FUJITSU\Documents\PROJECTS\8w6s_profile\node_modules\next\dist\compiled\babel\bundle.js:191:318173)]

Import traces:
  Client Component Browser:
    ./app/admin/page.tsx [Client Component Browser]
    ./app/admin/page.tsx [Server Component]

  Client Component SSR:
    ./app/admin/page.tsx [Client Component SSR]
    ./app/admin/page.tsx [Server Component] @ http://localhost:3000/_next/static/chunks/node_modules_next_dist_0u_w_5s._.js:1945
[ 1109904ms] [ERROR] ./app/admin/page.tsx:665:15
the name `currentSkill` is defined multiple times
  663 |         if (!currentSkill) return;
  664 |
> 665 |         const currentSkill = newSkills[index];
      |               ^^^^^^^^^^^^
  666 |         const normalizedSkill = typeof currentSkill === 'object' && currentSkill !== null
  667 |             ? currentSkill
  668 |             : {

Ecmascript file had an error

Import traces:
  Client Component Browser:
    ./app/admin/page.tsx [Client Component Browser]
    ./app/admin/page.tsx [Server Component]

  Client Component SSR:
    ./app/admin/page.tsx [Client Component SSR]
    ./app/admin/page.tsx [Server Component] @ http://localhost:3000/_next/static/chunks/node_modules_next_dist_0u_w_5s._.js:1945
[ 1109919ms] [LOG] [Fast Refresh] rebuilding @ http://localhost:3000/_next/static/chunks/node_modules_next_dist_0u_w_5s._.js:1226
[ 1207672ms] [LOG] [Fast Refresh] rebuilding @ http://localhost:3000/_next/static/chunks/node_modules_next_dist_0u_w_5s._.js:1226
[ 1210808ms] [ERROR] ./app/admin/page.tsx
Error evaluating Node.js code
SyntaxError: C:\Users\FUJITSU\Documents\PROJECTS\8w6s_profile\app\admin\page.tsx: Identifier 'currentSkill' has already been declared. (665:14)

  663 |         if (!currentSkill) return;
  664 |
> 665 |         const currentSkill = newSkills[index];
      |               ^
  666 |         const normalizedSkill = typeof currentSkill === 'object' && currentSkill !== null
  667 |             ? currentSkill
  668 |             : {
  (from C:\Users\FUJITSU\Documents\PROJECTS\8w6s_profile\node_modules\next\dist\build\babel\loader\index.js)
    [at constructor (C:\Users\FUJITSU\Documents\PROJECTS\8w6s_profile\node_modules\next\dist\compiled\babel\bundle.js:191:137105)]
    [at TypeScriptParserMixin.raise (C:\Users\FUJITSU\Documents\PROJECTS\8w6s_profile\node_modules\next\dist\compiled\babel\bundle.js:191:194164)]
    [at TypeScriptScopeHandler.checkRedeclarationInScope (C:\Users\FUJITSU\Documents\PROJECTS\8w6s_profile\node_modules\next\dist\compiled\babel\bundle.js:191:163166)]
    [at TypeScriptScopeHandler.declareName (C:\Users\FUJITSU\Documents\PROJECTS\8w6s_profile\node_modules\next\dist\compiled\babel\bundle.js:191:162529)]
    [at TypeScriptScopeHandler.declareName (C:\Users\FUJITSU\Documents\PROJECTS\8w6s_profile\node_modules\next\dist\compiled\babel\bundle.js:191:271160)]
    [at TypeScriptParserMixin.declareNameFromIdentifier (C:\Users\FUJITSU\Documents\PROJECTS\8w6s_profile\node_modules\next\dist\compiled\babel\bundle.js:191:279226)]
    [at TypeScriptParserMixin.checkIdentifier (C:\Users\FUJITSU\Documents\PROJECTS\8w6s_profile\node_modules\next\dist\compiled\babel\bundle.js:191:279152)]
    [at TypeScriptParserMixin.checkLVal (C:\Users\FUJITSU\Documents\PROJECTS\8w6s_profile\node_modules\next\dist\compiled\babel\bundle.js:191:278197)]
    [at TypeScriptParserMixin.parseVarId (C:\Users\FUJITSU\Documents\PROJECTS\8w6s_profile\node_modules\next\dist\compiled\babel\bundle.js:191:403644)]
    [at TypeScriptParserMixin.parseVarId (C:\Users\FUJITSU\Documents\PROJECTS\8w6s_profile\node_modules\next\dist\compiled\babel\bundle.js:191:329902)]
    [at TypeScriptParserMixin.parseVar (C:\Users\FUJITSU\Documents\PROJECTS\8w6s_profile\node_modules\next\dist\compiled\babel\bundle.js:191:402884)]
    [at TypeScriptParserMixin.parseVarStatement (C:\Users\FUJITSU\Documents\PROJECTS\8w6s_profile\node_modules\next\dist\compiled\babel\bundle.js:191:399366)]
    [at TypeScriptParserMixin.parseVarStatement (C:\Users\FUJITSU\Documents\PROJECTS\8w6s_profile\node_modules\next\dist\compiled\babel\bundle.js:191:323322)]
    [at TypeScriptParserMixin.parseStatementContent (C:\Users\FUJITSU\Documents\PROJECTS\8w6s_profile\node_modules\next\dist\compiled\babel\bundle.js:191:391398)]
    [at TypeScriptParserMixin.parseStatementContent (C:\Users\FUJITSU\Documents\PROJECTS\8w6s_profile\node_modules\next\dist\compiled\babel\bundle.js:191:324042)]
    [at TypeScriptParserMixin.parseStatementLike (C:\Users\FUJITSU\Documents\PROJECTS\8w6s_profile\node_modules\next\dist\compiled\babel\bundle.js:191:389494)]
    [at TypeScriptParserMixin.parseStatementListItem (C:\Users\FUJITSU\Documents\PROJECTS\8w6s_profile\node_modules\next\dist\compiled\babel\bundle.js:191:389120)]
    [at TypeScriptParserMixin.parseBlockOrModuleBlockBody (C:\Users\FUJITSU\Documents\PROJECTS\8w6s_profile\node_modules\next\dist\compiled\babel\bundle.js:191:401423)]
    [at TypeScriptParserMixin.parseBlockBody (C:\Users\FUJITSU\Documents\PROJECTS\8w6s_profile\node_modules\next\dist\compiled\babel\bundle.js:191:401223)]
    [at TypeScriptParserMixin.parseBlock (C:\Users\FUJITSU\Documents\PROJECTS\8w6s_profile\node_modules\next\dist\compiled\babel\bundle.js:191:400923)]
    [at TypeScriptParserMixin.parseFunctionBody (C:\Users\FUJITSU\Documents\PROJECTS\8w6s_profile\node_modules\next\dist\compiled\babel\bundle.js:191:378053)]
    [at TypeScriptParserMixin.parseArrowExpression (C:\Users\FUJITSU\Documents\PROJECTS\8w6s_profile\node_modules\next\dist\compiled\babel\bundle.js:191:377398)]
    [at TypeScriptParserMixin.parseParenAndDistinguishExpression (C:\Users\FUJITSU\Documents\PROJECTS\8w6s_profile\node_modules\next\dist\compiled\babel\bundle.js:191:369594)]
    [at TypeScriptParserMixin.parseExprAtom (C:\Users\FUJITSU\Documents\PROJECTS\8w6s_profile\node_modules\next\dist\compiled\babel\bundle.js:191:361477)]
    [at TypeScriptParserMixin.parseExprAtom (C:\Users\FUJITSU\Documents\PROJECTS\8w6s_profile\node_modules\next\dist\compiled\babel\bundle.js:191:269272)]
    [at TypeScriptParserMixin.parseExprSubscripts (C:\Users\FUJITSU\Documents\PROJECTS\8w6s_profile\node_modules\next\dist\compiled\babel\bundle.js:191:356364)]
    [at TypeScriptParserMixin.parseUpdate (C:\Users\FUJITSU\Documents\PROJECTS\8w6s_profile\node_modules\next\dist\compiled\babel\bundle.js:191:355963)]
    [at TypeScriptParserMixin.parseMaybeUnary (C:\Users\FUJITSU\Documents\PROJECTS\8w6s_profile\node_modules\next\dist\compiled\babel\bundle.js:191:355527)]
    [at TypeScriptParserMixin.parseMaybeUnary (C:\Users\FUJITSU\Documents\PROJECTS\8w6s_profile\node_modules\next\dist\compiled\babel\bundle.js:191:331837)]
    [at TypeScriptParserMixin.parseMaybeUnaryOrPrivate (C:\Users\FUJITSU\Documents\PROJECTS\8w6s_profile\node_modules\next\dist\compiled\babel\bundle.js:191:352169)]
    [at TypeScriptParserMixin.parseExprOps (C:\Users\FUJITSU\Documents\PROJECTS\8w6s_profile\node_modules\next\dist\compiled\babel\bundle.js:191:352281)]
    [at TypeScriptParserMixin.parseMaybeConditional (C:\Users\FUJITSU\Documents\PROJECTS\8w6s_profile\node_modules\next\dist\compiled\babel\bundle.js:191:351760)]
    [at TypeScriptParserMixin.parseMaybeAssign (C:\Users\FUJITSU\Documents\PROJECTS\8w6s_profile\node_modules\next\dist\compiled\babel\bundle.js:191:350714)]
    [at TypeScriptParserMixin.parseMaybeAssign (C:\Users\FUJITSU\Documents\PROJECTS\8w6s_profile\node_modules\next\dist\compiled\babel\bundle.js:191:330620)]
    [at C:\Users\FUJITSU\Documents\PROJECTS\8w6s_profile\node_modules\next\dist\compiled\babel\bundle.js:191:350260]
    [at TypeScriptParserMixin.allowInAnd (C:\Users\FUJITSU\Documents\PROJECTS\8w6s_profile\node_modules\next\dist\compiled\babel\bundle.js:191:383926)]
    [at TypeScriptParserMixin.parseMaybeAssignAllowIn (C:\Users\FUJITSU\Documents\PROJECTS\8w6s_profile\node_modules\next\dist\compiled\babel\bundle.js:191:350239)]
    [at TypeScriptParserMixin.parseVar (C:\Users\FUJITSU\Documents\PROJECTS\8w6s_profile\node_modules\next\dist\compiled\babel\bundle.js:191:402967)]
    [at TypeScriptParserMixin.parseVarStatement (C:\Users\FUJITSU\Documents\PROJECTS\8w6s_profile\node_modules\next\dist\compiled\babel\bundle.js:191:399366)]
    [at TypeScriptParserMixin.parseVarStatement (C:\Users\FUJITSU\Documents\PROJECTS\8w6s_profile\node_modules\next\dist\compiled\babel\bundle.js:191:323322)]
    [at TypeScriptParserMixin.parseStatementContent (C:\Users\FUJITSU\Documents\PROJECTS\8w6s_profile\node_modules\next\dist\compiled\babel\bundle.js:191:391398)]
    [at TypeScriptParserMixin.parseStatementContent (C:\Users\FUJITSU\Documents\PROJECTS\8w6s_profile\node_modules\next\dist\compiled\babel\bundle.js:191:324042)]
    [at TypeScriptParserMixin.parseStatementLike (C:\Users\FUJITSU\Documents\PROJECTS\8w6s_profile\node_modules\next\dist\compiled\babel\bundle.js:191:389494)]
    [at TypeScriptParserMixin.parseStatementListItem (C:\Users\FUJITSU\Documents\PROJECTS\8w6s_profile\node_modules\next\dist\compiled\babel\bundle.js:191:389120)]
    [at TypeScriptParserMixin.parseBlockOrModuleBlockBody (C:\Users\FUJITSU\Documents\PROJECTS\8w6s_profile\node_modules\next\dist\compiled\babel\bundle.js:191:401423)]
    [at TypeScriptParserMixin.parseBlockBody (C:\Users\FUJITSU\Documents\PROJECTS\8w6s_profile\node_modules\next\dist\compiled\babel\bundle.js:191:401223)]
    [at TypeScriptParserMixin.parseBlock (C:\Users\FUJITSU\Documents\PROJECTS\8w6s_profile\node_modules\next\dist\compiled\babel\bundle.js:191:400923)]
    [at TypeScriptParserMixin.parseFunctionBody (C:\Users\FUJITSU\Documents\PROJECTS\8w6s_profile\node_modules\next\dist\compiled\babel\bundle.js:191:378053)]
    [at TypeScriptParserMixin.parseFunctionBodyAndFinish (C:\Users\FUJITSU\Documents\PROJECTS\8w6s_profile\node_modules\next\dist\compiled\babel\bundle.js:191:377675)]
    [at TypeScriptParserMixin.parseFunctionBodyAndFinish (C:\Users\FUJITSU\Documents\PROJECTS\8w6s_profile\node_modules\next\dist\compiled\babel\bundle.js:191:318173)]

Import traces:
  Client Component Browser:
    ./app/admin/page.tsx [Client Component Browser]
    ./app/admin/page.tsx [Server Component]

  Client Component SSR:
    ./app/admin/page.tsx [Client Component SSR]
    ./app/admin/page.tsx [Server Component] @ http://localhost:3000/_next/static/chunks/node_modules_next_dist_0u_w_5s._.js:1945
[ 1210812ms] [ERROR] ./app/admin/page.tsx:665:15
the name `currentSkill` is defined multiple times
  663 |         if (!currentSkill) return;
  664 |
> 665 |         const currentSkill = newSkills[index];
      |               ^^^^^^^^^^^^
  666 |         const normalizedSkill = typeof currentSkill === 'object' && currentSkill !== null
  667 |             ? currentSkill
  668 |             : {

Ecmascript file had an error

Import traces:
  Client Component Browser:
    ./app/admin/page.tsx [Client Component Browser]
    ./app/admin/page.tsx [Server Component]

  Client Component SSR:
    ./app/admin/page.tsx [Client Component SSR]
    ./app/admin/page.tsx [Server Component] @ http://localhost:3000/_next/static/chunks/node_modules_next_dist_0u_w_5s._.js:1945
[ 1211618ms] [LOG] [Fast Refresh] rebuilding @ http://localhost:3000/_next/static/chunks/node_modules_next_dist_0u_w_5s._.js:1226
[ 1214117ms] [ERROR] ./app/admin/page.tsx
Error evaluating Node.js code
SyntaxError: C:\Users\FUJITSU\Documents\PROJECTS\8w6s_profile\app\admin\page.tsx: Identifier 'currentSkill' has already been declared. (665:14)

  663 |         if (!currentSkill) return;
  664 |
> 665 |         const currentSkill = newSkills[index];
      |               ^
  666 |         const normalizedSkill = typeof currentSkill === 'object' && currentSkill !== null
  667 |             ? currentSkill
  668 |             : {
  (from C:\Users\FUJITSU\Documents\PROJECTS\8w6s_profile\node_modules\next\dist\build\babel\loader\index.js)
    [at constructor (C:\Users\FUJITSU\Documents\PROJECTS\8w6s_profile\node_modules\next\dist\compiled\babel\bundle.js:191:137105)]
    [at TypeScriptParserMixin.raise (C:\Users\FUJITSU\Documents\PROJECTS\8w6s_profile\node_modules\next\dist\compiled\babel\bundle.js:191:194164)]
    [at TypeScriptScopeHandler.checkRedeclarationInScope (C:\Users\FUJITSU\Documents\PROJECTS\8w6s_profile\node_modules\next\dist\compiled\babel\bundle.js:191:163166)]
    [at TypeScriptScopeHandler.declareName (C:\Users\FUJITSU\Documents\PROJECTS\8w6s_profile\node_modules\next\dist\compiled\babel\bundle.js:191:162529)]
    [at TypeScriptScopeHandler.declareName (C:\Users\FUJITSU\Documents\PROJECTS\8w6s_profile\node_modules\next\dist\compiled\babel\bundle.js:191:271160)]
    [at TypeScriptParserMixin.declareNameFromIdentifier (C:\Users\FUJITSU\Documents\PROJECTS\8w6s_profile\node_modules\next\dist\compiled\babel\bundle.js:191:279226)]
    [at TypeScriptParserMixin.checkIdentifier (C:\Users\FUJITSU\Documents\PROJECTS\8w6s_profile\node_modules\next\dist\compiled\babel\bundle.js:191:279152)]
    [at TypeScriptParserMixin.checkLVal (C:\Users\FUJITSU\Documents\PROJECTS\8w6s_profile\node_modules\next\dist\compiled\babel\bundle.js:191:278197)]
    [at TypeScriptParserMixin.parseVarId (C:\Users\FUJITSU\Documents\PROJECTS\8w6s_profile\node_modules\next\dist\compiled\babel\bundle.js:191:403644)]
    [at TypeScriptParserMixin.parseVarId (C:\Users\FUJITSU\Documents\PROJECTS\8w6s_profile\node_modules\next\dist\compiled\babel\bundle.js:191:329902)]
    [at TypeScriptParserMixin.parseVar (C:\Users\FUJITSU\Documents\PROJECTS\8w6s_profile\node_modules\next\dist\compiled\babel\bundle.js:191:402884)]
    [at TypeScriptParserMixin.parseVarStatement (C:\Users\FUJITSU\Documents\PROJECTS\8w6s_profile\node_modules\next\dist\compiled\babel\bundle.js:191:399366)]
    [at TypeScriptParserMixin.parseVarStatement (C:\Users\FUJITSU\Documents\PROJECTS\8w6s_profile\node_modules\next\dist\compiled\babel\bundle.js:191:323322)]
    [at TypeScriptParserMixin.parseStatementContent (C:\Users\FUJITSU\Documents\PROJECTS\8w6s_profile\node_modules\next\dist\compiled\babel\bundle.js:191:391398)]
    [at TypeScriptParserMixin.parseStatementContent (C:\Users\FUJITSU\Documents\PROJECTS\8w6s_profile\node_modules\next\dist\compiled\babel\bundle.js:191:324042)]
    [at TypeScriptParserMixin.parseStatementLike (C:\Users\FUJITSU\Documents\PROJECTS\8w6s_profile\node_modules\next\dist\compiled\babel\bundle.js:191:389494)]
    [at TypeScriptParserMixin.parseStatementListItem (C:\Users\FUJITSU\Documents\PROJECTS\8w6s_profile\node_modules\next\dist\compiled\babel\bundle.js:191:389120)]
    [at TypeScriptParserMixin.parseBlockOrModuleBlockBody (C:\Users\FUJITSU\Documents\PROJECTS\8w6s_profile\node_modules\next\dist\compiled\babel\bundle.js:191:401423)]
    [at TypeScriptParserMixin.parseBlockBody (C:\Users\FUJITSU\Documents\PROJECTS\8w6s_profile\node_modules\next\dist\compiled\babel\bundle.js:191:401223)]
    [at TypeScriptParserMixin.parseBlock (C:\Users\FUJITSU\Documents\PROJECTS\8w6s_profile\node_modules\next\dist\compiled\babel\bundle.js:191:400923)]
    [at TypeScriptParserMixin.parseFunctionBody (C:\Users\FUJITSU\Documents\PROJECTS\8w6s_profile\node_modules\next\dist\compiled\babel\bundle.js:191:378053)]
    [at TypeScriptParserMixin.parseArrowExpression (C:\Users\FUJITSU\Documents\PROJECTS\8w6s_profile\node_modules\next\dist\compiled\babel\bundle.js:191:377398)]
    [at TypeScriptParserMixin.parseParenAndDistinguishExpression (C:\Users\FUJITSU\Documents\PROJECTS\8w6s_profile\node_modules\next\dist\compiled\babel\bundle.js:191:369594)]
    [at TypeScriptParserMixin.parseExprAtom (C:\Users\FUJITSU\Documents\PROJECTS\8w6s_profile\node_modules\next\dist\compiled\babel\bundle.js:191:361477)]
    [at TypeScriptParserMixin.parseExprAtom (C:\Users\FUJITSU\Documents\PROJECTS\8w6s_profile\node_modules\next\dist\compiled\babel\bundle.js:191:269272)]
    [at TypeScriptParserMixin.parseExprSubscripts (C:\Users\FUJITSU\Documents\PROJECTS\8w6s_profile\node_modules\next\dist\compiled\babel\bundle.js:191:356364)]
    [at TypeScriptParserMixin.parseUpdate (C:\Users\FUJITSU\Documents\PROJECTS\8w6s_profile\node_modules\next\dist\compiled\babel\bundle.js:191:355963)]
    [at TypeScriptParserMixin.parseMaybeUnary (C:\Users\FUJITSU\Documents\PROJECTS\8w6s_profile\node_modules\next\dist\compiled\babel\bundle.js:191:355527)]
    [at TypeScriptParserMixin.parseMaybeUnary (C:\Users\FUJITSU\Documents\PROJECTS\8w6s_profile\node_modules\next\dist\compiled\babel\bundle.js:191:331837)]
    [at TypeScriptParserMixin.parseMaybeUnaryOrPrivate (C:\Users\FUJITSU\Documents\PROJECTS\8w6s_profile\node_modules\next\dist\compiled\babel\bundle.js:191:352169)]
    [at TypeScriptParserMixin.parseExprOps (C:\Users\FUJITSU\Documents\PROJECTS\8w6s_profile\node_modules\next\dist\compiled\babel\bundle.js:191:352281)]
    [at TypeScriptParserMixin.parseMaybeConditional (C:\Users\FUJITSU\Documents\PROJECTS\8w6s_profile\node_modules\next\dist\compiled\babel\bundle.js:191:351760)]
    [at TypeScriptParserMixin.parseMaybeAssign (C:\Users\FUJITSU\Documents\PROJECTS\8w6s_profile\node_modules\next\dist\compiled\babel\bundle.js:191:350714)]
    [at TypeScriptParserMixin.parseMaybeAssign (C:\Users\FUJITSU\Documents\PROJECTS\8w6s_profile\node_modules\next\dist\compiled\babel\bundle.js:191:330620)]
    [at C:\Users\FUJITSU\Documents\PROJECTS\8w6s_profile\node_modules\next\dist\compiled\babel\bundle.js:191:350260]
    [at TypeScriptParserMixin.allowInAnd (C:\Users\FUJITSU\Documents\PROJECTS\8w6s_profile\node_modules\next\dist\compiled\babel\bundle.js:191:383926)]
    [at TypeScriptParserMixin.parseMaybeAssignAllowIn (C:\Users\FUJITSU\Documents\PROJECTS\8w6s_profile\node_modules\next\dist\compiled\babel\bundle.js:191:350239)]
    [at TypeScriptParserMixin.parseVar (C:\Users\FUJITSU\Documents\PROJECTS\8w6s_profile\node_modules\next\dist\compiled\babel\bundle.js:191:402967)]
    [at TypeScriptParserMixin.parseVarStatement (C:\Users\FUJITSU\Documents\PROJECTS\8w6s_profile\node_modules\next\dist\compiled\babel\bundle.js:191:399366)]
    [at TypeScriptParserMixin.parseVarStatement (C:\Users\FUJITSU\Documents\PROJECTS\8w6s_profile\node_modules\next\dist\compiled\babel\bundle.js:191:323322)]
    [at TypeScriptParserMixin.parseStatementContent (C:\Users\FUJITSU\Documents\PROJECTS\8w6s_profile\node_modules\next\dist\compiled\babel\bundle.js:191:391398)]
    [at TypeScriptParserMixin.parseStatementContent (C:\Users\FUJITSU\Documents\PROJECTS\8w6s_profile\node_modules\next\dist\compiled\babel\bundle.js:191:324042)]
    [at TypeScriptParserMixin.parseStatementLike (C:\Users\FUJITSU\Documents\PROJECTS\8w6s_profile\node_modules\next\dist\compiled\babel\bundle.js:191:389494)]
    [at TypeScriptParserMixin.parseStatementListItem (C:\Users\FUJITSU\Documents\PROJECTS\8w6s_profile\node_modules\next\dist\compiled\babel\bundle.js:191:389120)]
    [at TypeScriptParserMixin.parseBlockOrModuleBlockBody (C:\Users\FUJITSU\Documents\PROJECTS\8w6s_profile\node_modules\next\dist\compiled\babel\bundle.js:191:401423)]
    [at TypeScriptParserMixin.parseBlockBody (C:\Users\FUJITSU\Documents\PROJECTS\8w6s_profile\node_modules\next\dist\compiled\babel\bundle.js:191:401223)]
    [at TypeScriptParserMixin.parseBlock (C:\Users\FUJITSU\Documents\PROJECTS\8w6s_profile\node_modules\next\dist\compiled\babel\bundle.js:191:400923)]
    [at TypeScriptParserMixin.parseFunctionBody (C:\Users\FUJITSU\Documents\PROJECTS\8w6s_profile\node_modules\next\dist\compiled\babel\bundle.js:191:378053)]
    [at TypeScriptParserMixin.parseFunctionBodyAndFinish (C:\Users\FUJITSU\Documents\PROJECTS\8w6s_profile\node_modules\next\dist\compiled\babel\bundle.js:191:377675)]
    [at TypeScriptParserMixin.parseFunctionBodyAndFinish (C:\Users\FUJITSU\Documents\PROJECTS\8w6s_profile\node_modules\next\dist\compiled\babel\bundle.js:191:318173)]

Import traces:
  Client Component Browser:
    ./app/admin/page.tsx [Client Component Browser]
    ./app/admin/page.tsx [Server Component]

  Client Component SSR:
    ./app/admin/page.tsx [Client Component SSR]
    ./app/admin/page.tsx [Server Component] @ http://localhost:3000/_next/static/chunks/node_modules_next_dist_0u_w_5s._.js:1945
[ 1214117ms] [ERROR] ./app/admin/page.tsx:665:15
the name `currentSkill` is defined multiple times
  663 |         if (!currentSkill) return;
  664 |
> 665 |         const currentSkill = newSkills[index];
      |               ^^^^^^^^^^^^
  666 |         const normalizedSkill = typeof currentSkill === 'object' && currentSkill !== null
  667 |             ? currentSkill
  668 |             : {

Ecmascript file had an error

Import traces:
  Client Component Browser:
    ./app/admin/page.tsx [Client Component Browser]
    ./app/admin/page.tsx [Server Component]

  Client Component SSR:
    ./app/admin/page.tsx [Client Component SSR]
    ./app/admin/page.tsx [Server Component] @ http://localhost:3000/_next/static/chunks/node_modules_next_dist_0u_w_5s._.js:1945
[ 1214762ms] [LOG] [Fast Refresh] rebuilding @ http://localhost:3000/_next/static/chunks/node_modules_next_dist_0u_w_5s._.js:1226
[ 1214783ms] [ERROR] ./app/admin/page.tsx
Error evaluating Node.js code
SyntaxError: C:\Users\FUJITSU\Documents\PROJECTS\8w6s_profile\app\admin\page.tsx: Identifier 'currentSkill' has already been declared. (665:14)

  663 |         if (!currentSkill) return;
  664 |
> 665 |         const currentSkill = newSkills[index];
      |               ^
  666 |         const normalizedSkill = typeof currentSkill === 'object' && currentSkill !== null
  667 |             ? currentSkill
  668 |             : {
  (from C:\Users\FUJITSU\Documents\PROJECTS\8w6s_profile\node_modules\next\dist\build\babel\loader\index.js)
    [at constructor (C:\Users\FUJITSU\Documents\PROJECTS\8w6s_profile\node_modules\next\dist\compiled\babel\bundle.js:191:137105)]
    [at TypeScriptParserMixin.raise (C:\Users\FUJITSU\Documents\PROJECTS\8w6s_profile\node_modules\next\dist\compiled\babel\bundle.js:191:194164)]
    [at TypeScriptScopeHandler.checkRedeclarationInScope (C:\Users\FUJITSU\Documents\PROJECTS\8w6s_profile\node_modules\next\dist\compiled\babel\bundle.js:191:163166)]
    [at TypeScriptScopeHandler.declareName (C:\Users\FUJITSU\Documents\PROJECTS\8w6s_profile\node_modules\next\dist\compiled\babel\bundle.js:191:162529)]
    [at TypeScriptScopeHandler.declareName (C:\Users\FUJITSU\Documents\PROJECTS\8w6s_profile\node_modules\next\dist\compiled\babel\bundle.js:191:271160)]
    [at TypeScriptParserMixin.declareNameFromIdentifier (C:\Users\FUJITSU\Documents\PROJECTS\8w6s_profile\node_modules\next\dist\compiled\babel\bundle.js:191:279226)]
    [at TypeScriptParserMixin.checkIdentifier (C:\Users\FUJITSU\Documents\PROJECTS\8w6s_profile\node_modules\next\dist\compiled\babel\bundle.js:191:279152)]
    [at TypeScriptParserMixin.checkLVal (C:\Users\FUJITSU\Documents\PROJECTS\8w6s_profile\node_modules\next\dist\compiled\babel\bundle.js:191:278197)]
    [at TypeScriptParserMixin.parseVarId (C:\Users\FUJITSU\Documents\PROJECTS\8w6s_profile\node_modules\next\dist\compiled\babel\bundle.js:191:403644)]
    [at TypeScriptParserMixin.parseVarId (C:\Users\FUJITSU\Documents\PROJECTS\8w6s_profile\node_modules\next\dist\compiled\babel\bundle.js:191:329902)]
    [at TypeScriptParserMixin.parseVar (C:\Users\FUJITSU\Documents\PROJECTS\8w6s_profile\node_modules\next\dist\compiled\babel\bundle.js:191:402884)]
    [at TypeScriptParserMixin.parseVarStatement (C:\Users\FUJITSU\Documents\PROJECTS\8w6s_profile\node_modules\next\dist\compiled\babel\bundle.js:191:399366)]
    [at TypeScriptParserMixin.parseVarStatement (C:\Users\FUJITSU\Documents\PROJECTS\8w6s_profile\node_modules\next\dist\compiled\babel\bundle.js:191:323322)]
    [at TypeScriptParserMixin.parseStatementContent (C:\Users\FUJITSU\Documents\PROJECTS\8w6s_profile\node_modules\next\dist\compiled\babel\bundle.js:191:391398)]
    [at TypeScriptParserMixin.parseStatementContent (C:\Users\FUJITSU\Documents\PROJECTS\8w6s_profile\node_modules\next\dist\compiled\babel\bundle.js:191:324042)]
    [at TypeScriptParserMixin.parseStatementLike (C:\Users\FUJITSU\Documents\PROJECTS\8w6s_profile\node_modules\next\dist\compiled\babel\bundle.js:191:389494)]
    [at TypeScriptParserMixin.parseStatementListItem (C:\Users\FUJITSU\Documents\PROJECTS\8w6s_profile\node_modules\next\dist\compiled\babel\bundle.js:191:389120)]
    [at TypeScriptParserMixin.parseBlockOrModuleBlockBody (C:\Users\FUJITSU\Documents\PROJECTS\8w6s_profile\node_modules\next\dist\compiled\babel\bundle.js:191:401423)]
    [at TypeScriptParserMixin.parseBlockBody (C:\Users\FUJITSU\Documents\PROJECTS\8w6s_profile\node_modules\next\dist\compiled\babel\bundle.js:191:401223)]
    [at TypeScriptParserMixin.parseBlock (C:\Users\FUJITSU\Documents\PROJECTS\8w6s_profile\node_modules\next\dist\compiled\babel\bundle.js:191:400923)]
    [at TypeScriptParserMixin.parseFunctionBody (C:\Users\FUJITSU\Documents\PROJECTS\8w6s_profile\node_modules\next\dist\compiled\babel\bundle.js:191:378053)]
    [at TypeScriptParserMixin.parseArrowExpression (C:\Users\FUJITSU\Documents\PROJECTS\8w6s_profile\node_modules\next\dist\compiled\babel\bundle.js:191:377398)]
    [at TypeScriptParserMixin.parseParenAndDistinguishExpression (C:\Users\FUJITSU\Documents\PROJECTS\8w6s_profile\node_modules\next\dist\compiled\babel\bundle.js:191:369594)]
    [at TypeScriptParserMixin.parseExprAtom (C:\Users\FUJITSU\Documents\PROJECTS\8w6s_profile\node_modules\next\dist\compiled\babel\bundle.js:191:361477)]
    [at TypeScriptParserMixin.parseExprAtom (C:\Users\FUJITSU\Documents\PROJECTS\8w6s_profile\node_modules\next\dist\compiled\babel\bundle.js:191:269272)]
    [at TypeScriptParserMixin.parseExprSubscripts (C:\Users\FUJITSU\Documents\PROJECTS\8w6s_profile\node_modules\next\dist\compiled\babel\bundle.js:191:356364)]
    [at TypeScriptParserMixin.parseUpdate (C:\Users\FUJITSU\Documents\PROJECTS\8w6s_profile\node_modules\next\dist\compiled\babel\bundle.js:191:355963)]
    [at TypeScriptParserMixin.parseMaybeUnary (C:\Users\FUJITSU\Documents\PROJECTS\8w6s_profile\node_modules\next\dist\compiled\babel\bundle.js:191:355527)]
    [at TypeScriptParserMixin.parseMaybeUnary (C:\Users\FUJITSU\Documents\PROJECTS\8w6s_profile\node_modules\next\dist\compiled\babel\bundle.js:191:331837)]
    [at TypeScriptParserMixin.parseMaybeUnaryOrPrivate (C:\Users\FUJITSU\Documents\PROJECTS\8w6s_profile\node_modules\next\dist\compiled\babel\bundle.js:191:352169)]
    [at TypeScriptParserMixin.parseExprOps (C:\Users\FUJITSU\Documents\PROJECTS\8w6s_profile\node_modules\next\dist\compiled\babel\bundle.js:191:352281)]
    [at TypeScriptParserMixin.parseMaybeConditional (C:\Users\FUJITSU\Documents\PROJECTS\8w6s_profile\node_modules\next\dist\compiled\babel\bundle.js:191:351760)]
    [at TypeScriptParserMixin.parseMaybeAssign (C:\Users\FUJITSU\Documents\PROJECTS\8w6s_profile\node_modules\next\dist\compiled\babel\bundle.js:191:350714)]
    [at TypeScriptParserMixin.parseMaybeAssign (C:\Users\FUJITSU\Documents\PROJECTS\8w6s_profile\node_modules\next\dist\compiled\babel\bundle.js:191:330620)]
    [at C:\Users\FUJITSU\Documents\PROJECTS\8w6s_profile\node_modules\next\dist\compiled\babel\bundle.js:191:350260]
    [at TypeScriptParserMixin.allowInAnd (C:\Users\FUJITSU\Documents\PROJECTS\8w6s_profile\node_modules\next\dist\compiled\babel\bundle.js:191:383926)]
    [at TypeScriptParserMixin.parseMaybeAssignAllowIn (C:\Users\FUJITSU\Documents\PROJECTS\8w6s_profile\node_modules\next\dist\compiled\babel\bundle.js:191:350239)]
    [at TypeScriptParserMixin.parseVar (C:\Users\FUJITSU\Documents\PROJECTS\8w6s_profile\node_modules\next\dist\compiled\babel\bundle.js:191:402967)]
    [at TypeScriptParserMixin.parseVarStatement (C:\Users\FUJITSU\Documents\PROJECTS\8w6s_profile\node_modules\next\dist\compiled\babel\bundle.js:191:399366)]
    [at TypeScriptParserMixin.parseVarStatement (C:\Users\FUJITSU\Documents\PROJECTS\8w6s_profile\node_modules\next\dist\compiled\babel\bundle.js:191:323322)]
    [at TypeScriptParserMixin.parseStatementContent (C:\Users\FUJITSU\Documents\PROJECTS\8w6s_profile\node_modules\next\dist\compiled\babel\bundle.js:191:391398)]
    [at TypeScriptParserMixin.parseStatementContent (C:\Users\FUJITSU\Documents\PROJECTS\8w6s_profile\node_modules\next\dist\compiled\babel\bundle.js:191:324042)]
    [at TypeScriptParserMixin.parseStatementLike (C:\Users\FUJITSU\Documents\PROJECTS\8w6s_profile\node_modules\next\dist\compiled\babel\bundle.js:191:389494)]
    [at TypeScriptParserMixin.parseStatementListItem (C:\Users\FUJITSU\Documents\PROJECTS\8w6s_profile\node_modules\next\dist\compiled\babel\bundle.js:191:389120)]
    [at TypeScriptParserMixin.parseBlockOrModuleBlockBody (C:\Users\FUJITSU\Documents\PROJECTS\8w6s_profile\node_modules\next\dist\compiled\babel\bundle.js:191:401423)]
    [at TypeScriptParserMixin.parseBlockBody (C:\Users\FUJITSU\Documents\PROJECTS\8w6s_profile\node_modules\next\dist\compiled\babel\bundle.js:191:401223)]
    [at TypeScriptParserMixin.parseBlock (C:\Users\FUJITSU\Documents\PROJECTS\8w6s_profile\node_modules\next\dist\compiled\babel\bundle.js:191:400923)]
    [at TypeScriptParserMixin.parseFunctionBody (C:\Users\FUJITSU\Documents\PROJECTS\8w6s_profile\node_modules\next\dist\compiled\babel\bundle.js:191:378053)]
    [at TypeScriptParserMixin.parseFunctionBodyAndFinish (C:\Users\FUJITSU\Documents\PROJECTS\8w6s_profile\node_modules\next\dist\compiled\babel\bundle.js:191:377675)]
    [at TypeScriptParserMixin.parseFunctionBodyAndFinish (C:\Users\FUJITSU\Documents\PROJECTS\8w6s_profile\node_modules\next\dist\compiled\babel\bundle.js:191:318173)]

Import traces:
  Client Component Browser:
    ./app/admin/page.tsx [Client Component Browser]
    ./app/admin/page.tsx [Server Component]

  Client Component SSR:
    ./app/admin/page.tsx [Client Component SSR]
    ./app/admin/page.tsx [Server Component] @ http://localhost:3000/_next/static/chunks/node_modules_next_dist_0u_w_5s._.js:1945
[ 1214784ms] [ERROR] ./app/admin/page.tsx:665:15
the name `currentSkill` is defined multiple times
  663 |         if (!currentSkill) return;
  664 |
> 665 |         const currentSkill = newSkills[index];
      |               ^^^^^^^^^^^^
  666 |         const normalizedSkill = typeof currentSkill === 'object' && currentSkill !== null
  667 |             ? currentSkill
  668 |             : {

Ecmascript file had an error

Import traces:
  Client Component Browser:
    ./app/admin/page.tsx [Client Component Browser]
    ./app/admin/page.tsx [Server Component]

  Client Component SSR:
    ./app/admin/page.tsx [Client Component SSR]
    ./app/admin/page.tsx [Server Component] @ http://localhost:3000/_next/static/chunks/node_modules_next_dist_0u_w_5s._.js:1945
[ 1214895ms] [ERROR] Failed to load resource: the server responded with a status of 500 (Internal Server Error) @ http://localhost:3000/admin:0
[ 1215138ms] [INFO] %cDownload the React DevTools for a better development experience: https://react.dev/link/react-devtools font-weight:bold @ http://localhost:3000/_next/static/chunks/node_modules_react-dom_0bruynb._.js:15305
[ 1215260ms] Error: ./app/admin/page.tsx
Error evaluating Node.js code
SyntaxError: C:\Users\FUJITSU\Documents\PROJECTS\8w6s_profile\app\admin\page.tsx: Identifier 'currentSkill' has already been declared. (665:14)

  663 |         if (!currentSkill) return;
  664 |
> 665 |         const currentSkill = newSkills[index];
      |               ^
  666 |         const normalizedSkill = typeof currentSkill === 'object' && currentSkill !== null
  667 |             ? currentSkill
  668 |             : {
  (from C:\Users\FUJITSU\Documents\PROJECTS\8w6s_profile\node_modules\next\dist\build\babel\loader\index.js)
    [at constructor (C:\Users\FUJITSU\Documents\PROJECTS\8w6s_profile\node_modules\next\dist\compiled\babel\bundle.js:191:137105)]
    [at TypeScriptParserMixin.raise (C:\Users\FUJITSU\Documents\PROJECTS\8w6s_profile\node_modules\next\dist\compiled\babel\bundle.js:191:194164)]
    [at TypeScriptScopeHandler.checkRedeclarationInScope (C:\Users\FUJITSU\Documents\PROJECTS\8w6s_profile\node_modules\next\dist\compiled\babel\bundle.js:191:163166)]
    [at TypeScriptScopeHandler.declareName (C:\Users\FUJITSU\Documents\PROJECTS\8w6s_profile\node_modules\next\dist\compiled\babel\bundle.js:191:162529)]
    [at TypeScriptScopeHandler.declareName (C:\Users\FUJITSU\Documents\PROJECTS\8w6s_profile\node_modules\next\dist\compiled\babel\bundle.js:191:271160)]
    [at TypeScriptParserMixin.declareNameFromIdentifier (C:\Users\FUJITSU\Documents\PROJECTS\8w6s_profile\node_modules\next\dist\compiled\babel\bundle.js:191:279226)]
    [at TypeScriptParserMixin.checkIdentifier (C:\Users\FUJITSU\Documents\PROJECTS\8w6s_profile\node_modules\next\dist\compiled\babel\bundle.js:191:279152)]
    [at TypeScriptParserMixin.checkLVal (C:\Users\FUJITSU\Documents\PROJECTS\8w6s_profile\node_modules\next\dist\compiled\babel\bundle.js:191:278197)]
    [at TypeScriptParserMixin.parseVarId (C:\Users\FUJITSU\Documents\PROJECTS\8w6s_profile\node_modules\next\dist\compiled\babel\bundle.js:191:403644)]
    [at TypeScriptParserMixin.parseVarId (C:\Users\FUJITSU\Documents\PROJECTS\8w6s_profile\node_modules\next\dist\compiled\babel\bundle.js:191:329902)]
    [at TypeScriptParserMixin.parseVar (C:\Users\FUJITSU\Documents\PROJECTS\8w6s_profile\node_modules\next\dist\compiled\babel\bundle.js:191:402884)]
    [at TypeScriptParserMixin.parseVarStatement (C:\Users\FUJITSU\Documents\PROJECTS\8w6s_profile\node_modules\next\dist\compiled\babel\bundle.js:191:399366)]
    [at TypeScriptParserMixin.parseVarStatement (C:\Users\FUJITSU\Documents\PROJECTS\8w6s_profile\node_modules\next\dist\compiled\babel\bundle.js:191:323322)]
    [at TypeScriptParserMixin.parseStatementContent (C:\Users\FUJITSU\Documents\PROJECTS\8w6s_profile\node_modules\next\dist\compiled\babel\bundle.js:191:391398)]
    [at TypeScriptParserMixin.parseStatementContent (C:\Users\FUJITSU\Documents\PROJECTS\8w6s_profile\node_modules\next\dist\compiled\babel\bundle.js:191:324042)]
    [at TypeScriptParserMixin.parseStatementLike (C:\Users\FUJITSU\Documents\PROJECTS\8w6s_profile\node_modules\next\dist\compiled\babel\bundle.js:191:389494)]
    [at TypeScriptParserMixin.parseStatementListItem (C:\Users\FUJITSU\Documents\PROJECTS\8w6s_profile\node_modules\next\dist\compiled\babel\bundle.js:191:389120)]
    [at TypeScriptParserMixin.parseBlockOrModuleBlockBody (C:\Users\FUJITSU\Documents\PROJECTS\8w6s_profile\node_modules\next\dist\compiled\babel\bundle.js:191:401423)]
    [at TypeScriptParserMixin.parseBlockBody (C:\Users\FUJITSU\Documents\PROJECTS\8w6s_profile\node_modules\next\dist\compiled\babel\bundle.js:191:401223)]
    [at TypeScriptParserMixin.parseBlock (C:\Users\FUJITSU\Documents\PROJECTS\8w6s_profile\node_modules\next\dist\compiled\babel\bundle.js:191:400923)]
    [at TypeScriptParserMixin.parseFunctionBody (C:\Users\FUJITSU\Documents\PROJECTS\8w6s_profile\node_modules\next\dist\compiled\babel\bundle.js:191:378053)]
    [at TypeScriptParserMixin.parseArrowExpression (C:\Users\FUJITSU\Documents\PROJECTS\8w6s_profile\node_modules\next\dist\compiled\babel\bundle.js:191:377398)]
    [at TypeScriptParserMixin.parseParenAndDistinguishExpression (C:\Users\FUJITSU\Documents\PROJECTS\8w6s_profile\node_modules\next\dist\compiled\babel\bundle.js:191:369594)]
    [at TypeScriptParserMixin.parseExprAtom (C:\Users\FUJITSU\Documents\PROJECTS\8w6s_profile\node_modules\next\dist\compiled\babel\bundle.js:191:361477)]
    [at TypeScriptParserMixin.parseExprAtom (C:\Users\FUJITSU\Documents\PROJECTS\8w6s_profile\node_modules\next\dist\compiled\babel\bundle.js:191:269272)]
    [at TypeScriptParserMixin.parseExprSubscripts (C:\Users\FUJITSU\Documents\PROJECTS\8w6s_profile\node_modules\next\dist\compiled\babel\bundle.js:191:356364)]
    [at TypeScriptParserMixin.parseUpdate (C:\Users\FUJITSU\Documents\PROJECTS\8w6s_profile\node_modules\next\dist\compiled\babel\bundle.js:191:355963)]
    [at TypeScriptParserMixin.parseMaybeUnary (C:\Users\FUJITSU\Documents\PROJECTS\8w6s_profile\node_modules\next\dist\compiled\babel\bundle.js:191:355527)]
    [at TypeScriptParserMixin.parseMaybeUnary (C:\Users\FUJITSU\Documents\PROJECTS\8w6s_profile\node_modules\next\dist\compiled\babel\bundle.js:191:331837)]
    [at TypeScriptParserMixin.parseMaybeUnaryOrPrivate (C:\Users\FUJITSU\Documents\PROJECTS\8w6s_profile\node_modules\next\dist\compiled\babel\bundle.js:191:352169)]
    [at TypeScriptParserMixin.parseExprOps (C:\Users\FUJITSU\Documents\PROJECTS\8w6s_profile\node_modules\next\dist\compiled\babel\bundle.js:191:352281)]
    [at TypeScriptParserMixin.parseMaybeConditional (C:\Users\FUJITSU\Documents\PROJECTS\8w6s_profile\node_modules\next\dist\compiled\babel\bundle.js:191:351760)]
    [at TypeScriptParserMixin.parseMaybeAssign (C:\Users\FUJITSU\Documents\PROJECTS\8w6s_profile\node_modules\next\dist\compiled\babel\bundle.js:191:350714)]
    [at TypeScriptParserMixin.parseMaybeAssign (C:\Users\FUJITSU\Documents\PROJECTS\8w6s_profile\node_modules\next\dist\compiled\babel\bundle.js:191:330620)]
    [at C:\Users\FUJITSU\Documents\PROJECTS\8w6s_profile\node_modules\next\dist\compiled\babel\bundle.js:191:350260]
    [at TypeScriptParserMixin.allowInAnd (C:\Users\FUJITSU\Documents\PROJECTS\8w6s_profile\node_modules\next\dist\compiled\babel\bundle.js:191:383926)]
    [at TypeScriptParserMixin.parseMaybeAssignAllowIn (C:\Users\FUJITSU\Documents\PROJECTS\8w6s_profile\node_modules\next\dist\compiled\babel\bundle.js:191:350239)]
    [at TypeScriptParserMixin.parseVar (C:\Users\FUJITSU\Documents\PROJECTS\8w6s_profile\node_modules\next\dist\compiled\babel\bundle.js:191:402967)]
    [at TypeScriptParserMixin.parseVarStatement (C:\Users\FUJITSU\Documents\PROJECTS\8w6s_profile\node_modules\next\dist\compiled\babel\bundle.js:191:399366)]
    [at TypeScriptParserMixin.parseVarStatement (C:\Users\FUJITSU\Documents\PROJECTS\8w6s_profile\node_modules\next\dist\compiled\babel\bundle.js:191:323322)]
    [at TypeScriptParserMixin.parseStatementContent (C:\Users\FUJITSU\Documents\PROJECTS\8w6s_profile\node_modules\next\dist\compiled\babel\bundle.js:191:391398)]
    [at TypeScriptParserMixin.parseStatementContent (C:\Users\FUJITSU\Documents\PROJECTS\8w6s_profile\node_modules\next\dist\compiled\babel\bundle.js:191:324042)]
    [at TypeScriptParserMixin.parseStatementLike (C:\Users\FUJITSU\Documents\PROJECTS\8w6s_profile\node_modules\next\dist\compiled\babel\bundle.js:191:389494)]
    [at TypeScriptParserMixin.parseStatementListItem (C:\Users\FUJITSU\Documents\PROJECTS\8w6s_profile\node_modules\next\dist\compiled\babel\bundle.js:191:389120)]
    [at TypeScriptParserMixin.parseBlockOrModuleBlockBody (C:\Users\FUJITSU\Documents\PROJECTS\8w6s_profile\node_modules\next\dist\compiled\babel\bundle.js:191:401423)]
    [at TypeScriptParserMixin.parseBlockBody (C:\Users\FUJITSU\Documents\PROJECTS\8w6s_profile\node_modules\next\dist\compiled\babel\bundle.js:191:401223)]
    [at TypeScriptParserMixin.parseBlock (C:\Users\FUJITSU\Documents\PROJECTS\8w6s_profile\node_modules\next\dist\compiled\babel\bundle.js:191:400923)]
    [at TypeScriptParserMixin.parseFunctionBody (C:\Users\FUJITSU\Documents\PROJECTS\8w6s_profile\node_modules\next\dist\compiled\babel\bundle.js:191:378053)]
    [at TypeScriptParserMixin.parseFunctionBodyAndFinish (C:\Users\FUJITSU\Documents\PROJECTS\8w6s_profile\node_modules\next\dist\compiled\babel\bundle.js:191:377675)]
    [at TypeScriptParserMixin.parseFunctionBodyAndFinish (C:\Users\FUJITSU\Documents\PROJECTS\8w6s_profile\node_modules\next\dist\compiled\babel\bundle.js:191:318173)]

Import traces:
  Client Component Browser:
    ./app/admin/page.tsx [Client Component Browser]
    ./app/admin/page.tsx [Server Component]

  Client Component SSR:
    ./app/admin/page.tsx [Client Component SSR]
    ./app/admin/page.tsx [Server Component]


    at Object.getCompilationErrors (file://C:\Users\FUJITSU\Documents\PROJECTS\8w6s_profile\node_modules\next\dist\server\dev\hot-reloader-turbopack.js:1186:59)
    at DevBundlerService.getCompilationError (file://C:\Users\FUJITSU\Documents\PROJECTS\8w6s_profile\node_modules\next\dist\server\lib\dev-bundler-service.js:44:55)
    at DevServer.getCompilationError (file://C:\Users\FUJITSU\Documents\PROJECTS\8w6s_profile\node_modules\next\dist\server\dev\next-dev-server.js:719:42)
    at DevServer.findPageComponents (file://C:\Users\FUJITSU\Documents\PROJECTS\8w6s_profile\node_modules\next\dist\server\dev\next-dev-server.js:689:43)
    at async DevServer.renderErrorToResponseImpl (file://C:\Users\FUJITSU\Documents\PROJECTS\8w6s_profile\node_modules\next\dist\server\base-server.js:1745:26)
[ 1215261ms] [LOG] [HMR] connected @ http://localhost:3000/_next/static/chunks/node_modules_next_dist_0u_w_5s._.js:1226
[ 1215279ms] [ERROR] ./app/admin/page.tsx
Error evaluating Node.js code
SyntaxError: C:\Users\FUJITSU\Documents\PROJECTS\8w6s_profile\app\admin\page.tsx: Identifier 'currentSkill' has already been declared. (665:14)

  663 |         if (!currentSkill) return;
  664 |
> 665 |         const currentSkill = newSkills[index];
      |               ^
  666 |         const normalizedSkill = typeof currentSkill === 'object' && currentSkill !== null
  667 |             ? currentSkill
  668 |             : {
  (from C:\Users\FUJITSU\Documents\PROJECTS\8w6s_profile\node_modules\next\dist\build\babel\loader\index.js)
    [at constructor (C:\Users\FUJITSU\Documents\PROJECTS\8w6s_profile\node_modules\next\dist\compiled\babel\bundle.js:191:137105)]
    [at TypeScriptParserMixin.raise (C:\Users\FUJITSU\Documents\PROJECTS\8w6s_profile\node_modules\next\dist\compiled\babel\bundle.js:191:194164)]
    [at TypeScriptScopeHandler.checkRedeclarationInScope (C:\Users\FUJITSU\Documents\PROJECTS\8w6s_profile\node_modules\next\dist\compiled\babel\bundle.js:191:163166)]
    [at TypeScriptScopeHandler.declareName (C:\Users\FUJITSU\Documents\PROJECTS\8w6s_profile\node_modules\next\dist\compiled\babel\bundle.js:191:162529)]
    [at TypeScriptScopeHandler.declareName (C:\Users\FUJITSU\Documents\PROJECTS\8w6s_profile\node_modules\next\dist\compiled\babel\bundle.js:191:271160)]
    [at TypeScriptParserMixin.declareNameFromIdentifier (C:\Users\FUJITSU\Documents\PROJECTS\8w6s_profile\node_modules\next\dist\compiled\babel\bundle.js:191:279226)]
    [at TypeScriptParserMixin.checkIdentifier (C:\Users\FUJITSU\Documents\PROJECTS\8w6s_profile\node_modules\next\dist\compiled\babel\bundle.js:191:279152)]
    [at TypeScriptParserMixin.checkLVal (C:\Users\FUJITSU\Documents\PROJECTS\8w6s_profile\node_modules\next\dist\compiled\babel\bundle.js:191:278197)]
    [at TypeScriptParserMixin.parseVarId (C:\Users\FUJITSU\Documents\PROJECTS\8w6s_profile\node_modules\next\dist\compiled\babel\bundle.js:191:403644)]
    [at TypeScriptParserMixin.parseVarId (C:\Users\FUJITSU\Documents\PROJECTS\8w6s_profile\node_modules\next\dist\compiled\babel\bundle.js:191:329902)]
    [at TypeScriptParserMixin.parseVar (C:\Users\FUJITSU\Documents\PROJECTS\8w6s_profile\node_modules\next\dist\compiled\babel\bundle.js:191:402884)]
    [at TypeScriptParserMixin.parseVarStatement (C:\Users\FUJITSU\Documents\PROJECTS\8w6s_profile\node_modules\next\dist\compiled\babel\bundle.js:191:399366)]
    [at TypeScriptParserMixin.parseVarStatement (C:\Users\FUJITSU\Documents\PROJECTS\8w6s_profile\node_modules\next\dist\compiled\babel\bundle.js:191:323322)]
    [at TypeScriptParserMixin.parseStatementContent (C:\Users\FUJITSU\Documents\PROJECTS\8w6s_profile\node_modules\next\dist\compiled\babel\bundle.js:191:391398)]
    [at TypeScriptParserMixin.parseStatementContent (C:\Users\FUJITSU\Documents\PROJECTS\8w6s_profile\node_modules\next\dist\compiled\babel\bundle.js:191:324042)]
    [at TypeScriptParserMixin.parseStatementLike (C:\Users\FUJITSU\Documents\PROJECTS\8w6s_profile\node_modules\next\dist\compiled\babel\bundle.js:191:389494)]
    [at TypeScriptParserMixin.parseStatementListItem (C:\Users\FUJITSU\Documents\PROJECTS\8w6s_profile\node_modules\next\dist\compiled\babel\bundle.js:191:389120)]
    [at TypeScriptParserMixin.parseBlockOrModuleBlockBody (C:\Users\FUJITSU\Documents\PROJECTS\8w6s_profile\node_modules\next\dist\compiled\babel\bundle.js:191:401423)]
    [at TypeScriptParserMixin.parseBlockBody (C:\Users\FUJITSU\Documents\PROJECTS\8w6s_profile\node_modules\next\dist\compiled\babel\bundle.js:191:401223)]
    [at TypeScriptParserMixin.parseBlock (C:\Users\FUJITSU\Documents\PROJECTS\8w6s_profile\node_modules\next\dist\compiled\babel\bundle.js:191:400923)]
    [at TypeScriptParserMixin.parseFunctionBody (C:\Users\FUJITSU\Documents\PROJECTS\8w6s_profile\node_modules\next\dist\compiled\babel\bundle.js:191:378053)]
    [at TypeScriptParserMixin.parseArrowExpression (C:\Users\FUJITSU\Documents\PROJECTS\8w6s_profile\node_modules\next\dist\compiled\babel\bundle.js:191:377398)]
    [at TypeScriptParserMixin.parseParenAndDistinguishExpression (C:\Users\FUJITSU\Documents\PROJECTS\8w6s_profile\node_modules\next\dist\compiled\babel\bundle.js:191:369594)]
    [at TypeScriptParserMixin.parseExprAtom (C:\Users\FUJITSU\Documents\PROJECTS\8w6s_profile\node_modules\next\dist\compiled\babel\bundle.js:191:361477)]
    [at TypeScriptParserMixin.parseExprAtom (C:\Users\FUJITSU\Documents\PROJECTS\8w6s_profile\node_modules\next\dist\compiled\babel\bundle.js:191:269272)]
    [at TypeScriptParserMixin.parseExprSubscripts (C:\Users\FUJITSU\Documents\PROJECTS\8w6s_profile\node_modules\next\dist\compiled\babel\bundle.js:191:356364)]
    [at TypeScriptParserMixin.parseUpdate (C:\Users\FUJITSU\Documents\PROJECTS\8w6s_profile\node_modules\next\dist\compiled\babel\bundle.js:191:355963)]
    [at TypeScriptParserMixin.parseMaybeUnary (C:\Users\FUJITSU\Documents\PROJECTS\8w6s_profile\node_modules\next\dist\compiled\babel\bundle.js:191:355527)]
    [at TypeScriptParserMixin.parseMaybeUnary (C:\Users\FUJITSU\Documents\PROJECTS\8w6s_profile\node_modules\next\dist\compiled\babel\bundle.js:191:331837)]
    [at TypeScriptParserMixin.parseMaybeUnaryOrPrivate (C:\Users\FUJITSU\Documents\PROJECTS\8w6s_profile\node_modules\next\dist\compiled\babel\bundle.js:191:352169)]
    [at TypeScriptParserMixin.parseExprOps (C:\Users\FUJITSU\Documents\PROJECTS\8w6s_profile\node_modules\next\dist\compiled\babel\bundle.js:191:352281)]
    [at TypeScriptParserMixin.parseMaybeConditional (C:\Users\FUJITSU\Documents\PROJECTS\8w6s_profile\node_modules\next\dist\compiled\babel\bundle.js:191:351760)]
    [at TypeScriptParserMixin.parseMaybeAssign (C:\Users\FUJITSU\Documents\PROJECTS\8w6s_profile\node_modules\next\dist\compiled\babel\bundle.js:191:350714)]
    [at TypeScriptParserMixin.parseMaybeAssign (C:\Users\FUJITSU\Documents\PROJECTS\8w6s_profile\node_modules\next\dist\compiled\babel\bundle.js:191:330620)]
    [at C:\Users\FUJITSU\Documents\PROJECTS\8w6s_profile\node_modules\next\dist\compiled\babel\bundle.js:191:350260]
    [at TypeScriptParserMixin.allowInAnd (C:\Users\FUJITSU\Documents\PROJECTS\8w6s_profile\node_modules\next\dist\compiled\babel\bundle.js:191:383926)]
    [at TypeScriptParserMixin.parseMaybeAssignAllowIn (C:\Users\FUJITSU\Documents\PROJECTS\8w6s_profile\node_modules\next\dist\compiled\babel\bundle.js:191:350239)]
    [at TypeScriptParserMixin.parseVar (C:\Users\FUJITSU\Documents\PROJECTS\8w6s_profile\node_modules\next\dist\compiled\babel\bundle.js:191:402967)]
    [at TypeScriptParserMixin.parseVarStatement (C:\Users\FUJITSU\Documents\PROJECTS\8w6s_profile\node_modules\next\dist\compiled\babel\bundle.js:191:399366)]
    [at TypeScriptParserMixin.parseVarStatement (C:\Users\FUJITSU\Documents\PROJECTS\8w6s_profile\node_modules\next\dist\compiled\babel\bundle.js:191:323322)]
    [at TypeScriptParserMixin.parseStatementContent (C:\Users\FUJITSU\Documents\PROJECTS\8w6s_profile\node_modules\next\dist\compiled\babel\bundle.js:191:391398)]
    [at TypeScriptParserMixin.parseStatementContent (C:\Users\FUJITSU\Documents\PROJECTS\8w6s_profile\node_modules\next\dist\compiled\babel\bundle.js:191:324042)]
    [at TypeScriptParserMixin.parseStatementLike (C:\Users\FUJITSU\Documents\PROJECTS\8w6s_profile\node_modules\next\dist\compiled\babel\bundle.js:191:389494)]
    [at TypeScriptParserMixin.parseStatementListItem (C:\Users\FUJITSU\Documents\PROJECTS\8w6s_profile\node_modules\next\dist\compiled\babel\bundle.js:191:389120)]
    [at TypeScriptParserMixin.parseBlockOrModuleBlockBody (C:\Users\FUJITSU\Documents\PROJECTS\8w6s_profile\node_modules\next\dist\compiled\babel\bundle.js:191:401423)]
    [at TypeScriptParserMixin.parseBlockBody (C:\Users\FUJITSU\Documents\PROJECTS\8w6s_profile\node_modules\next\dist\compiled\babel\bundle.js:191:401223)]
    [at TypeScriptParserMixin.parseBlock (C:\Users\FUJITSU\Documents\PROJECTS\8w6s_profile\node_modules\next\dist\compiled\babel\bundle.js:191:400923)]
    [at TypeScriptParserMixin.parseFunctionBody (C:\Users\FUJITSU\Documents\PROJECTS\8w6s_profile\node_modules\next\dist\compiled\babel\bundle.js:191:378053)]
    [at TypeScriptParserMixin.parseFunctionBodyAndFinish (C:\Users\FUJITSU\Documents\PROJECTS\8w6s_profile\node_modules\next\dist\compiled\babel\bundle.js:191:377675)]
    [at TypeScriptParserMixin.parseFunctionBodyAndFinish (C:\Users\FUJITSU\Documents\PROJECTS\8w6s_profile\node_modules\next\dist\compiled\babel\bundle.js:191:318173)]

Import traces:
  Client Component Browser:
    ./app/admin/page.tsx [Client Component Browser]
    ./app/admin/page.tsx [Server Component]

  Client Component SSR:
    ./app/admin/page.tsx [Client Component SSR]
    ./app/admin/page.tsx [Server Component] @ http://localhost:3000/_next/static/chunks/node_modules_next_dist_0u_w_5s._.js:1945
[ 1215280ms] [ERROR] ./app/admin/page.tsx:665:15
the name `currentSkill` is defined multiple times
  663 |         if (!currentSkill) return;
  664 |
> 665 |         const currentSkill = newSkills[index];
      |               ^^^^^^^^^^^^
  666 |         const normalizedSkill = typeof currentSkill === 'object' && currentSkill !== null
  667 |             ? currentSkill
  668 |             : {

Ecmascript file had an error

Import traces:
  Client Component Browser:
    ./app/admin/page.tsx [Client Component Browser]
    ./app/admin/page.tsx [Server Component]

  Client Component SSR:
    ./app/admin/page.tsx [Client Component SSR]
    ./app/admin/page.tsx [Server Component] @ http://localhost:3000/_next/static/chunks/node_modules_next_dist_0u_w_5s._.js:1945
[ 1215368ms] [ERROR] ./app/admin/page.tsx
Error evaluating Node.js code
SyntaxError: C:\Users\FUJITSU\Documents\PROJECTS\8w6s_profile\app\admin\page.tsx: Identifier 'currentSkill' has already been declared. (665:14)

  663 |         if (!currentSkill) return;
  664 |
> 665 |         const currentSkill = newSkills[index];
      |               ^
  666 |         const normalizedSkill = typeof currentSkill === 'object' && currentSkill !== null
  667 |             ? currentSkill
  668 |             : {
  (from C:\Users\FUJITSU\Documents\PROJECTS\8w6s_profile\node_modules\next\dist\build\babel\loader\index.js)
    [at constructor (C:\Users\FUJITSU\Documents\PROJECTS\8w6s_profile\node_modules\next\dist\compiled\babel\bundle.js:191:137105)]
    [at TypeScriptParserMixin.raise (C:\Users\FUJITSU\Documents\PROJECTS\8w6s_profile\node_modules\next\dist\compiled\babel\bundle.js:191:194164)]
    [at TypeScriptScopeHandler.checkRedeclarationInScope (C:\Users\FUJITSU\Documents\PROJECTS\8w6s_profile\node_modules\next\dist\compiled\babel\bundle.js:191:163166)]
    [at TypeScriptScopeHandler.declareName (C:\Users\FUJITSU\Documents\PROJECTS\8w6s_profile\node_modules\next\dist\compiled\babel\bundle.js:191:162529)]
    [at TypeScriptScopeHandler.declareName (C:\Users\FUJITSU\Documents\PROJECTS\8w6s_profile\node_modules\next\dist\compiled\babel\bundle.js:191:271160)]
    [at TypeScriptParserMixin.declareNameFromIdentifier (C:\Users\FUJITSU\Documents\PROJECTS\8w6s_profile\node_modules\next\dist\compiled\babel\bundle.js:191:279226)]
    [at TypeScriptParserMixin.checkIdentifier (C:\Users\FUJITSU\Documents\PROJECTS\8w6s_profile\node_modules\next\dist\compiled\babel\bundle.js:191:279152)]
    [at TypeScriptParserMixin.checkLVal (C:\Users\FUJITSU\Documents\PROJECTS\8w6s_profile\node_modules\next\dist\compiled\babel\bundle.js:191:278197)]
    [at TypeScriptParserMixin.parseVarId (C:\Users\FUJITSU\Documents\PROJECTS\8w6s_profile\node_modules\next\dist\compiled\babel\bundle.js:191:403644)]
    [at TypeScriptParserMixin.parseVarId (C:\Users\FUJITSU\Documents\PROJECTS\8w6s_profile\node_modules\next\dist\compiled\babel\bundle.js:191:329902)]
    [at TypeScriptParserMixin.parseVar (C:\Users\FUJITSU\Documents\PROJECTS\8w6s_profile\node_modules\next\dist\compiled\babel\bundle.js:191:402884)]
    [at TypeScriptParserMixin.parseVarStatement (C:\Users\FUJITSU\Documents\PROJECTS\8w6s_profile\node_modules\next\dist\compiled\babel\bundle.js:191:399366)]
    [at TypeScriptParserMixin.parseVarStatement (C:\Users\FUJITSU\Documents\PROJECTS\8w6s_profile\node_modules\next\dist\compiled\babel\bundle.js:191:323322)]
    [at TypeScriptParserMixin.parseStatementContent (C:\Users\FUJITSU\Documents\PROJECTS\8w6s_profile\node_modules\next\dist\compiled\babel\bundle.js:191:391398)]
    [at TypeScriptParserMixin.parseStatementContent (C:\Users\FUJITSU\Documents\PROJECTS\8w6s_profile\node_modules\next\dist\compiled\babel\bundle.js:191:324042)]
    [at TypeScriptParserMixin.parseStatementLike (C:\Users\FUJITSU\Documents\PROJECTS\8w6s_profile\node_modules\next\dist\compiled\babel\bundle.js:191:389494)]
    [at TypeScriptParserMixin.parseStatementListItem (C:\Users\FUJITSU\Documents\PROJECTS\8w6s_profile\node_modules\next\dist\compiled\babel\bundle.js:191:389120)]
    [at TypeScriptParserMixin.parseBlockOrModuleBlockBody (C:\Users\FUJITSU\Documents\PROJECTS\8w6s_profile\node_modules\next\dist\compiled\babel\bundle.js:191:401423)]
    [at TypeScriptParserMixin.parseBlockBody (C:\Users\FUJITSU\Documents\PROJECTS\8w6s_profile\node_modules\next\dist\compiled\babel\bundle.js:191:401223)]
    [at TypeScriptParserMixin.parseBlock (C:\Users\FUJITSU\Documents\PROJECTS\8w6s_profile\node_modules\next\dist\compiled\babel\bundle.js:191:400923)]
    [at TypeScriptParserMixin.parseFunctionBody (C:\Users\FUJITSU\Documents\PROJECTS\8w6s_profile\node_modules\next\dist\compiled\babel\bundle.js:191:378053)]
    [at TypeScriptParserMixin.parseArrowExpression (C:\Users\FUJITSU\Documents\PROJECTS\8w6s_profile\node_modules\next\dist\compiled\babel\bundle.js:191:377398)]
    [at TypeScriptParserMixin.parseParenAndDistinguishExpression (C:\Users\FUJITSU\Documents\PROJECTS\8w6s_profile\node_modules\next\dist\compiled\babel\bundle.js:191:369594)]
    [at TypeScriptParserMixin.parseExprAtom (C:\Users\FUJITSU\Documents\PROJECTS\8w6s_profile\node_modules\next\dist\compiled\babel\bundle.js:191:361477)]
    [at TypeScriptParserMixin.parseExprAtom (C:\Users\FUJITSU\Documents\PROJECTS\8w6s_profile\node_modules\next\dist\compiled\babel\bundle.js:191:269272)]
    [at TypeScriptParserMixin.parseExprSubscripts (C:\Users\FUJITSU\Documents\PROJECTS\8w6s_profile\node_modules\next\dist\compiled\babel\bundle.js:191:356364)]
    [at TypeScriptParserMixin.parseUpdate (C:\Users\FUJITSU\Documents\PROJECTS\8w6s_profile\node_modules\next\dist\compiled\babel\bundle.js:191:355963)]
    [at TypeScriptParserMixin.parseMaybeUnary (C:\Users\FUJITSU\Documents\PROJECTS\8w6s_profile\node_modules\next\dist\compiled\babel\bundle.js:191:355527)]
    [at TypeScriptParserMixin.parseMaybeUnary (C:\Users\FUJITSU\Documents\PROJECTS\8w6s_profile\node_modules\next\dist\compiled\babel\bundle.js:191:331837)]
    [at TypeScriptParserMixin.parseMaybeUnaryOrPrivate (C:\Users\FUJITSU\Documents\PROJECTS\8w6s_profile\node_modules\next\dist\compiled\babel\bundle.js:191:352169)]
    [at TypeScriptParserMixin.parseExprOps (C:\Users\FUJITSU\Documents\PROJECTS\8w6s_profile\node_modules\next\dist\compiled\babel\bundle.js:191:352281)]
    [at TypeScriptParserMixin.parseMaybeConditional (C:\Users\FUJITSU\Documents\PROJECTS\8w6s_profile\node_modules\next\dist\compiled\babel\bundle.js:191:351760)]
    [at TypeScriptParserMixin.parseMaybeAssign (C:\Users\FUJITSU\Documents\PROJECTS\8w6s_profile\node_modules\next\dist\compiled\babel\bundle.js:191:350714)]
    [at TypeScriptParserMixin.parseMaybeAssign (C:\Users\FUJITSU\Documents\PROJECTS\8w6s_profile\node_modules\next\dist\compiled\babel\bundle.js:191:330620)]
    [at C:\Users\FUJITSU\Documents\PROJECTS\8w6s_profile\node_modules\next\dist\compiled\babel\bundle.js:191:350260]
    [at TypeScriptParserMixin.allowInAnd (C:\Users\FUJITSU\Documents\PROJECTS\8w6s_profile\node_modules\next\dist\compiled\babel\bundle.js:191:383926)]
    [at TypeScriptParserMixin.parseMaybeAssignAllowIn (C:\Users\FUJITSU\Documents\PROJECTS\8w6s_profile\node_modules\next\dist\compiled\babel\bundle.js:191:350239)]
    [at TypeScriptParserMixin.parseVar (C:\Users\FUJITSU\Documents\PROJECTS\8w6s_profile\node_modules\next\dist\compiled\babel\bundle.js:191:402967)]
    [at TypeScriptParserMixin.parseVarStatement (C:\Users\FUJITSU\Documents\PROJECTS\8w6s_profile\node_modules\next\dist\compiled\babel\bundle.js:191:399366)]
    [at TypeScriptParserMixin.parseVarStatement (C:\Users\FUJITSU\Documents\PROJECTS\8w6s_profile\node_modules\next\dist\compiled\babel\bundle.js:191:323322)]
    [at TypeScriptParserMixin.parseStatementContent (C:\Users\FUJITSU\Documents\PROJECTS\8w6s_profile\node_modules\next\dist\compiled\babel\bundle.js:191:391398)]
    [at TypeScriptParserMixin.parseStatementContent (C:\Users\FUJITSU\Documents\PROJECTS\8w6s_profile\node_modules\next\dist\compiled\babel\bundle.js:191:324042)]
    [at TypeScriptParserMixin.parseStatementLike (C:\Users\FUJITSU\Documents\PROJECTS\8w6s_profile\node_modules\next\dist\compiled\babel\bundle.js:191:389494)]
    [at TypeScriptParserMixin.parseStatementListItem (C:\Users\FUJITSU\Documents\PROJECTS\8w6s_profile\node_modules\next\dist\compiled\babel\bundle.js:191:389120)]
    [at TypeScriptParserMixin.parseBlockOrModuleBlockBody (C:\Users\FUJITSU\Documents\PROJECTS\8w6s_profile\node_modules\next\dist\compiled\babel\bundle.js:191:401423)]
    [at TypeScriptParserMixin.parseBlockBody (C:\Users\FUJITSU\Documents\PROJECTS\8w6s_profile\node_modules\next\dist\compiled\babel\bundle.js:191:401223)]
    [at TypeScriptParserMixin.parseBlock (C:\Users\FUJITSU\Documents\PROJECTS\8w6s_profile\node_modules\next\dist\compiled\babel\bundle.js:191:400923)]
    [at TypeScriptParserMixin.parseFunctionBody (C:\Users\FUJITSU\Documents\PROJECTS\8w6s_profile\node_modules\next\dist\compiled\babel\bundle.js:191:378053)]
    [at TypeScriptParserMixin.parseFunctionBodyAndFinish (C:\Users\FUJITSU\Documents\PROJECTS\8w6s_profile\node_modules\next\dist\compiled\babel\bundle.js:191:377675)]
    [at TypeScriptParserMixin.parseFunctionBodyAndFinish (C:\Users\FUJITSU\Documents\PROJECTS\8w6s_profile\node_modules\next\dist\compiled\babel\bundle.js:191:318173)]

Import traces:
  Client Component Browser:
    ./app/admin/page.tsx [Client Component Browser]
    ./app/admin/page.tsx [Server Component]

  Client Component SSR:
    ./app/admin/page.tsx [Client Component SSR]
    ./app/admin/page.tsx [Server Component] @ http://localhost:3000/_next/static/chunks/node_modules_next_dist_0u_w_5s._.js:1945
[ 1215368ms] [ERROR] ./app/admin/page.tsx:665:15
the name `currentSkill` is defined multiple times
  663 |         if (!currentSkill) return;
  664 |
> 665 |         const currentSkill = newSkills[index];
      |               ^^^^^^^^^^^^
  666 |         const normalizedSkill = typeof currentSkill === 'object' && currentSkill !== null
  667 |             ? currentSkill
  668 |             : {

Ecmascript file had an error

Import traces:
  Client Component Browser:
    ./app/admin/page.tsx [Client Component Browser]
    ./app/admin/page.tsx [Server Component]

  Client Component SSR:
    ./app/admin/page.tsx [Client Component SSR]
    ./app/admin/page.tsx [Server Component] @ http://localhost:3000/_next/static/chunks/node_modules_next_dist_0u_w_5s._.js:1945
[ 1215510ms] [LOG] [Fast Refresh] rebuilding @ http://localhost:3000/_next/static/chunks/node_modules_next_dist_0u_w_5s._.js:1226
[ 1217562ms] [ERROR] ./app/admin/page.tsx
Error evaluating Node.js code
SyntaxError: C:\Users\FUJITSU\Documents\PROJECTS\8w6s_profile\app\admin\page.tsx: Identifier 'currentSkill' has already been declared. (665:14)

  663 |         if (!currentSkill) return;
  664 |
> 665 |         const currentSkill = newSkills[index];
      |               ^
  666 |         const normalizedSkill = typeof currentSkill === 'object' && currentSkill !== null
  667 |             ? currentSkill
  668 |             : {
  (from C:\Users\FUJITSU\Documents\PROJECTS\8w6s_profile\node_modules\next\dist\build\babel\loader\index.js)
    [at constructor (C:\Users\FUJITSU\Documents\PROJECTS\8w6s_profile\node_modules\next\dist\compiled\babel\bundle.js:191:137105)]
    [at TypeScriptParserMixin.raise (C:\Users\FUJITSU\Documents\PROJECTS\8w6s_profile\node_modules\next\dist\compiled\babel\bundle.js:191:194164)]
    [at TypeScriptScopeHandler.checkRedeclarationInScope (C:\Users\FUJITSU\Documents\PROJECTS\8w6s_profile\node_modules\next\dist\compiled\babel\bundle.js:191:163166)]
    [at TypeScriptScopeHandler.declareName (C:\Users\FUJITSU\Documents\PROJECTS\8w6s_profile\node_modules\next\dist\compiled\babel\bundle.js:191:162529)]
    [at TypeScriptScopeHandler.declareName (C:\Users\FUJITSU\Documents\PROJECTS\8w6s_profile\node_modules\next\dist\compiled\babel\bundle.js:191:271160)]
    [at TypeScriptParserMixin.declareNameFromIdentifier (C:\Users\FUJITSU\Documents\PROJECTS\8w6s_profile\node_modules\next\dist\compiled\babel\bundle.js:191:279226)]
    [at TypeScriptParserMixin.checkIdentifier (C:\Users\FUJITSU\Documents\PROJECTS\8w6s_profile\node_modules\next\dist\compiled\babel\bundle.js:191:279152)]
    [at TypeScriptParserMixin.checkLVal (C:\Users\FUJITSU\Documents\PROJECTS\8w6s_profile\node_modules\next\dist\compiled\babel\bundle.js:191:278197)]
    [at TypeScriptParserMixin.parseVarId (C:\Users\FUJITSU\Documents\PROJECTS\8w6s_profile\node_modules\next\dist\compiled\babel\bundle.js:191:403644)]
    [at TypeScriptParserMixin.parseVarId (C:\Users\FUJITSU\Documents\PROJECTS\8w6s_profile\node_modules\next\dist\compiled\babel\bundle.js:191:329902)]
    [at TypeScriptParserMixin.parseVar (C:\Users\FUJITSU\Documents\PROJECTS\8w6s_profile\node_modules\next\dist\compiled\babel\bundle.js:191:402884)]
    [at TypeScriptParserMixin.parseVarStatement (C:\Users\FUJITSU\Documents\PROJECTS\8w6s_profile\node_modules\next\dist\compiled\babel\bundle.js:191:399366)]
    [at TypeScriptParserMixin.parseVarStatement (C:\Users\FUJITSU\Documents\PROJECTS\8w6s_profile\node_modules\next\dist\compiled\babel\bundle.js:191:323322)]
    [at TypeScriptParserMixin.parseStatementContent (C:\Users\FUJITSU\Documents\PROJECTS\8w6s_profile\node_modules\next\dist\compiled\babel\bundle.js:191:391398)]
    [at TypeScriptParserMixin.parseStatementContent (C:\Users\FUJITSU\Documents\PROJECTS\8w6s_profile\node_modules\next\dist\compiled\babel\bundle.js:191:324042)]
    [at TypeScriptParserMixin.parseStatementLike (C:\Users\FUJITSU\Documents\PROJECTS\8w6s_profile\node_modules\next\dist\compiled\babel\bundle.js:191:389494)]
    [at TypeScriptParserMixin.parseStatementListItem (C:\Users\FUJITSU\Documents\PROJECTS\8w6s_profile\node_modules\next\dist\compiled\babel\bundle.js:191:389120)]
    [at TypeScriptParserMixin.parseBlockOrModuleBlockBody (C:\Users\FUJITSU\Documents\PROJECTS\8w6s_profile\node_modules\next\dist\compiled\babel\bundle.js:191:401423)]
    [at TypeScriptParserMixin.parseBlockBody (C:\Users\FUJITSU\Documents\PROJECTS\8w6s_profile\node_modules\next\dist\compiled\babel\bundle.js:191:401223)]
    [at TypeScriptParserMixin.parseBlock (C:\Users\FUJITSU\Documents\PROJECTS\8w6s_profile\node_modules\next\dist\compiled\babel\bundle.js:191:400923)]
    [at TypeScriptParserMixin.parseFunctionBody (C:\Users\FUJITSU\Documents\PROJECTS\8w6s_profile\node_modules\next\dist\compiled\babel\bundle.js:191:378053)]
    [at TypeScriptParserMixin.parseArrowExpression (C:\Users\FUJITSU\Documents\PROJECTS\8w6s_profile\node_modules\next\dist\compiled\babel\bundle.js:191:377398)]
    [at TypeScriptParserMixin.parseParenAndDistinguishExpression (C:\Users\FUJITSU\Documents\PROJECTS\8w6s_profile\node_modules\next\dist\compiled\babel\bundle.js:191:369594)]
    [at TypeScriptParserMixin.parseExprAtom (C:\Users\FUJITSU\Documents\PROJECTS\8w6s_profile\node_modules\next\dist\compiled\babel\bundle.js:191:361477)]
    [at TypeScriptParserMixin.parseExprAtom (C:\Users\FUJITSU\Documents\PROJECTS\8w6s_profile\node_modules\next\dist\compiled\babel\bundle.js:191:269272)]
    [at TypeScriptParserMixin.parseExprSubscripts (C:\Users\FUJITSU\Documents\PROJECTS\8w6s_profile\node_modules\next\dist\compiled\babel\bundle.js:191:356364)]
    [at TypeScriptParserMixin.parseUpdate (C:\Users\FUJITSU\Documents\PROJECTS\8w6s_profile\node_modules\next\dist\compiled\babel\bundle.js:191:355963)]
    [at TypeScriptParserMixin.parseMaybeUnary (C:\Users\FUJITSU\Documents\PROJECTS\8w6s_profile\node_modules\next\dist\compiled\babel\bundle.js:191:355527)]
    [at TypeScriptParserMixin.parseMaybeUnary (C:\Users\FUJITSU\Documents\PROJECTS\8w6s_profile\node_modules\next\dist\compiled\babel\bundle.js:191:331837)]
    [at TypeScriptParserMixin.parseMaybeUnaryOrPrivate (C:\Users\FUJITSU\Documents\PROJECTS\8w6s_profile\node_modules\next\dist\compiled\babel\bundle.js:191:352169)]
    [at TypeScriptParserMixin.parseExprOps (C:\Users\FUJITSU\Documents\PROJECTS\8w6s_profile\node_modules\next\dist\compiled\babel\bundle.js:191:352281)]
    [at TypeScriptParserMixin.parseMaybeConditional (C:\Users\FUJITSU\Documents\PROJECTS\8w6s_profile\node_modules\next\dist\compiled\babel\bundle.js:191:351760)]
    [at TypeScriptParserMixin.parseMaybeAssign (C:\Users\FUJITSU\Documents\PROJECTS\8w6s_profile\node_modules\next\dist\compiled\babel\bundle.js:191:350714)]
    [at TypeScriptParserMixin.parseMaybeAssign (C:\Users\FUJITSU\Documents\PROJECTS\8w6s_profile\node_modules\next\dist\compiled\babel\bundle.js:191:330620)]
    [at C:\Users\FUJITSU\Documents\PROJECTS\8w6s_profile\node_modules\next\dist\compiled\babel\bundle.js:191:350260]
    [at TypeScriptParserMixin.allowInAnd (C:\Users\FUJITSU\Documents\PROJECTS\8w6s_profile\node_modules\next\dist\compiled\babel\bundle.js:191:383926)]
    [at TypeScriptParserMixin.parseMaybeAssignAllowIn (C:\Users\FUJITSU\Documents\PROJECTS\8w6s_profile\node_modules\next\dist\compiled\babel\bundle.js:191:350239)]
    [at TypeScriptParserMixin.parseVar (C:\Users\FUJITSU\Documents\PROJECTS\8w6s_profile\node_modules\next\dist\compiled\babel\bundle.js:191:402967)]
    [at TypeScriptParserMixin.parseVarStatement (C:\Users\FUJITSU\Documents\PROJECTS\8w6s_profile\node_modules\next\dist\compiled\babel\bundle.js:191:399366)]
    [at TypeScriptParserMixin.parseVarStatement (C:\Users\FUJITSU\Documents\PROJECTS\8w6s_profile\node_modules\next\dist\compiled\babel\bundle.js:191:323322)]
    [at TypeScriptParserMixin.parseStatementContent (C:\Users\FUJITSU\Documents\PROJECTS\8w6s_profile\node_modules\next\dist\compiled\babel\bundle.js:191:391398)]
    [at TypeScriptParserMixin.parseStatementContent (C:\Users\FUJITSU\Documents\PROJECTS\8w6s_profile\node_modules\next\dist\compiled\babel\bundle.js:191:324042)]
    [at TypeScriptParserMixin.parseStatementLike (C:\Users\FUJITSU\Documents\PROJECTS\8w6s_profile\node_modules\next\dist\compiled\babel\bundle.js:191:389494)]
    [at TypeScriptParserMixin.parseStatementListItem (C:\Users\FUJITSU\Documents\PROJECTS\8w6s_profile\node_modules\next\dist\compiled\babel\bundle.js:191:389120)]
    [at TypeScriptParserMixin.parseBlockOrModuleBlockBody (C:\Users\FUJITSU\Documents\PROJECTS\8w6s_profile\node_modules\next\dist\compiled\babel\bundle.js:191:401423)]
    [at TypeScriptParserMixin.parseBlockBody (C:\Users\FUJITSU\Documents\PROJECTS\8w6s_profile\node_modules\next\dist\compiled\babel\bundle.js:191:401223)]
    [at TypeScriptParserMixin.parseBlock (C:\Users\FUJITSU\Documents\PROJECTS\8w6s_profile\node_modules\next\dist\compiled\babel\bundle.js:191:400923)]
    [at TypeScriptParserMixin.parseFunctionBody (C:\Users\FUJITSU\Documents\PROJECTS\8w6s_profile\node_modules\next\dist\compiled\babel\bundle.js:191:378053)]
    [at TypeScriptParserMixin.parseFunctionBodyAndFinish (C:\Users\FUJITSU\Documents\PROJECTS\8w6s_profile\node_modules\next\dist\compiled\babel\bundle.js:191:377675)]
    [at TypeScriptParserMixin.parseFunctionBodyAndFinish (C:\Users\FUJITSU\Documents\PROJECTS\8w6s_profile\node_modules\next\dist\compiled\babel\bundle.js:191:318173)]

Import traces:
  Client Component Browser:
    ./app/admin/page.tsx [Client Component Browser]
    ./app/admin/page.tsx [Server Component]

  Client Component SSR:
    ./app/admin/page.tsx [Client Component SSR]
    ./app/admin/page.tsx [Server Component] @ http://localhost:3000/_next/static/chunks/node_modules_next_dist_0u_w_5s._.js:1945
[ 1217563ms] [ERROR] ./app/admin/page.tsx:665:15
the name `currentSkill` is defined multiple times
  663 |         if (!currentSkill) return;
  664 |
> 665 |         const currentSkill = newSkills[index];
      |               ^^^^^^^^^^^^
  666 |         const normalizedSkill = typeof currentSkill === 'object' && currentSkill !== null
  667 |             ? currentSkill
  668 |             : {

Ecmascript file had an error

Import traces:
  Client Component Browser:
    ./app/admin/page.tsx [Client Component Browser]
    ./app/admin/page.tsx [Server Component]

  Client Component SSR:
    ./app/admin/page.tsx [Client Component SSR]
    ./app/admin/page.tsx [Server Component] @ http://localhost:3000/_next/static/chunks/node_modules_next_dist_0u_w_5s._.js:1945
[ 1217616ms] [LOG] [Fast Refresh] rebuilding @ http://localhost:3000/_next/static/chunks/node_modules_next_dist_0u_w_5s._.js:1226
[ 1218289ms] [ERROR] ./app/admin/page.tsx
Error evaluating Node.js code
SyntaxError: C:\Users\FUJITSU\Documents\PROJECTS\8w6s_profile\app\admin\page.tsx: Identifier 'currentSkill' has already been declared. (665:14)

  663 |         if (!currentSkill) return;
  664 |
> 665 |         const currentSkill = newSkills[index];
      |               ^
  666 |         const normalizedSkill = typeof currentSkill === 'object' && currentSkill !== null
  667 |             ? currentSkill
  668 |             : {
  (from C:\Users\FUJITSU\Documents\PROJECTS\8w6s_profile\node_modules\next\dist\build\babel\loader\index.js)
    [at constructor (C:\Users\FUJITSU\Documents\PROJECTS\8w6s_profile\node_modules\next\dist\compiled\babel\bundle.js:191:137105)]
    [at TypeScriptParserMixin.raise (C:\Users\FUJITSU\Documents\PROJECTS\8w6s_profile\node_modules\next\dist\compiled\babel\bundle.js:191:194164)]
    [at TypeScriptScopeHandler.checkRedeclarationInScope (C:\Users\FUJITSU\Documents\PROJECTS\8w6s_profile\node_modules\next\dist\compiled\babel\bundle.js:191:163166)]
    [at TypeScriptScopeHandler.declareName (C:\Users\FUJITSU\Documents\PROJECTS\8w6s_profile\node_modules\next\dist\compiled\babel\bundle.js:191:162529)]
    [at TypeScriptScopeHandler.declareName (C:\Users\FUJITSU\Documents\PROJECTS\8w6s_profile\node_modules\next\dist\compiled\babel\bundle.js:191:271160)]
    [at TypeScriptParserMixin.declareNameFromIdentifier (C:\Users\FUJITSU\Documents\PROJECTS\8w6s_profile\node_modules\next\dist\compiled\babel\bundle.js:191:279226)]
    [at TypeScriptParserMixin.checkIdentifier (C:\Users\FUJITSU\Documents\PROJECTS\8w6s_profile\node_modules\next\dist\compiled\babel\bundle.js:191:279152)]
    [at TypeScriptParserMixin.checkLVal (C:\Users\FUJITSU\Documents\PROJECTS\8w6s_profile\node_modules\next\dist\compiled\babel\bundle.js:191:278197)]
    [at TypeScriptParserMixin.parseVarId (C:\Users\FUJITSU\Documents\PROJECTS\8w6s_profile\node_modules\next\dist\compiled\babel\bundle.js:191:403644)]
    [at TypeScriptParserMixin.parseVarId (C:\Users\FUJITSU\Documents\PROJECTS\8w6s_profile\node_modules\next\dist\compiled\babel\bundle.js:191:329902)]
    [at TypeScriptParserMixin.parseVar (C:\Users\FUJITSU\Documents\PROJECTS\8w6s_profile\node_modules\next\dist\compiled\babel\bundle.js:191:402884)]
    [at TypeScriptParserMixin.parseVarStatement (C:\Users\FUJITSU\Documents\PROJECTS\8w6s_profile\node_modules\next\dist\compiled\babel\bundle.js:191:399366)]
    [at TypeScriptParserMixin.parseVarStatement (C:\Users\FUJITSU\Documents\PROJECTS\8w6s_profile\node_modules\next\dist\compiled\babel\bundle.js:191:323322)]
    [at TypeScriptParserMixin.parseStatementContent (C:\Users\FUJITSU\Documents\PROJECTS\8w6s_profile\node_modules\next\dist\compiled\babel\bundle.js:191:391398)]
    [at TypeScriptParserMixin.parseStatementContent (C:\Users\FUJITSU\Documents\PROJECTS\8w6s_profile\node_modules\next\dist\compiled\babel\bundle.js:191:324042)]
    [at TypeScriptParserMixin.parseStatementLike (C:\Users\FUJITSU\Documents\PROJECTS\8w6s_profile\node_modules\next\dist\compiled\babel\bundle.js:191:389494)]
    [at TypeScriptParserMixin.parseStatementListItem (C:\Users\FUJITSU\Documents\PROJECTS\8w6s_profile\node_modules\next\dist\compiled\babel\bundle.js:191:389120)]
    [at TypeScriptParserMixin.parseBlockOrModuleBlockBody (C:\Users\FUJITSU\Documents\PROJECTS\8w6s_profile\node_modules\next\dist\compiled\babel\bundle.js:191:401423)]
    [at TypeScriptParserMixin.parseBlockBody (C:\Users\FUJITSU\Documents\PROJECTS\8w6s_profile\node_modules\next\dist\compiled\babel\bundle.js:191:401223)]
    [at TypeScriptParserMixin.parseBlock (C:\Users\FUJITSU\Documents\PROJECTS\8w6s_profile\node_modules\next\dist\compiled\babel\bundle.js:191:400923)]
    [at TypeScriptParserMixin.parseFunctionBody (C:\Users\FUJITSU\Documents\PROJECTS\8w6s_profile\node_modules\next\dist\compiled\babel\bundle.js:191:378053)]
    [at TypeScriptParserMixin.parseArrowExpression (C:\Users\FUJITSU\Documents\PROJECTS\8w6s_profile\node_modules\next\dist\compiled\babel\bundle.js:191:377398)]
    [at TypeScriptParserMixin.parseParenAndDistinguishExpression (C:\Users\FUJITSU\Documents\PROJECTS\8w6s_profile\node_modules\next\dist\compiled\babel\bundle.js:191:369594)]
    [at TypeScriptParserMixin.parseExprAtom (C:\Users\FUJITSU\Documents\PROJECTS\8w6s_profile\node_modules\next\dist\compiled\babel\bundle.js:191:361477)]
    [at TypeScriptParserMixin.parseExprAtom (C:\Users\FUJITSU\Documents\PROJECTS\8w6s_profile\node_modules\next\dist\compiled\babel\bundle.js:191:269272)]
    [at TypeScriptParserMixin.parseExprSubscripts (C:\Users\FUJITSU\Documents\PROJECTS\8w6s_profile\node_modules\next\dist\compiled\babel\bundle.js:191:356364)]
    [at TypeScriptParserMixin.parseUpdate (C:\Users\FUJITSU\Documents\PROJECTS\8w6s_profile\node_modules\next\dist\compiled\babel\bundle.js:191:355963)]
    [at TypeScriptParserMixin.parseMaybeUnary (C:\Users\FUJITSU\Documents\PROJECTS\8w6s_profile\node_modules\next\dist\compiled\babel\bundle.js:191:355527)]
    [at TypeScriptParserMixin.parseMaybeUnary (C:\Users\FUJITSU\Documents\PROJECTS\8w6s_profile\node_modules\next\dist\compiled\babel\bundle.js:191:331837)]
    [at TypeScriptParserMixin.parseMaybeUnaryOrPrivate (C:\Users\FUJITSU\Documents\PROJECTS\8w6s_profile\node_modules\next\dist\compiled\babel\bundle.js:191:352169)]
    [at TypeScriptParserMixin.parseExprOps (C:\Users\FUJITSU\Documents\PROJECTS\8w6s_profile\node_modules\next\dist\compiled\babel\bundle.js:191:352281)]
    [at TypeScriptParserMixin.parseMaybeConditional (C:\Users\FUJITSU\Documents\PROJECTS\8w6s_profile\node_modules\next\dist\compiled\babel\bundle.js:191:351760)]
    [at TypeScriptParserMixin.parseMaybeAssign (C:\Users\FUJITSU\Documents\PROJECTS\8w6s_profile\node_modules\next\dist\compiled\babel\bundle.js:191:350714)]
    [at TypeScriptParserMixin.parseMaybeAssign (C:\Users\FUJITSU\Documents\PROJECTS\8w6s_profile\node_modules\next\dist\compiled\babel\bundle.js:191:330620)]
    [at C:\Users\FUJITSU\Documents\PROJECTS\8w6s_profile\node_modules\next\dist\compiled\babel\bundle.js:191:350260]
    [at TypeScriptParserMixin.allowInAnd (C:\Users\FUJITSU\Documents\PROJECTS\8w6s_profile\node_modules\next\dist\compiled\babel\bundle.js:191:383926)]
    [at TypeScriptParserMixin.parseMaybeAssignAllowIn (C:\Users\FUJITSU\Documents\PROJECTS\8w6s_profile\node_modules\next\dist\compiled\babel\bundle.js:191:350239)]
    [at TypeScriptParserMixin.parseVar (C:\Users\FUJITSU\Documents\PROJECTS\8w6s_profile\node_modules\next\dist\compiled\babel\bundle.js:191:402967)]
    [at TypeScriptParserMixin.parseVarStatement (C:\Users\FUJITSU\Documents\PROJECTS\8w6s_profile\node_modules\next\dist\compiled\babel\bundle.js:191:399366)]
    [at TypeScriptParserMixin.parseVarStatement (C:\Users\FUJITSU\Documents\PROJECTS\8w6s_profile\node_modules\next\dist\compiled\babel\bundle.js:191:323322)]
    [at TypeScriptParserMixin.parseStatementContent (C:\Users\FUJITSU\Documents\PROJECTS\8w6s_profile\node_modules\next\dist\compiled\babel\bundle.js:191:391398)]
    [at TypeScriptParserMixin.parseStatementContent (C:\Users\FUJITSU\Documents\PROJECTS\8w6s_profile\node_modules\next\dist\compiled\babel\bundle.js:191:324042)]
    [at TypeScriptParserMixin.parseStatementLike (C:\Users\FUJITSU\Documents\PROJECTS\8w6s_profile\node_modules\next\dist\compiled\babel\bundle.js:191:389494)]
    [at TypeScriptParserMixin.parseStatementListItem (C:\Users\FUJITSU\Documents\PROJECTS\8w6s_profile\node_modules\next\dist\compiled\babel\bundle.js:191:389120)]
    [at TypeScriptParserMixin.parseBlockOrModuleBlockBody (C:\Users\FUJITSU\Documents\PROJECTS\8w6s_profile\node_modules\next\dist\compiled\babel\bundle.js:191:401423)]
    [at TypeScriptParserMixin.parseBlockBody (C:\Users\FUJITSU\Documents\PROJECTS\8w6s_profile\node_modules\next\dist\compiled\babel\bundle.js:191:401223)]
    [at TypeScriptParserMixin.parseBlock (C:\Users\FUJITSU\Documents\PROJECTS\8w6s_profile\node_modules\next\dist\compiled\babel\bundle.js:191:400923)]
    [at TypeScriptParserMixin.parseFunctionBody (C:\Users\FUJITSU\Documents\PROJECTS\8w6s_profile\node_modules\next\dist\compiled\babel\bundle.js:191:378053)]
    [at TypeScriptParserMixin.parseFunctionBodyAndFinish (C:\Users\FUJITSU\Documents\PROJECTS\8w6s_profile\node_modules\next\dist\compiled\babel\bundle.js:191:377675)]
    [at TypeScriptParserMixin.parseFunctionBodyAndFinish (C:\Users\FUJITSU\Documents\PROJECTS\8w6s_profile\node_modules\next\dist\compiled\babel\bundle.js:191:318173)]

Import traces:
  Client Component Browser:
    ./app/admin/page.tsx [Client Component Browser]
    ./app/admin/page.tsx [Server Component]

  Client Component SSR:
    ./app/admin/page.tsx [Client Component SSR]
    ./app/admin/page.tsx [Server Component] @ http://localhost:3000/_next/static/chunks/node_modules_next_dist_0u_w_5s._.js:1945
[ 1218291ms] [ERROR] ./app/admin/page.tsx:665:15
the name `currentSkill` is defined multiple times
  663 |         if (!currentSkill) return;
  664 |
> 665 |         const currentSkill = newSkills[index];
      |               ^^^^^^^^^^^^
  666 |         const normalizedSkill = typeof currentSkill === 'object' && currentSkill !== null
  667 |             ? currentSkill
  668 |             : {

Ecmascript file had an error

Import traces:
  Client Component Browser:
    ./app/admin/page.tsx [Client Component Browser]
    ./app/admin/page.tsx [Server Component]

  Client Component SSR:
    ./app/admin/page.tsx [Client Component SSR]
    ./app/admin/page.tsx [Server Component] @ http://localhost:3000/_next/static/chunks/node_modules_next_dist_0u_w_5s._.js:1945
[ 1218384ms] [ERROR] ./app/admin/page.tsx
Error evaluating Node.js code
SyntaxError: C:\Users\FUJITSU\Documents\PROJECTS\8w6s_profile\app\admin\page.tsx: Identifier 'currentSkill' has already been declared. (665:14)

  663 |         if (!currentSkill) return;
  664 |
> 665 |         const currentSkill = newSkills[index];
      |               ^
  666 |         const normalizedSkill = typeof currentSkill === 'object' && currentSkill !== null
  667 |             ? currentSkill
  668 |             : {
  (from C:\Users\FUJITSU\Documents\PROJECTS\8w6s_profile\node_modules\next\dist\build\babel\loader\index.js)
    [at constructor (C:\Users\FUJITSU\Documents\PROJECTS\8w6s_profile\node_modules\next\dist\compiled\babel\bundle.js:191:137105)]
    [at TypeScriptParserMixin.raise (C:\Users\FUJITSU\Documents\PROJECTS\8w6s_profile\node_modules\next\dist\compiled\babel\bundle.js:191:194164)]
    [at TypeScriptScopeHandler.checkRedeclarationInScope (C:\Users\FUJITSU\Documents\PROJECTS\8w6s_profile\node_modules\next\dist\compiled\babel\bundle.js:191:163166)]
    [at TypeScriptScopeHandler.declareName (C:\Users\FUJITSU\Documents\PROJECTS\8w6s_profile\node_modules\next\dist\compiled\babel\bundle.js:191:162529)]
    [at TypeScriptScopeHandler.declareName (C:\Users\FUJITSU\Documents\PROJECTS\8w6s_profile\node_modules\next\dist\compiled\babel\bundle.js:191:271160)]
    [at TypeScriptParserMixin.declareNameFromIdentifier (C:\Users\FUJITSU\Documents\PROJECTS\8w6s_profile\node_modules\next\dist\compiled\babel\bundle.js:191:279226)]
    [at TypeScriptParserMixin.checkIdentifier (C:\Users\FUJITSU\Documents\PROJECTS\8w6s_profile\node_modules\next\dist\compiled\babel\bundle.js:191:279152)]
    [at TypeScriptParserMixin.checkLVal (C:\Users\FUJITSU\Documents\PROJECTS\8w6s_profile\node_modules\next\dist\compiled\babel\bundle.js:191:278197)]
    [at TypeScriptParserMixin.parseVarId (C:\Users\FUJITSU\Documents\PROJECTS\8w6s_profile\node_modules\next\dist\compiled\babel\bundle.js:191:403644)]
    [at TypeScriptParserMixin.parseVarId (C:\Users\FUJITSU\Documents\PROJECTS\8w6s_profile\node_modules\next\dist\compiled\babel\bundle.js:191:329902)]
    [at TypeScriptParserMixin.parseVar (C:\Users\FUJITSU\Documents\PROJECTS\8w6s_profile\node_modules\next\dist\compiled\babel\bundle.js:191:402884)]
    [at TypeScriptParserMixin.parseVarStatement (C:\Users\FUJITSU\Documents\PROJECTS\8w6s_profile\node_modules\next\dist\compiled\babel\bundle.js:191:399366)]
    [at TypeScriptParserMixin.parseVarStatement (C:\Users\FUJITSU\Documents\PROJECTS\8w6s_profile\node_modules\next\dist\compiled\babel\bundle.js:191:323322)]
    [at TypeScriptParserMixin.parseStatementContent (C:\Users\FUJITSU\Documents\PROJECTS\8w6s_profile\node_modules\next\dist\compiled\babel\bundle.js:191:391398)]
    [at TypeScriptParserMixin.parseStatementContent (C:\Users\FUJITSU\Documents\PROJECTS\8w6s_profile\node_modules\next\dist\compiled\babel\bundle.js:191:324042)]
    [at TypeScriptParserMixin.parseStatementLike (C:\Users\FUJITSU\Documents\PROJECTS\8w6s_profile\node_modules\next\dist\compiled\babel\bundle.js:191:389494)]
    [at TypeScriptParserMixin.parseStatementListItem (C:\Users\FUJITSU\Documents\PROJECTS\8w6s_profile\node_modules\next\dist\compiled\babel\bundle.js:191:389120)]
    [at TypeScriptParserMixin.parseBlockOrModuleBlockBody (C:\Users\FUJITSU\Documents\PROJECTS\8w6s_profile\node_modules\next\dist\compiled\babel\bundle.js:191:401423)]
    [at TypeScriptParserMixin.parseBlockBody (C:\Users\FUJITSU\Documents\PROJECTS\8w6s_profile\node_modules\next\dist\compiled\babel\bundle.js:191:401223)]
    [at TypeScriptParserMixin.parseBlock (C:\Users\FUJITSU\Documents\PROJECTS\8w6s_profile\node_modules\next\dist\compiled\babel\bundle.js:191:400923)]
    [at TypeScriptParserMixin.parseFunctionBody (C:\Users\FUJITSU\Documents\PROJECTS\8w6s_profile\node_modules\next\dist\compiled\babel\bundle.js:191:378053)]
    [at TypeScriptParserMixin.parseArrowExpression (C:\Users\FUJITSU\Documents\PROJECTS\8w6s_profile\node_modules\next\dist\compiled\babel\bundle.js:191:377398)]
    [at TypeScriptParserMixin.parseParenAndDistinguishExpression (C:\Users\FUJITSU\Documents\PROJECTS\8w6s_profile\node_modules\next\dist\compiled\babel\bundle.js:191:369594)]
    [at TypeScriptParserMixin.parseExprAtom (C:\Users\FUJITSU\Documents\PROJECTS\8w6s_profile\node_modules\next\dist\compiled\babel\bundle.js:191:361477)]
    [at TypeScriptParserMixin.parseExprAtom (C:\Users\FUJITSU\Documents\PROJECTS\8w6s_profile\node_modules\next\dist\compiled\babel\bundle.js:191:269272)]
    [at TypeScriptParserMixin.parseExprSubscripts (C:\Users\FUJITSU\Documents\PROJECTS\8w6s_profile\node_modules\next\dist\compiled\babel\bundle.js:191:356364)]
    [at TypeScriptParserMixin.parseUpdate (C:\Users\FUJITSU\Documents\PROJECTS\8w6s_profile\node_modules\next\dist\compiled\babel\bundle.js:191:355963)]
    [at TypeScriptParserMixin.parseMaybeUnary (C:\Users\FUJITSU\Documents\PROJECTS\8w6s_profile\node_modules\next\dist\compiled\babel\bundle.js:191:355527)]
    [at TypeScriptParserMixin.parseMaybeUnary (C:\Users\FUJITSU\Documents\PROJECTS\8w6s_profile\node_modules\next\dist\compiled\babel\bundle.js:191:331837)]
    [at TypeScriptParserMixin.parseMaybeUnaryOrPrivate (C:\Users\FUJITSU\Documents\PROJECTS\8w6s_profile\node_modules\next\dist\compiled\babel\bundle.js:191:352169)]
    [at TypeScriptParserMixin.parseExprOps (C:\Users\FUJITSU\Documents\PROJECTS\8w6s_profile\node_modules\next\dist\compiled\babel\bundle.js:191:352281)]
    [at TypeScriptParserMixin.parseMaybeConditional (C:\Users\FUJITSU\Documents\PROJECTS\8w6s_profile\node_modules\next\dist\compiled\babel\bundle.js:191:351760)]
    [at TypeScriptParserMixin.parseMaybeAssign (C:\Users\FUJITSU\Documents\PROJECTS\8w6s_profile\node_modules\next\dist\compiled\babel\bundle.js:191:350714)]
    [at TypeScriptParserMixin.parseMaybeAssign (C:\Users\FUJITSU\Documents\PROJECTS\8w6s_profile\node_modules\next\dist\compiled\babel\bundle.js:191:330620)]
    [at C:\Users\FUJITSU\Documents\PROJECTS\8w6s_profile\node_modules\next\dist\compiled\babel\bundle.js:191:350260]
    [at TypeScriptParserMixin.allowInAnd (C:\Users\FUJITSU\Documents\PROJECTS\8w6s_profile\node_modules\next\dist\compiled\babel\bundle.js:191:383926)]
    [at TypeScriptParserMixin.parseMaybeAssignAllowIn (C:\Users\FUJITSU\Documents\PROJECTS\8w6s_profile\node_modules\next\dist\compiled\babel\bundle.js:191:350239)]
    [at TypeScriptParserMixin.parseVar (C:\Users\FUJITSU\Documents\PROJECTS\8w6s_profile\node_modules\next\dist\compiled\babel\bundle.js:191:402967)]
    [at TypeScriptParserMixin.parseVarStatement (C:\Users\FUJITSU\Documents\PROJECTS\8w6s_profile\node_modules\next\dist\compiled\babel\bundle.js:191:399366)]
    [at TypeScriptParserMixin.parseVarStatement (C:\Users\FUJITSU\Documents\PROJECTS\8w6s_profile\node_modules\next\dist\compiled\babel\bundle.js:191:323322)]
    [at TypeScriptParserMixin.parseStatementContent (C:\Users\FUJITSU\Documents\PROJECTS\8w6s_profile\node_modules\next\dist\compiled\babel\bundle.js:191:391398)]
    [at TypeScriptParserMixin.parseStatementContent (C:\Users\FUJITSU\Documents\PROJECTS\8w6s_profile\node_modules\next\dist\compiled\babel\bundle.js:191:324042)]
    [at TypeScriptParserMixin.parseStatementLike (C:\Users\FUJITSU\Documents\PROJECTS\8w6s_profile\node_modules\next\dist\compiled\babel\bundle.js:191:389494)]
    [at TypeScriptParserMixin.parseStatementListItem (C:\Users\FUJITSU\Documents\PROJECTS\8w6s_profile\node_modules\next\dist\compiled\babel\bundle.js:191:389120)]
    [at TypeScriptParserMixin.parseBlockOrModuleBlockBody (C:\Users\FUJITSU\Documents\PROJECTS\8w6s_profile\node_modules\next\dist\compiled\babel\bundle.js:191:401423)]
    [at TypeScriptParserMixin.parseBlockBody (C:\Users\FUJITSU\Documents\PROJECTS\8w6s_profile\node_modules\next\dist\compiled\babel\bundle.js:191:401223)]
    [at TypeScriptParserMixin.parseBlock (C:\Users\FUJITSU\Documents\PROJECTS\8w6s_profile\node_modules\next\dist\compiled\babel\bundle.js:191:400923)]
    [at TypeScriptParserMixin.parseFunctionBody (C:\Users\FUJITSU\Documents\PROJECTS\8w6s_profile\node_modules\next\dist\compiled\babel\bundle.js:191:378053)]
    [at TypeScriptParserMixin.parseFunctionBodyAndFinish (C:\Users\FUJITSU\Documents\PROJECTS\8w6s_profile\node_modules\next\dist\compiled\babel\bundle.js:191:377675)]
    [at TypeScriptParserMixin.parseFunctionBodyAndFinish (C:\Users\FUJITSU\Documents\PROJECTS\8w6s_profile\node_modules\next\dist\compiled\babel\bundle.js:191:318173)]

Import traces:
  Client Component Browser:
    ./app/admin/page.tsx [Client Component Browser]
    ./app/admin/page.tsx [Server Component]

  Client Component SSR:
    ./app/admin/page.tsx [Client Component SSR]
    ./app/admin/page.tsx [Server Component] @ http://localhost:3000/_next/static/chunks/node_modules_next_dist_0u_w_5s._.js:1945
[ 1218386ms] [ERROR] ./app/admin/page.tsx:665:15
the name `currentSkill` is defined multiple times
  663 |         if (!currentSkill) return;
  664 |
> 665 |         const currentSkill = newSkills[index];
      |               ^^^^^^^^^^^^
  666 |         const normalizedSkill = typeof currentSkill === 'object' && currentSkill !== null
  667 |             ? currentSkill
  668 |             : {

Ecmascript file had an error

Import traces:
  Client Component Browser:
    ./app/admin/page.tsx [Client Component Browser]
    ./app/admin/page.tsx [Server Component]

  Client Component SSR:
    ./app/admin/page.tsx [Client Component SSR]
    ./app/admin/page.tsx [Server Component] @ http://localhost:3000/_next/static/chunks/node_modules_next_dist_0u_w_5s._.js:1945
[ 1218410ms] [LOG] [Fast Refresh] rebuilding @ http://localhost:3000/_next/static/chunks/node_modules_next_dist_0u_w_5s._.js:1226
[ 1218555ms] [ERROR] ./app/admin/page.tsx
Error evaluating Node.js code
SyntaxError: C:\Users\FUJITSU\Documents\PROJECTS\8w6s_profile\app\admin\page.tsx: Identifier 'currentSkill' has already been declared. (665:14)

  663 |         if (!currentSkill) return;
  664 |
> 665 |         const currentSkill = newSkills[index];
      |               ^
  666 |         const normalizedSkill = typeof currentSkill === 'object' && currentSkill !== null
  667 |             ? currentSkill
  668 |             : {
  (from C:\Users\FUJITSU\Documents\PROJECTS\8w6s_profile\node_modules\next\dist\build\babel\loader\index.js)
    [at constructor (C:\Users\FUJITSU\Documents\PROJECTS\8w6s_profile\node_modules\next\dist\compiled\babel\bundle.js:191:137105)]
    [at TypeScriptParserMixin.raise (C:\Users\FUJITSU\Documents\PROJECTS\8w6s_profile\node_modules\next\dist\compiled\babel\bundle.js:191:194164)]
    [at TypeScriptScopeHandler.checkRedeclarationInScope (C:\Users\FUJITSU\Documents\PROJECTS\8w6s_profile\node_modules\next\dist\compiled\babel\bundle.js:191:163166)]
    [at TypeScriptScopeHandler.declareName (C:\Users\FUJITSU\Documents\PROJECTS\8w6s_profile\node_modules\next\dist\compiled\babel\bundle.js:191:162529)]
    [at TypeScriptScopeHandler.declareName (C:\Users\FUJITSU\Documents\PROJECTS\8w6s_profile\node_modules\next\dist\compiled\babel\bundle.js:191:271160)]
    [at TypeScriptParserMixin.declareNameFromIdentifier (C:\Users\FUJITSU\Documents\PROJECTS\8w6s_profile\node_modules\next\dist\compiled\babel\bundle.js:191:279226)]
    [at TypeScriptParserMixin.checkIdentifier (C:\Users\FUJITSU\Documents\PROJECTS\8w6s_profile\node_modules\next\dist\compiled\babel\bundle.js:191:279152)]
    [at TypeScriptParserMixin.checkLVal (C:\Users\FUJITSU\Documents\PROJECTS\8w6s_profile\node_modules\next\dist\compiled\babel\bundle.js:191:278197)]
    [at TypeScriptParserMixin.parseVarId (C:\Users\FUJITSU\Documents\PROJECTS\8w6s_profile\node_modules\next\dist\compiled\babel\bundle.js:191:403644)]
    [at TypeScriptParserMixin.parseVarId (C:\Users\FUJITSU\Documents\PROJECTS\8w6s_profile\node_modules\next\dist\compiled\babel\bundle.js:191:329902)]
    [at TypeScriptParserMixin.parseVar (C:\Users\FUJITSU\Documents\PROJECTS\8w6s_profile\node_modules\next\dist\compiled\babel\bundle.js:191:402884)]
    [at TypeScriptParserMixin.parseVarStatement (C:\Users\FUJITSU\Documents\PROJECTS\8w6s_profile\node_modules\next\dist\compiled\babel\bundle.js:191:399366)]
    [at TypeScriptParserMixin.parseVarStatement (C:\Users\FUJITSU\Documents\PROJECTS\8w6s_profile\node_modules\next\dist\compiled\babel\bundle.js:191:323322)]
    [at TypeScriptParserMixin.parseStatementContent (C:\Users\FUJITSU\Documents\PROJECTS\8w6s_profile\node_modules\next\dist\compiled\babel\bundle.js:191:391398)]
    [at TypeScriptParserMixin.parseStatementContent (C:\Users\FUJITSU\Documents\PROJECTS\8w6s_profile\node_modules\next\dist\compiled\babel\bundle.js:191:324042)]
    [at TypeScriptParserMixin.parseStatementLike (C:\Users\FUJITSU\Documents\PROJECTS\8w6s_profile\node_modules\next\dist\compiled\babel\bundle.js:191:389494)]
    [at TypeScriptParserMixin.parseStatementListItem (C:\Users\FUJITSU\Documents\PROJECTS\8w6s_profile\node_modules\next\dist\compiled\babel\bundle.js:191:389120)]
    [at TypeScriptParserMixin.parseBlockOrModuleBlockBody (C:\Users\FUJITSU\Documents\PROJECTS\8w6s_profile\node_modules\next\dist\compiled\babel\bundle.js:191:401423)]
    [at TypeScriptParserMixin.parseBlockBody (C:\Users\FUJITSU\Documents\PROJECTS\8w6s_profile\node_modules\next\dist\compiled\babel\bundle.js:191:401223)]
    [at TypeScriptParserMixin.parseBlock (C:\Users\FUJITSU\Documents\PROJECTS\8w6s_profile\node_modules\next\dist\compiled\babel\bundle.js:191:400923)]
    [at TypeScriptParserMixin.parseFunctionBody (C:\Users\FUJITSU\Documents\PROJECTS\8w6s_profile\node_modules\next\dist\compiled\babel\bundle.js:191:378053)]
    [at TypeScriptParserMixin.parseArrowExpression (C:\Users\FUJITSU\Documents\PROJECTS\8w6s_profile\node_modules\next\dist\compiled\babel\bundle.js:191:377398)]
    [at TypeScriptParserMixin.parseParenAndDistinguishExpression (C:\Users\FUJITSU\Documents\PROJECTS\8w6s_profile\node_modules\next\dist\compiled\babel\bundle.js:191:369594)]
    [at TypeScriptParserMixin.parseExprAtom (C:\Users\FUJITSU\Documents\PROJECTS\8w6s_profile\node_modules\next\dist\compiled\babel\bundle.js:191:361477)]
    [at TypeScriptParserMixin.parseExprAtom (C:\Users\FUJITSU\Documents\PROJECTS\8w6s_profile\node_modules\next\dist\compiled\babel\bundle.js:191:269272)]
    [at TypeScriptParserMixin.parseExprSubscripts (C:\Users\FUJITSU\Documents\PROJECTS\8w6s_profile\node_modules\next\dist\compiled\babel\bundle.js:191:356364)]
    [at TypeScriptParserMixin.parseUpdate (C:\Users\FUJITSU\Documents\PROJECTS\8w6s_profile\node_modules\next\dist\compiled\babel\bundle.js:191:355963)]
    [at TypeScriptParserMixin.parseMaybeUnary (C:\Users\FUJITSU\Documents\PROJECTS\8w6s_profile\node_modules\next\dist\compiled\babel\bundle.js:191:355527)]
    [at TypeScriptParserMixin.parseMaybeUnary (C:\Users\FUJITSU\Documents\PROJECTS\8w6s_profile\node_modules\next\dist\compiled\babel\bundle.js:191:331837)]
    [at TypeScriptParserMixin.parseMaybeUnaryOrPrivate (C:\Users\FUJITSU\Documents\PROJECTS\8w6s_profile\node_modules\next\dist\compiled\babel\bundle.js:191:352169)]
    [at TypeScriptParserMixin.parseExprOps (C:\Users\FUJITSU\Documents\PROJECTS\8w6s_profile\node_modules\next\dist\compiled\babel\bundle.js:191:352281)]
    [at TypeScriptParserMixin.parseMaybeConditional (C:\Users\FUJITSU\Documents\PROJECTS\8w6s_profile\node_modules\next\dist\compiled\babel\bundle.js:191:351760)]
    [at TypeScriptParserMixin.parseMaybeAssign (C:\Users\FUJITSU\Documents\PROJECTS\8w6s_profile\node_modules\next\dist\compiled\babel\bundle.js:191:350714)]
    [at TypeScriptParserMixin.parseMaybeAssign (C:\Users\FUJITSU\Documents\PROJECTS\8w6s_profile\node_modules\next\dist\compiled\babel\bundle.js:191:330620)]
    [at C:\Users\FUJITSU\Documents\PROJECTS\8w6s_profile\node_modules\next\dist\compiled\babel\bundle.js:191:350260]
    [at TypeScriptParserMixin.allowInAnd (C:\Users\FUJITSU\Documents\PROJECTS\8w6s_profile\node_modules\next\dist\compiled\babel\bundle.js:191:383926)]
    [at TypeScriptParserMixin.parseMaybeAssignAllowIn (C:\Users\FUJITSU\Documents\PROJECTS\8w6s_profile\node_modules\next\dist\compiled\babel\bundle.js:191:350239)]
    [at TypeScriptParserMixin.parseVar (C:\Users\FUJITSU\Documents\PROJECTS\8w6s_profile\node_modules\next\dist\compiled\babel\bundle.js:191:402967)]
    [at TypeScriptParserMixin.parseVarStatement (C:\Users\FUJITSU\Documents\PROJECTS\8w6s_profile\node_modules\next\dist\compiled\babel\bundle.js:191:399366)]
    [at TypeScriptParserMixin.parseVarStatement (C:\Users\FUJITSU\Documents\PROJECTS\8w6s_profile\node_modules\next\dist\compiled\babel\bundle.js:191:323322)]
    [at TypeScriptParserMixin.parseStatementContent (C:\Users\FUJITSU\Documents\PROJECTS\8w6s_profile\node_modules\next\dist\compiled\babel\bundle.js:191:391398)]
    [at TypeScriptParserMixin.parseStatementContent (C:\Users\FUJITSU\Documents\PROJECTS\8w6s_profile\node_modules\next\dist\compiled\babel\bundle.js:191:324042)]
    [at TypeScriptParserMixin.parseStatementLike (C:\Users\FUJITSU\Documents\PROJECTS\8w6s_profile\node_modules\next\dist\compiled\babel\bundle.js:191:389494)]
    [at TypeScriptParserMixin.parseStatementListItem (C:\Users\FUJITSU\Documents\PROJECTS\8w6s_profile\node_modules\next\dist\compiled\babel\bundle.js:191:389120)]
    [at TypeScriptParserMixin.parseBlockOrModuleBlockBody (C:\Users\FUJITSU\Documents\PROJECTS\8w6s_profile\node_modules\next\dist\compiled\babel\bundle.js:191:401423)]
    [at TypeScriptParserMixin.parseBlockBody (C:\Users\FUJITSU\Documents\PROJECTS\8w6s_profile\node_modules\next\dist\compiled\babel\bundle.js:191:401223)]
    [at TypeScriptParserMixin.parseBlock (C:\Users\FUJITSU\Documents\PROJECTS\8w6s_profile\node_modules\next\dist\compiled\babel\bundle.js:191:400923)]
    [at TypeScriptParserMixin.parseFunctionBody (C:\Users\FUJITSU\Documents\PROJECTS\8w6s_profile\node_modules\next\dist\compiled\babel\bundle.js:191:378053)]
    [at TypeScriptParserMixin.parseFunctionBodyAndFinish (C:\Users\FUJITSU\Documents\PROJECTS\8w6s_profile\node_modules\next\dist\compiled\babel\bundle.js:191:377675)]
    [at TypeScriptParserMixin.parseFunctionBodyAndFinish (C:\Users\FUJITSU\Documents\PROJECTS\8w6s_profile\node_modules\next\dist\compiled\babel\bundle.js:191:318173)]

Import traces:
  Client Component Browser:
    ./app/admin/page.tsx [Client Component Browser]
    ./app/admin/page.tsx [Server Component]

  Client Component SSR:
    ./app/admin/page.tsx [Client Component SSR]
    ./app/admin/page.tsx [Server Component] @ http://localhost:3000/_next/static/chunks/node_modules_next_dist_0u_w_5s._.js:1945
[ 1218556ms] [ERROR] ./app/admin/page.tsx:665:15
the name `currentSkill` is defined multiple times
  663 |         if (!currentSkill) return;
  664 |
> 665 |         const currentSkill = newSkills[index];
      |               ^^^^^^^^^^^^
  666 |         const normalizedSkill = typeof currentSkill === 'object' && currentSkill !== null
  667 |             ? currentSkill
  668 |             : {

Ecmascript file had an error

Import traces:
  Client Component Browser:
    ./app/admin/page.tsx [Client Component Browser]
    ./app/admin/page.tsx [Server Component]

  Client Component SSR:
    ./app/admin/page.tsx [Client Component SSR]
    ./app/admin/page.tsx [Server Component] @ http://localhost:3000/_next/static/chunks/node_modules_next_dist_0u_w_5s._.js:1945
[ 1218612ms] [ERROR] ./app/admin/page.tsx
Error evaluating Node.js code
SyntaxError: C:\Users\FUJITSU\Documents\PROJECTS\8w6s_profile\app\admin\page.tsx: Identifier 'currentSkill' has already been declared. (665:14)

  663 |         if (!currentSkill) return;
  664 |
> 665 |         const currentSkill = newSkills[index];
      |               ^
  666 |         const normalizedSkill = typeof currentSkill === 'object' && currentSkill !== null
  667 |             ? currentSkill
  668 |             : {
  (from C:\Users\FUJITSU\Documents\PROJECTS\8w6s_profile\node_modules\next\dist\build\babel\loader\index.js)
    [at constructor (C:\Users\FUJITSU\Documents\PROJECTS\8w6s_profile\node_modules\next\dist\compiled\babel\bundle.js:191:137105)]
    [at TypeScriptParserMixin.raise (C:\Users\FUJITSU\Documents\PROJECTS\8w6s_profile\node_modules\next\dist\compiled\babel\bundle.js:191:194164)]
    [at TypeScriptScopeHandler.checkRedeclarationInScope (C:\Users\FUJITSU\Documents\PROJECTS\8w6s_profile\node_modules\next\dist\compiled\babel\bundle.js:191:163166)]
    [at TypeScriptScopeHandler.declareName (C:\Users\FUJITSU\Documents\PROJECTS\8w6s_profile\node_modules\next\dist\compiled\babel\bundle.js:191:162529)]
    [at TypeScriptScopeHandler.declareName (C:\Users\FUJITSU\Documents\PROJECTS\8w6s_profile\node_modules\next\dist\compiled\babel\bundle.js:191:271160)]
    [at TypeScriptParserMixin.declareNameFromIdentifier (C:\Users\FUJITSU\Documents\PROJECTS\8w6s_profile\node_modules\next\dist\compiled\babel\bundle.js:191:279226)]
    [at TypeScriptParserMixin.checkIdentifier (C:\Users\FUJITSU\Documents\PROJECTS\8w6s_profile\node_modules\next\dist\compiled\babel\bundle.js:191:279152)]
    [at TypeScriptParserMixin.checkLVal (C:\Users\FUJITSU\Documents\PROJECTS\8w6s_profile\node_modules\next\dist\compiled\babel\bundle.js:191:278197)]
    [at TypeScriptParserMixin.parseVarId (C:\Users\FUJITSU\Documents\PROJECTS\8w6s_profile\node_modules\next\dist\compiled\babel\bundle.js:191:403644)]
    [at TypeScriptParserMixin.parseVarId (C:\Users\FUJITSU\Documents\PROJECTS\8w6s_profile\node_modules\next\dist\compiled\babel\bundle.js:191:329902)]
    [at TypeScriptParserMixin.parseVar (C:\Users\FUJITSU\Documents\PROJECTS\8w6s_profile\node_modules\next\dist\compiled\babel\bundle.js:191:402884)]
    [at TypeScriptParserMixin.parseVarStatement (C:\Users\FUJITSU\Documents\PROJECTS\8w6s_profile\node_modules\next\dist\compiled\babel\bundle.js:191:399366)]
    [at TypeScriptParserMixin.parseVarStatement (C:\Users\FUJITSU\Documents\PROJECTS\8w6s_profile\node_modules\next\dist\compiled\babel\bundle.js:191:323322)]
    [at TypeScriptParserMixin.parseStatementContent (C:\Users\FUJITSU\Documents\PROJECTS\8w6s_profile\node_modules\next\dist\compiled\babel\bundle.js:191:391398)]
    [at TypeScriptParserMixin.parseStatementContent (C:\Users\FUJITSU\Documents\PROJECTS\8w6s_profile\node_modules\next\dist\compiled\babel\bundle.js:191:324042)]
    [at TypeScriptParserMixin.parseStatementLike (C:\Users\FUJITSU\Documents\PROJECTS\8w6s_profile\node_modules\next\dist\compiled\babel\bundle.js:191:389494)]
    [at TypeScriptParserMixin.parseStatementListItem (C:\Users\FUJITSU\Documents\PROJECTS\8w6s_profile\node_modules\next\dist\compiled\babel\bundle.js:191:389120)]
    [at TypeScriptParserMixin.parseBlockOrModuleBlockBody (C:\Users\FUJITSU\Documents\PROJECTS\8w6s_profile\node_modules\next\dist\compiled\babel\bundle.js:191:401423)]
    [at TypeScriptParserMixin.parseBlockBody (C:\Users\FUJITSU\Documents\PROJECTS\8w6s_profile\node_modules\next\dist\compiled\babel\bundle.js:191:401223)]
    [at TypeScriptParserMixin.parseBlock (C:\Users\FUJITSU\Documents\PROJECTS\8w6s_profile\node_modules\next\dist\compiled\babel\bundle.js:191:400923)]
    [at TypeScriptParserMixin.parseFunctionBody (C:\Users\FUJITSU\Documents\PROJECTS\8w6s_profile\node_modules\next\dist\compiled\babel\bundle.js:191:378053)]
    [at TypeScriptParserMixin.parseArrowExpression (C:\Users\FUJITSU\Documents\PROJECTS\8w6s_profile\node_modules\next\dist\compiled\babel\bundle.js:191:377398)]
    [at TypeScriptParserMixin.parseParenAndDistinguishExpression (C:\Users\FUJITSU\Documents\PROJECTS\8w6s_profile\node_modules\next\dist\compiled\babel\bundle.js:191:369594)]
    [at TypeScriptParserMixin.parseExprAtom (C:\Users\FUJITSU\Documents\PROJECTS\8w6s_profile\node_modules\next\dist\compiled\babel\bundle.js:191:361477)]
    [at TypeScriptParserMixin.parseExprAtom (C:\Users\FUJITSU\Documents\PROJECTS\8w6s_profile\node_modules\next\dist\compiled\babel\bundle.js:191:269272)]
    [at TypeScriptParserMixin.parseExprSubscripts (C:\Users\FUJITSU\Documents\PROJECTS\8w6s_profile\node_modules\next\dist\compiled\babel\bundle.js:191:356364)]
    [at TypeScriptParserMixin.parseUpdate (C:\Users\FUJITSU\Documents\PROJECTS\8w6s_profile\node_modules\next\dist\compiled\babel\bundle.js:191:355963)]
    [at TypeScriptParserMixin.parseMaybeUnary (C:\Users\FUJITSU\Documents\PROJECTS\8w6s_profile\node_modules\next\dist\compiled\babel\bundle.js:191:355527)]
    [at TypeScriptParserMixin.parseMaybeUnary (C:\Users\FUJITSU\Documents\PROJECTS\8w6s_profile\node_modules\next\dist\compiled\babel\bundle.js:191:331837)]
    [at TypeScriptParserMixin.parseMaybeUnaryOrPrivate (C:\Users\FUJITSU\Documents\PROJECTS\8w6s_profile\node_modules\next\dist\compiled\babel\bundle.js:191:352169)]
    [at TypeScriptParserMixin.parseExprOps (C:\Users\FUJITSU\Documents\PROJECTS\8w6s_profile\node_modules\next\dist\compiled\babel\bundle.js:191:352281)]
    [at TypeScriptParserMixin.parseMaybeConditional (C:\Users\FUJITSU\Documents\PROJECTS\8w6s_profile\node_modules\next\dist\compiled\babel\bundle.js:191:351760)]
    [at TypeScriptParserMixin.parseMaybeAssign (C:\Users\FUJITSU\Documents\PROJECTS\8w6s_profile\node_modules\next\dist\compiled\babel\bundle.js:191:350714)]
    [at TypeScriptParserMixin.parseMaybeAssign (C:\Users\FUJITSU\Documents\PROJECTS\8w6s_profile\node_modules\next\dist\compiled\babel\bundle.js:191:330620)]
    [at C:\Users\FUJITSU\Documents\PROJECTS\8w6s_profile\node_modules\next\dist\compiled\babel\bundle.js:191:350260]
    [at TypeScriptParserMixin.allowInAnd (C:\Users\FUJITSU\Documents\PROJECTS\8w6s_profile\node_modules\next\dist\compiled\babel\bundle.js:191:383926)]
    [at TypeScriptParserMixin.parseMaybeAssignAllowIn (C:\Users\FUJITSU\Documents\PROJECTS\8w6s_profile\node_modules\next\dist\compiled\babel\bundle.js:191:350239)]
    [at TypeScriptParserMixin.parseVar (C:\Users\FUJITSU\Documents\PROJECTS\8w6s_profile\node_modules\next\dist\compiled\babel\bundle.js:191:402967)]
    [at TypeScriptParserMixin.parseVarStatement (C:\Users\FUJITSU\Documents\PROJECTS\8w6s_profile\node_modules\next\dist\compiled\babel\bundle.js:191:399366)]
    [at TypeScriptParserMixin.parseVarStatement (C:\Users\FUJITSU\Documents\PROJECTS\8w6s_profile\node_modules\next\dist\compiled\babel\bundle.js:191:323322)]
    [at TypeScriptParserMixin.parseStatementContent (C:\Users\FUJITSU\Documents\PROJECTS\8w6s_profile\node_modules\next\dist\compiled\babel\bundle.js:191:391398)]
    [at TypeScriptParserMixin.parseStatementContent (C:\Users\FUJITSU\Documents\PROJECTS\8w6s_profile\node_modules\next\dist\compiled\babel\bundle.js:191:324042)]
    [at TypeScriptParserMixin.parseStatementLike (C:\Users\FUJITSU\Documents\PROJECTS\8w6s_profile\node_modules\next\dist\compiled\babel\bundle.js:191:389494)]
    [at TypeScriptParserMixin.parseStatementListItem (C:\Users\FUJITSU\Documents\PROJECTS\8w6s_profile\node_modules\next\dist\compiled\babel\bundle.js:191:389120)]
    [at TypeScriptParserMixin.parseBlockOrModuleBlockBody (C:\Users\FUJITSU\Documents\PROJECTS\8w6s_profile\node_modules\next\dist\compiled\babel\bundle.js:191:401423)]
    [at TypeScriptParserMixin.parseBlockBody (C:\Users\FUJITSU\Documents\PROJECTS\8w6s_profile\node_modules\next\dist\compiled\babel\bundle.js:191:401223)]
    [at TypeScriptParserMixin.parseBlock (C:\Users\FUJITSU\Documents\PROJECTS\8w6s_profile\node_modules\next\dist\compiled\babel\bundle.js:191:400923)]
    [at TypeScriptParserMixin.parseFunctionBody (C:\Users\FUJITSU\Documents\PROJECTS\8w6s_profile\node_modules\next\dist\compiled\babel\bundle.js:191:378053)]
    [at TypeScriptParserMixin.parseFunctionBodyAndFinish (C:\Users\FUJITSU\Documents\PROJECTS\8w6s_profile\node_modules\next\dist\compiled\babel\bundle.js:191:377675)]
    [at TypeScriptParserMixin.parseFunctionBodyAndFinish (C:\Users\FUJITSU\Documents\PROJECTS\8w6s_profile\node_modules\next\dist\compiled\babel\bundle.js:191:318173)]

Import traces:
  Client Component Browser:
    ./app/admin/page.tsx [Client Component Browser]
    ./app/admin/page.tsx [Server Component]

  Client Component SSR:
    ./app/admin/page.tsx [Client Component SSR]
    ./app/admin/page.tsx [Server Component] @ http://localhost:3000/_next/static/chunks/node_modules_next_dist_0u_w_5s._.js:1945
[ 1218613ms] [ERROR] ./app/admin/page.tsx:665:15
the name `currentSkill` is defined multiple times
  663 |         if (!currentSkill) return;
  664 |
> 665 |         const currentSkill = newSkills[index];
      |               ^^^^^^^^^^^^
  666 |         const normalizedSkill = typeof currentSkill === 'object' && currentSkill !== null
  667 |             ? currentSkill
  668 |             : {

Ecmascript file had an error

Import traces:
  Client Component Browser:
    ./app/admin/page.tsx [Client Component Browser]
    ./app/admin/page.tsx [Server Component]

  Client Component SSR:
    ./app/admin/page.tsx [Client Component SSR]
    ./app/admin/page.tsx [Server Component] @ http://localhost:3000/_next/static/chunks/node_modules_next_dist_0u_w_5s._.js:1945
[ 1218679ms] [LOG] [Fast Refresh] rebuilding @ http://localhost:3000/_next/static/chunks/node_modules_next_dist_0u_w_5s._.js:1226
[ 1220967ms] [ERROR] ./app/admin/page.tsx
Error evaluating Node.js code
SyntaxError: C:\Users\FUJITSU\Documents\PROJECTS\8w6s_profile\app\admin\page.tsx: Identifier 'currentSkill' has already been declared. (665:14)

  663 |         if (!currentSkill) return;
  664 |
> 665 |         const currentSkill = newSkills[index];
      |               ^
  666 |         const normalizedSkill = typeof currentSkill === 'object' && currentSkill !== null
  667 |             ? currentSkill
  668 |             : {
  (from C:\Users\FUJITSU\Documents\PROJECTS\8w6s_profile\node_modules\next\dist\build\babel\loader\index.js)
    [at constructor (C:\Users\FUJITSU\Documents\PROJECTS\8w6s_profile\node_modules\next\dist\compiled\babel\bundle.js:191:137105)]
    [at TypeScriptParserMixin.raise (C:\Users\FUJITSU\Documents\PROJECTS\8w6s_profile\node_modules\next\dist\compiled\babel\bundle.js:191:194164)]
    [at TypeScriptScopeHandler.checkRedeclarationInScope (C:\Users\FUJITSU\Documents\PROJECTS\8w6s_profile\node_modules\next\dist\compiled\babel\bundle.js:191:163166)]
    [at TypeScriptScopeHandler.declareName (C:\Users\FUJITSU\Documents\PROJECTS\8w6s_profile\node_modules\next\dist\compiled\babel\bundle.js:191:162529)]
    [at TypeScriptScopeHandler.declareName (C:\Users\FUJITSU\Documents\PROJECTS\8w6s_profile\node_modules\next\dist\compiled\babel\bundle.js:191:271160)]
    [at TypeScriptParserMixin.declareNameFromIdentifier (C:\Users\FUJITSU\Documents\PROJECTS\8w6s_profile\node_modules\next\dist\compiled\babel\bundle.js:191:279226)]
    [at TypeScriptParserMixin.checkIdentifier (C:\Users\FUJITSU\Documents\PROJECTS\8w6s_profile\node_modules\next\dist\compiled\babel\bundle.js:191:279152)]
    [at TypeScriptParserMixin.checkLVal (C:\Users\FUJITSU\Documents\PROJECTS\8w6s_profile\node_modules\next\dist\compiled\babel\bundle.js:191:278197)]
    [at TypeScriptParserMixin.parseVarId (C:\Users\FUJITSU\Documents\PROJECTS\8w6s_profile\node_modules\next\dist\compiled\babel\bundle.js:191:403644)]
    [at TypeScriptParserMixin.parseVarId (C:\Users\FUJITSU\Documents\PROJECTS\8w6s_profile\node_modules\next\dist\compiled\babel\bundle.js:191:329902)]
    [at TypeScriptParserMixin.parseVar (C:\Users\FUJITSU\Documents\PROJECTS\8w6s_profile\node_modules\next\dist\compiled\babel\bundle.js:191:402884)]
    [at TypeScriptParserMixin.parseVarStatement (C:\Users\FUJITSU\Documents\PROJECTS\8w6s_profile\node_modules\next\dist\compiled\babel\bundle.js:191:399366)]
    [at TypeScriptParserMixin.parseVarStatement (C:\Users\FUJITSU\Documents\PROJECTS\8w6s_profile\node_modules\next\dist\compiled\babel\bundle.js:191:323322)]
    [at TypeScriptParserMixin.parseStatementContent (C:\Users\FUJITSU\Documents\PROJECTS\8w6s_profile\node_modules\next\dist\compiled\babel\bundle.js:191:391398)]
    [at TypeScriptParserMixin.parseStatementContent (C:\Users\FUJITSU\Documents\PROJECTS\8w6s_profile\node_modules\next\dist\compiled\babel\bundle.js:191:324042)]
    [at TypeScriptParserMixin.parseStatementLike (C:\Users\FUJITSU\Documents\PROJECTS\8w6s_profile\node_modules\next\dist\compiled\babel\bundle.js:191:389494)]
    [at TypeScriptParserMixin.parseStatementListItem (C:\Users\FUJITSU\Documents\PROJECTS\8w6s_profile\node_modules\next\dist\compiled\babel\bundle.js:191:389120)]
    [at TypeScriptParserMixin.parseBlockOrModuleBlockBody (C:\Users\FUJITSU\Documents\PROJECTS\8w6s_profile\node_modules\next\dist\compiled\babel\bundle.js:191:401423)]
    [at TypeScriptParserMixin.parseBlockBody (C:\Users\FUJITSU\Documents\PROJECTS\8w6s_profile\node_modules\next\dist\compiled\babel\bundle.js:191:401223)]
    [at TypeScriptParserMixin.parseBlock (C:\Users\FUJITSU\Documents\PROJECTS\8w6s_profile\node_modules\next\dist\compiled\babel\bundle.js:191:400923)]
    [at TypeScriptParserMixin.parseFunctionBody (C:\Users\FUJITSU\Documents\PROJECTS\8w6s_profile\node_modules\next\dist\compiled\babel\bundle.js:191:378053)]
    [at TypeScriptParserMixin.parseArrowExpression (C:\Users\FUJITSU\Documents\PROJECTS\8w6s_profile\node_modules\next\dist\compiled\babel\bundle.js:191:377398)]
    [at TypeScriptParserMixin.parseParenAndDistinguishExpression (C:\Users\FUJITSU\Documents\PROJECTS\8w6s_profile\node_modules\next\dist\compiled\babel\bundle.js:191:369594)]
    [at TypeScriptParserMixin.parseExprAtom (C:\Users\FUJITSU\Documents\PROJECTS\8w6s_profile\node_modules\next\dist\compiled\babel\bundle.js:191:361477)]
    [at TypeScriptParserMixin.parseExprAtom (C:\Users\FUJITSU\Documents\PROJECTS\8w6s_profile\node_modules\next\dist\compiled\babel\bundle.js:191:269272)]
    [at TypeScriptParserMixin.parseExprSubscripts (C:\Users\FUJITSU\Documents\PROJECTS\8w6s_profile\node_modules\next\dist\compiled\babel\bundle.js:191:356364)]
    [at TypeScriptParserMixin.parseUpdate (C:\Users\FUJITSU\Documents\PROJECTS\8w6s_profile\node_modules\next\dist\compiled\babel\bundle.js:191:355963)]
    [at TypeScriptParserMixin.parseMaybeUnary (C:\Users\FUJITSU\Documents\PROJECTS\8w6s_profile\node_modules\next\dist\compiled\babel\bundle.js:191:355527)]
    [at TypeScriptParserMixin.parseMaybeUnary (C:\Users\FUJITSU\Documents\PROJECTS\8w6s_profile\node_modules\next\dist\compiled\babel\bundle.js:191:331837)]
    [at TypeScriptParserMixin.parseMaybeUnaryOrPrivate (C:\Users\FUJITSU\Documents\PROJECTS\8w6s_profile\node_modules\next\dist\compiled\babel\bundle.js:191:352169)]
    [at TypeScriptParserMixin.parseExprOps (C:\Users\FUJITSU\Documents\PROJECTS\8w6s_profile\node_modules\next\dist\compiled\babel\bundle.js:191:352281)]
    [at TypeScriptParserMixin.parseMaybeConditional (C:\Users\FUJITSU\Documents\PROJECTS\8w6s_profile\node_modules\next\dist\compiled\babel\bundle.js:191:351760)]
    [at TypeScriptParserMixin.parseMaybeAssign (C:\Users\FUJITSU\Documents\PROJECTS\8w6s_profile\node_modules\next\dist\compiled\babel\bundle.js:191:350714)]
    [at TypeScriptParserMixin.parseMaybeAssign (C:\Users\FUJITSU\Documents\PROJECTS\8w6s_profile\node_modules\next\dist\compiled\babel\bundle.js:191:330620)]
    [at C:\Users\FUJITSU\Documents\PROJECTS\8w6s_profile\node_modules\next\dist\compiled\babel\bundle.js:191:350260]
    [at TypeScriptParserMixin.allowInAnd (C:\Users\FUJITSU\Documents\PROJECTS\8w6s_profile\node_modules\next\dist\compiled\babel\bundle.js:191:383926)]
    [at TypeScriptParserMixin.parseMaybeAssignAllowIn (C:\Users\FUJITSU\Documents\PROJECTS\8w6s_profile\node_modules\next\dist\compiled\babel\bundle.js:191:350239)]
    [at TypeScriptParserMixin.parseVar (C:\Users\FUJITSU\Documents\PROJECTS\8w6s_profile\node_modules\next\dist\compiled\babel\bundle.js:191:402967)]
    [at TypeScriptParserMixin.parseVarStatement (C:\Users\FUJITSU\Documents\PROJECTS\8w6s_profile\node_modules\next\dist\compiled\babel\bundle.js:191:399366)]
    [at TypeScriptParserMixin.parseVarStatement (C:\Users\FUJITSU\Documents\PROJECTS\8w6s_profile\node_modules\next\dist\compiled\babel\bundle.js:191:323322)]
    [at TypeScriptParserMixin.parseStatementContent (C:\Users\FUJITSU\Documents\PROJECTS\8w6s_profile\node_modules\next\dist\compiled\babel\bundle.js:191:391398)]
    [at TypeScriptParserMixin.parseStatementContent (C:\Users\FUJITSU\Documents\PROJECTS\8w6s_profile\node_modules\next\dist\compiled\babel\bundle.js:191:324042)]
    [at TypeScriptParserMixin.parseStatementLike (C:\Users\FUJITSU\Documents\PROJECTS\8w6s_profile\node_modules\next\dist\compiled\babel\bundle.js:191:389494)]
    [at TypeScriptParserMixin.parseStatementListItem (C:\Users\FUJITSU\Documents\PROJECTS\8w6s_profile\node_modules\next\dist\compiled\babel\bundle.js:191:389120)]
    [at TypeScriptParserMixin.parseBlockOrModuleBlockBody (C:\Users\FUJITSU\Documents\PROJECTS\8w6s_profile\node_modules\next\dist\compiled\babel\bundle.js:191:401423)]
    [at TypeScriptParserMixin.parseBlockBody (C:\Users\FUJITSU\Documents\PROJECTS\8w6s_profile\node_modules\next\dist\compiled\babel\bundle.js:191:401223)]
    [at TypeScriptParserMixin.parseBlock (C:\Users\FUJITSU\Documents\PROJECTS\8w6s_profile\node_modules\next\dist\compiled\babel\bundle.js:191:400923)]
    [at TypeScriptParserMixin.parseFunctionBody (C:\Users\FUJITSU\Documents\PROJECTS\8w6s_profile\node_modules\next\dist\compiled\babel\bundle.js:191:378053)]
    [at TypeScriptParserMixin.parseFunctionBodyAndFinish (C:\Users\FUJITSU\Documents\PROJECTS\8w6s_profile\node_modules\next\dist\compiled\babel\bundle.js:191:377675)]
    [at TypeScriptParserMixin.parseFunctionBodyAndFinish (C:\Users\FUJITSU\Documents\PROJECTS\8w6s_profile\node_modules\next\dist\compiled\babel\bundle.js:191:318173)]

Import traces:
  Client Component Browser:
    ./app/admin/page.tsx [Client Component Browser]
    ./app/admin/page.tsx [Server Component]

  Client Component SSR:
    ./app/admin/page.tsx [Client Component SSR]
    ./app/admin/page.tsx [Server Component] @ http://localhost:3000/_next/static/chunks/node_modules_next_dist_0u_w_5s._.js:1945
[ 1220968ms] [ERROR] ./app/admin/page.tsx:665:15
the name `currentSkill` is defined multiple times
  663 |         if (!currentSkill) return;
  664 |
> 665 |         const currentSkill = newSkills[index];
      |               ^^^^^^^^^^^^
  666 |         const normalizedSkill = typeof currentSkill === 'object' && currentSkill !== null
  667 |             ? currentSkill
  668 |             : {

Ecmascript file had an error

Import traces:
  Client Component Browser:
    ./app/admin/page.tsx [Client Component Browser]
    ./app/admin/page.tsx [Server Component]

  Client Component SSR:
    ./app/admin/page.tsx [Client Component SSR]
    ./app/admin/page.tsx [Server Component] @ http://localhost:3000/_next/static/chunks/node_modules_next_dist_0u_w_5s._.js:1945
[ 1220982ms] [LOG] [Fast Refresh] rebuilding @ http://localhost:3000/_next/static/chunks/node_modules_next_dist_0u_w_5s._.js:1226
[ 1223646ms] [ERROR] ./app/admin/page.tsx
Error evaluating Node.js code
SyntaxError: C:\Users\FUJITSU\Documents\PROJECTS\8w6s_profile\app\admin\page.tsx: Identifier 'currentSkill' has already been declared. (665:14)

  663 |         if (!currentSkill) return;
  664 |
> 665 |         const currentSkill = newSkills[index];
      |               ^
  666 |         const normalizedSkill = typeof currentSkill === 'object' && currentSkill !== null
  667 |             ? currentSkill
  668 |             : {
  (from C:\Users\FUJITSU\Documents\PROJECTS\8w6s_profile\node_modules\next\dist\build\babel\loader\index.js)
    [at constructor (C:\Users\FUJITSU\Documents\PROJECTS\8w6s_profile\node_modules\next\dist\compiled\babel\bundle.js:191:137105)]
    [at TypeScriptParserMixin.raise (C:\Users\FUJITSU\Documents\PROJECTS\8w6s_profile\node_modules\next\dist\compiled\babel\bundle.js:191:194164)]
    [at TypeScriptScopeHandler.checkRedeclarationInScope (C:\Users\FUJITSU\Documents\PROJECTS\8w6s_profile\node_modules\next\dist\compiled\babel\bundle.js:191:163166)]
    [at TypeScriptScopeHandler.declareName (C:\Users\FUJITSU\Documents\PROJECTS\8w6s_profile\node_modules\next\dist\compiled\babel\bundle.js:191:162529)]
    [at TypeScriptScopeHandler.declareName (C:\Users\FUJITSU\Documents\PROJECTS\8w6s_profile\node_modules\next\dist\compiled\babel\bundle.js:191:271160)]
    [at TypeScriptParserMixin.declareNameFromIdentifier (C:\Users\FUJITSU\Documents\PROJECTS\8w6s_profile\node_modules\next\dist\compiled\babel\bundle.js:191:279226)]
    [at TypeScriptParserMixin.checkIdentifier (C:\Users\FUJITSU\Documents\PROJECTS\8w6s_profile\node_modules\next\dist\compiled\babel\bundle.js:191:279152)]
    [at TypeScriptParserMixin.checkLVal (C:\Users\FUJITSU\Documents\PROJECTS\8w6s_profile\node_modules\next\dist\compiled\babel\bundle.js:191:278197)]
    [at TypeScriptParserMixin.parseVarId (C:\Users\FUJITSU\Documents\PROJECTS\8w6s_profile\node_modules\next\dist\compiled\babel\bundle.js:191:403644)]
    [at TypeScriptParserMixin.parseVarId (C:\Users\FUJITSU\Documents\PROJECTS\8w6s_profile\node_modules\next\dist\compiled\babel\bundle.js:191:329902)]
    [at TypeScriptParserMixin.parseVar (C:\Users\FUJITSU\Documents\PROJECTS\8w6s_profile\node_modules\next\dist\compiled\babel\bundle.js:191:402884)]
    [at TypeScriptParserMixin.parseVarStatement (C:\Users\FUJITSU\Documents\PROJECTS\8w6s_profile\node_modules\next\dist\compiled\babel\bundle.js:191:399366)]
    [at TypeScriptParserMixin.parseVarStatement (C:\Users\FUJITSU\Documents\PROJECTS\8w6s_profile\node_modules\next\dist\compiled\babel\bundle.js:191:323322)]
    [at TypeScriptParserMixin.parseStatementContent (C:\Users\FUJITSU\Documents\PROJECTS\8w6s_profile\node_modules\next\dist\compiled\babel\bundle.js:191:391398)]
    [at TypeScriptParserMixin.parseStatementContent (C:\Users\FUJITSU\Documents\PROJECTS\8w6s_profile\node_modules\next\dist\compiled\babel\bundle.js:191:324042)]
    [at TypeScriptParserMixin.parseStatementLike (C:\Users\FUJITSU\Documents\PROJECTS\8w6s_profile\node_modules\next\dist\compiled\babel\bundle.js:191:389494)]
    [at TypeScriptParserMixin.parseStatementListItem (C:\Users\FUJITSU\Documents\PROJECTS\8w6s_profile\node_modules\next\dist\compiled\babel\bundle.js:191:389120)]
    [at TypeScriptParserMixin.parseBlockOrModuleBlockBody (C:\Users\FUJITSU\Documents\PROJECTS\8w6s_profile\node_modules\next\dist\compiled\babel\bundle.js:191:401423)]
    [at TypeScriptParserMixin.parseBlockBody (C:\Users\FUJITSU\Documents\PROJECTS\8w6s_profile\node_modules\next\dist\compiled\babel\bundle.js:191:401223)]
    [at TypeScriptParserMixin.parseBlock (C:\Users\FUJITSU\Documents\PROJECTS\8w6s_profile\node_modules\next\dist\compiled\babel\bundle.js:191:400923)]
    [at TypeScriptParserMixin.parseFunctionBody (C:\Users\FUJITSU\Documents\PROJECTS\8w6s_profile\node_modules\next\dist\compiled\babel\bundle.js:191:378053)]
    [at TypeScriptParserMixin.parseArrowExpression (C:\Users\FUJITSU\Documents\PROJECTS\8w6s_profile\node_modules\next\dist\compiled\babel\bundle.js:191:377398)]
    [at TypeScriptParserMixin.parseParenAndDistinguishExpression (C:\Users\FUJITSU\Documents\PROJECTS\8w6s_profile\node_modules\next\dist\compiled\babel\bundle.js:191:369594)]
    [at TypeScriptParserMixin.parseExprAtom (C:\Users\FUJITSU\Documents\PROJECTS\8w6s_profile\node_modules\next\dist\compiled\babel\bundle.js:191:361477)]
    [at TypeScriptParserMixin.parseExprAtom (C:\Users\FUJITSU\Documents\PROJECTS\8w6s_profile\node_modules\next\dist\compiled\babel\bundle.js:191:269272)]
    [at TypeScriptParserMixin.parseExprSubscripts (C:\Users\FUJITSU\Documents\PROJECTS\8w6s_profile\node_modules\next\dist\compiled\babel\bundle.js:191:356364)]
    [at TypeScriptParserMixin.parseUpdate (C:\Users\FUJITSU\Documents\PROJECTS\8w6s_profile\node_modules\next\dist\compiled\babel\bundle.js:191:355963)]
    [at TypeScriptParserMixin.parseMaybeUnary (C:\Users\FUJITSU\Documents\PROJECTS\8w6s_profile\node_modules\next\dist\compiled\babel\bundle.js:191:355527)]
    [at TypeScriptParserMixin.parseMaybeUnary (C:\Users\FUJITSU\Documents\PROJECTS\8w6s_profile\node_modules\next\dist\compiled\babel\bundle.js:191:331837)]
    [at TypeScriptParserMixin.parseMaybeUnaryOrPrivate (C:\Users\FUJITSU\Documents\PROJECTS\8w6s_profile\node_modules\next\dist\compiled\babel\bundle.js:191:352169)]
    [at TypeScriptParserMixin.parseExprOps (C:\Users\FUJITSU\Documents\PROJECTS\8w6s_profile\node_modules\next\dist\compiled\babel\bundle.js:191:352281)]
    [at TypeScriptParserMixin.parseMaybeConditional (C:\Users\FUJITSU\Documents\PROJECTS\8w6s_profile\node_modules\next\dist\compiled\babel\bundle.js:191:351760)]
    [at TypeScriptParserMixin.parseMaybeAssign (C:\Users\FUJITSU\Documents\PROJECTS\8w6s_profile\node_modules\next\dist\compiled\babel\bundle.js:191:350714)]
    [at TypeScriptParserMixin.parseMaybeAssign (C:\Users\FUJITSU\Documents\PROJECTS\8w6s_profile\node_modules\next\dist\compiled\babel\bundle.js:191:330620)]
    [at C:\Users\FUJITSU\Documents\PROJECTS\8w6s_profile\node_modules\next\dist\compiled\babel\bundle.js:191:350260]
    [at TypeScriptParserMixin.allowInAnd (C:\Users\FUJITSU\Documents\PROJECTS\8w6s_profile\node_modules\next\dist\compiled\babel\bundle.js:191:383926)]
    [at TypeScriptParserMixin.parseMaybeAssignAllowIn (C:\Users\FUJITSU\Documents\PROJECTS\8w6s_profile\node_modules\next\dist\compiled\babel\bundle.js:191:350239)]
    [at TypeScriptParserMixin.parseVar (C:\Users\FUJITSU\Documents\PROJECTS\8w6s_profile\node_modules\next\dist\compiled\babel\bundle.js:191:402967)]
    [at TypeScriptParserMixin.parseVarStatement (C:\Users\FUJITSU\Documents\PROJECTS\8w6s_profile\node_modules\next\dist\compiled\babel\bundle.js:191:399366)]
    [at TypeScriptParserMixin.parseVarStatement (C:\Users\FUJITSU\Documents\PROJECTS\8w6s_profile\node_modules\next\dist\compiled\babel\bundle.js:191:323322)]
    [at TypeScriptParserMixin.parseStatementContent (C:\Users\FUJITSU\Documents\PROJECTS\8w6s_profile\node_modules\next\dist\compiled\babel\bundle.js:191:391398)]
    [at TypeScriptParserMixin.parseStatementContent (C:\Users\FUJITSU\Documents\PROJECTS\8w6s_profile\node_modules\next\dist\compiled\babel\bundle.js:191:324042)]
    [at TypeScriptParserMixin.parseStatementLike (C:\Users\FUJITSU\Documents\PROJECTS\8w6s_profile\node_modules\next\dist\compiled\babel\bundle.js:191:389494)]
    [at TypeScriptParserMixin.parseStatementListItem (C:\Users\FUJITSU\Documents\PROJECTS\8w6s_profile\node_modules\next\dist\compiled\babel\bundle.js:191:389120)]
    [at TypeScriptParserMixin.parseBlockOrModuleBlockBody (C:\Users\FUJITSU\Documents\PROJECTS\8w6s_profile\node_modules\next\dist\compiled\babel\bundle.js:191:401423)]
    [at TypeScriptParserMixin.parseBlockBody (C:\Users\FUJITSU\Documents\PROJECTS\8w6s_profile\node_modules\next\dist\compiled\babel\bundle.js:191:401223)]
    [at TypeScriptParserMixin.parseBlock (C:\Users\FUJITSU\Documents\PROJECTS\8w6s_profile\node_modules\next\dist\compiled\babel\bundle.js:191:400923)]
    [at TypeScriptParserMixin.parseFunctionBody (C:\Users\FUJITSU\Documents\PROJECTS\8w6s_profile\node_modules\next\dist\compiled\babel\bundle.js:191:378053)]
    [at TypeScriptParserMixin.parseFunctionBodyAndFinish (C:\Users\FUJITSU\Documents\PROJECTS\8w6s_profile\node_modules\next\dist\compiled\babel\bundle.js:191:377675)]
    [at TypeScriptParserMixin.parseFunctionBodyAndFinish (C:\Users\FUJITSU\Documents\PROJECTS\8w6s_profile\node_modules\next\dist\compiled\babel\bundle.js:191:318173)]

Import traces:
  Client Component Browser:
    ./app/admin/page.tsx [Client Component Browser]
    ./app/admin/page.tsx [Server Component]

  Client Component SSR:
    ./app/admin/page.tsx [Client Component SSR]
    ./app/admin/page.tsx [Server Component] @ http://localhost:3000/_next/static/chunks/node_modules_next_dist_0u_w_5s._.js:1945
[ 1223649ms] [ERROR] ./app/admin/page.tsx:665:15
the name `currentSkill` is defined multiple times
  663 |         if (!currentSkill) return;
  664 |
> 665 |         const currentSkill = newSkills[index];
      |               ^^^^^^^^^^^^
  666 |         const normalizedSkill = typeof currentSkill === 'object' && currentSkill !== null
  667 |             ? currentSkill
  668 |             : {

Ecmascript file had an error

Import traces:
  Client Component Browser:
    ./app/admin/page.tsx [Client Component Browser]
    ./app/admin/page.tsx [Server Component]

  Client Component SSR:
    ./app/admin/page.tsx [Client Component SSR]
    ./app/admin/page.tsx [Server Component] @ http://localhost:3000/_next/static/chunks/node_modules_next_dist_0u_w_5s._.js:1945
[ 1223654ms] [LOG] [Fast Refresh] rebuilding @ http://localhost:3000/_next/static/chunks/node_modules_next_dist_0u_w_5s._.js:1226
[ 1258406ms] [ERROR] ./app/admin/page.tsx
Error evaluating Node.js code
SyntaxError: C:\Users\FUJITSU\Documents\PROJECTS\8w6s_profile\app\admin\page.tsx: Identifier 'currentSkill' has already been declared. (665:14)

  663 |         if (!currentSkill) return;
  664 |
> 665 |         const currentSkill = newSkills[index];
      |               ^
  666 |         const normalizedSkill = typeof currentSkill === 'object' && currentSkill !== null
  667 |             ? currentSkill
  668 |             : {
  (from C:\Users\FUJITSU\Documents\PROJECTS\8w6s_profile\node_modules\next\dist\build\babel\loader\index.js)
    [at constructor (C:\Users\FUJITSU\Documents\PROJECTS\8w6s_profile\node_modules\next\dist\compiled\babel\bundle.js:191:137105)]
    [at TypeScriptParserMixin.raise (C:\Users\FUJITSU\Documents\PROJECTS\8w6s_profile\node_modules\next\dist\compiled\babel\bundle.js:191:194164)]
    [at TypeScriptScopeHandler.checkRedeclarationInScope (C:\Users\FUJITSU\Documents\PROJECTS\8w6s_profile\node_modules\next\dist\compiled\babel\bundle.js:191:163166)]
    [at TypeScriptScopeHandler.declareName (C:\Users\FUJITSU\Documents\PROJECTS\8w6s_profile\node_modules\next\dist\compiled\babel\bundle.js:191:162529)]
    [at TypeScriptScopeHandler.declareName (C:\Users\FUJITSU\Documents\PROJECTS\8w6s_profile\node_modules\next\dist\compiled\babel\bundle.js:191:271160)]
    [at TypeScriptParserMixin.declareNameFromIdentifier (C:\Users\FUJITSU\Documents\PROJECTS\8w6s_profile\node_modules\next\dist\compiled\babel\bundle.js:191:279226)]
    [at TypeScriptParserMixin.checkIdentifier (C:\Users\FUJITSU\Documents\PROJECTS\8w6s_profile\node_modules\next\dist\compiled\babel\bundle.js:191:279152)]
    [at TypeScriptParserMixin.checkLVal (C:\Users\FUJITSU\Documents\PROJECTS\8w6s_profile\node_modules\next\dist\compiled\babel\bundle.js:191:278197)]
    [at TypeScriptParserMixin.parseVarId (C:\Users\FUJITSU\Documents\PROJECTS\8w6s_profile\node_modules\next\dist\compiled\babel\bundle.js:191:403644)]
    [at TypeScriptParserMixin.parseVarId (C:\Users\FUJITSU\Documents\PROJECTS\8w6s_profile\node_modules\next\dist\compiled\babel\bundle.js:191:329902)]
    [at TypeScriptParserMixin.parseVar (C:\Users\FUJITSU\Documents\PROJECTS\8w6s_profile\node_modules\next\dist\compiled\babel\bundle.js:191:402884)]
    [at TypeScriptParserMixin.parseVarStatement (C:\Users\FUJITSU\Documents\PROJECTS\8w6s_profile\node_modules\next\dist\compiled\babel\bundle.js:191:399366)]
    [at TypeScriptParserMixin.parseVarStatement (C:\Users\FUJITSU\Documents\PROJECTS\8w6s_profile\node_modules\next\dist\compiled\babel\bundle.js:191:323322)]
    [at TypeScriptParserMixin.parseStatementContent (C:\Users\FUJITSU\Documents\PROJECTS\8w6s_profile\node_modules\next\dist\compiled\babel\bundle.js:191:391398)]
    [at TypeScriptParserMixin.parseStatementContent (C:\Users\FUJITSU\Documents\PROJECTS\8w6s_profile\node_modules\next\dist\compiled\babel\bundle.js:191:324042)]
    [at TypeScriptParserMixin.parseStatementLike (C:\Users\FUJITSU\Documents\PROJECTS\8w6s_profile\node_modules\next\dist\compiled\babel\bundle.js:191:389494)]
    [at TypeScriptParserMixin.parseStatementListItem (C:\Users\FUJITSU\Documents\PROJECTS\8w6s_profile\node_modules\next\dist\compiled\babel\bundle.js:191:389120)]
    [at TypeScriptParserMixin.parseBlockOrModuleBlockBody (C:\Users\FUJITSU\Documents\PROJECTS\8w6s_profile\node_modules\next\dist\compiled\babel\bundle.js:191:401423)]
    [at TypeScriptParserMixin.parseBlockBody (C:\Users\FUJITSU\Documents\PROJECTS\8w6s_profile\node_modules\next\dist\compiled\babel\bundle.js:191:401223)]
    [at TypeScriptParserMixin.parseBlock (C:\Users\FUJITSU\Documents\PROJECTS\8w6s_profile\node_modules\next\dist\compiled\babel\bundle.js:191:400923)]
    [at TypeScriptParserMixin.parseFunctionBody (C:\Users\FUJITSU\Documents\PROJECTS\8w6s_profile\node_modules\next\dist\compiled\babel\bundle.js:191:378053)]
    [at TypeScriptParserMixin.parseArrowExpression (C:\Users\FUJITSU\Documents\PROJECTS\8w6s_profile\node_modules\next\dist\compiled\babel\bundle.js:191:377398)]
    [at TypeScriptParserMixin.parseParenAndDistinguishExpression (C:\Users\FUJITSU\Documents\PROJECTS\8w6s_profile\node_modules\next\dist\compiled\babel\bundle.js:191:369594)]
    [at TypeScriptParserMixin.parseExprAtom (C:\Users\FUJITSU\Documents\PROJECTS\8w6s_profile\node_modules\next\dist\compiled\babel\bundle.js:191:361477)]
    [at TypeScriptParserMixin.parseExprAtom (C:\Users\FUJITSU\Documents\PROJECTS\8w6s_profile\node_modules\next\dist\compiled\babel\bundle.js:191:269272)]
    [at TypeScriptParserMixin.parseExprSubscripts (C:\Users\FUJITSU\Documents\PROJECTS\8w6s_profile\node_modules\next\dist\compiled\babel\bundle.js:191:356364)]
    [at TypeScriptParserMixin.parseUpdate (C:\Users\FUJITSU\Documents\PROJECTS\8w6s_profile\node_modules\next\dist\compiled\babel\bundle.js:191:355963)]
    [at TypeScriptParserMixin.parseMaybeUnary (C:\Users\FUJITSU\Documents\PROJECTS\8w6s_profile\node_modules\next\dist\compiled\babel\bundle.js:191:355527)]
    [at TypeScriptParserMixin.parseMaybeUnary (C:\Users\FUJITSU\Documents\PROJECTS\8w6s_profile\node_modules\next\dist\compiled\babel\bundle.js:191:331837)]
    [at TypeScriptParserMixin.parseMaybeUnaryOrPrivate (C:\Users\FUJITSU\Documents\PROJECTS\8w6s_profile\node_modules\next\dist\compiled\babel\bundle.js:191:352169)]
    [at TypeScriptParserMixin.parseExprOps (C:\Users\FUJITSU\Documents\PROJECTS\8w6s_profile\node_modules\next\dist\compiled\babel\bundle.js:191:352281)]
    [at TypeScriptParserMixin.parseMaybeConditional (C:\Users\FUJITSU\Documents\PROJECTS\8w6s_profile\node_modules\next\dist\compiled\babel\bundle.js:191:351760)]
    [at TypeScriptParserMixin.parseMaybeAssign (C:\Users\FUJITSU\Documents\PROJECTS\8w6s_profile\node_modules\next\dist\compiled\babel\bundle.js:191:350714)]
    [at TypeScriptParserMixin.parseMaybeAssign (C:\Users\FUJITSU\Documents\PROJECTS\8w6s_profile\node_modules\next\dist\compiled\babel\bundle.js:191:330620)]
    [at C:\Users\FUJITSU\Documents\PROJECTS\8w6s_profile\node_modules\next\dist\compiled\babel\bundle.js:191:350260]
    [at TypeScriptParserMixin.allowInAnd (C:\Users\FUJITSU\Documents\PROJECTS\8w6s_profile\node_modules\next\dist\compiled\babel\bundle.js:191:383926)]
    [at TypeScriptParserMixin.parseMaybeAssignAllowIn (C:\Users\FUJITSU\Documents\PROJECTS\8w6s_profile\node_modules\next\dist\compiled\babel\bundle.js:191:350239)]
    [at TypeScriptParserMixin.parseVar (C:\Users\FUJITSU\Documents\PROJECTS\8w6s_profile\node_modules\next\dist\compiled\babel\bundle.js:191:402967)]
    [at TypeScriptParserMixin.parseVarStatement (C:\Users\FUJITSU\Documents\PROJECTS\8w6s_profile\node_modules\next\dist\compiled\babel\bundle.js:191:399366)]
    [at TypeScriptParserMixin.parseVarStatement (C:\Users\FUJITSU\Documents\PROJECTS\8w6s_profile\node_modules\next\dist\compiled\babel\bundle.js:191:323322)]
    [at TypeScriptParserMixin.parseStatementContent (C:\Users\FUJITSU\Documents\PROJECTS\8w6s_profile\node_modules\next\dist\compiled\babel\bundle.js:191:391398)]
    [at TypeScriptParserMixin.parseStatementContent (C:\Users\FUJITSU\Documents\PROJECTS\8w6s_profile\node_modules\next\dist\compiled\babel\bundle.js:191:324042)]
    [at TypeScriptParserMixin.parseStatementLike (C:\Users\FUJITSU\Documents\PROJECTS\8w6s_profile\node_modules\next\dist\compiled\babel\bundle.js:191:389494)]
    [at TypeScriptParserMixin.parseStatementListItem (C:\Users\FUJITSU\Documents\PROJECTS\8w6s_profile\node_modules\next\dist\compiled\babel\bundle.js:191:389120)]
    [at TypeScriptParserMixin.parseBlockOrModuleBlockBody (C:\Users\FUJITSU\Documents\PROJECTS\8w6s_profile\node_modules\next\dist\compiled\babel\bundle.js:191:401423)]
    [at TypeScriptParserMixin.parseBlockBody (C:\Users\FUJITSU\Documents\PROJECTS\8w6s_profile\node_modules\next\dist\compiled\babel\bundle.js:191:401223)]
    [at TypeScriptParserMixin.parseBlock (C:\Users\FUJITSU\Documents\PROJECTS\8w6s_profile\node_modules\next\dist\compiled\babel\bundle.js:191:400923)]
    [at TypeScriptParserMixin.parseFunctionBody (C:\Users\FUJITSU\Documents\PROJECTS\8w6s_profile\node_modules\next\dist\compiled\babel\bundle.js:191:378053)]
    [at TypeScriptParserMixin.parseFunctionBodyAndFinish (C:\Users\FUJITSU\Documents\PROJECTS\8w6s_profile\node_modules\next\dist\compiled\babel\bundle.js:191:377675)]
    [at TypeScriptParserMixin.parseFunctionBodyAndFinish (C:\Users\FUJITSU\Documents\PROJECTS\8w6s_profile\node_modules\next\dist\compiled\babel\bundle.js:191:318173)]

Import traces:
  Client Component Browser:
    ./app/admin/page.tsx [Client Component Browser]
    ./app/admin/page.tsx [Server Component]

  Client Component SSR:
    ./app/admin/page.tsx [Client Component SSR]
    ./app/admin/page.tsx [Server Component] @ http://localhost:3000/_next/static/chunks/node_modules_next_dist_0u_w_5s._.js:1945
[ 1258407ms] [ERROR] ./app/admin/page.tsx:665:15
the name `currentSkill` is defined multiple times
  663 |         if (!currentSkill) return;
  664 |
> 665 |         const currentSkill = newSkills[index];
      |               ^^^^^^^^^^^^
  666 |         const normalizedSkill = typeof currentSkill === 'object' && currentSkill !== null
  667 |             ? currentSkill
  668 |             : {

Ecmascript file had an error

Import traces:
  Client Component Browser:
    ./app/admin/page.tsx [Client Component Browser]
    ./app/admin/page.tsx [Server Component]

  Client Component SSR:
    ./app/admin/page.tsx [Client Component SSR]
    ./app/admin/page.tsx [Server Component] @ http://localhost:3000/_next/static/chunks/node_modules_next_dist_0u_w_5s._.js:1945
[ 1258414ms] [LOG] [Fast Refresh] rebuilding @ http://localhost:3000/_next/static/chunks/node_modules_next_dist_0u_w_5s._.js:1226
[ 1259255ms] [ERROR] ./app/admin/page.tsx
Error evaluating Node.js code
SyntaxError: C:\Users\FUJITSU\Documents\PROJECTS\8w6s_profile\app\admin\page.tsx: Identifier 'currentSkill' has already been declared. (665:14)

  663 |         if (!currentSkill) return;
  664 |
> 665 |         const currentSkill = newSkills[index];
      |               ^
  666 |         const normalizedSkill = typeof currentSkill === 'object' && currentSkill !== null
  667 |             ? currentSkill
  668 |             : {
  (from C:\Users\FUJITSU\Documents\PROJECTS\8w6s_profile\node_modules\next\dist\build\babel\loader\index.js)
    [at constructor (C:\Users\FUJITSU\Documents\PROJECTS\8w6s_profile\node_modules\next\dist\compiled\babel\bundle.js:191:137105)]
    [at TypeScriptParserMixin.raise (C:\Users\FUJITSU\Documents\PROJECTS\8w6s_profile\node_modules\next\dist\compiled\babel\bundle.js:191:194164)]
    [at TypeScriptScopeHandler.checkRedeclarationInScope (C:\Users\FUJITSU\Documents\PROJECTS\8w6s_profile\node_modules\next\dist\compiled\babel\bundle.js:191:163166)]
    [at TypeScriptScopeHandler.declareName (C:\Users\FUJITSU\Documents\PROJECTS\8w6s_profile\node_modules\next\dist\compiled\babel\bundle.js:191:162529)]
    [at TypeScriptScopeHandler.declareName (C:\Users\FUJITSU\Documents\PROJECTS\8w6s_profile\node_modules\next\dist\compiled\babel\bundle.js:191:271160)]
    [at TypeScriptParserMixin.declareNameFromIdentifier (C:\Users\FUJITSU\Documents\PROJECTS\8w6s_profile\node_modules\next\dist\compiled\babel\bundle.js:191:279226)]
    [at TypeScriptParserMixin.checkIdentifier (C:\Users\FUJITSU\Documents\PROJECTS\8w6s_profile\node_modules\next\dist\compiled\babel\bundle.js:191:279152)]
    [at TypeScriptParserMixin.checkLVal (C:\Users\FUJITSU\Documents\PROJECTS\8w6s_profile\node_modules\next\dist\compiled\babel\bundle.js:191:278197)]
    [at TypeScriptParserMixin.parseVarId (C:\Users\FUJITSU\Documents\PROJECTS\8w6s_profile\node_modules\next\dist\compiled\babel\bundle.js:191:403644)]
    [at TypeScriptParserMixin.parseVarId (C:\Users\FUJITSU\Documents\PROJECTS\8w6s_profile\node_modules\next\dist\compiled\babel\bundle.js:191:329902)]
    [at TypeScriptParserMixin.parseVar (C:\Users\FUJITSU\Documents\PROJECTS\8w6s_profile\node_modules\next\dist\compiled\babel\bundle.js:191:402884)]
    [at TypeScriptParserMixin.parseVarStatement (C:\Users\FUJITSU\Documents\PROJECTS\8w6s_profile\node_modules\next\dist\compiled\babel\bundle.js:191:399366)]
    [at TypeScriptParserMixin.parseVarStatement (C:\Users\FUJITSU\Documents\PROJECTS\8w6s_profile\node_modules\next\dist\compiled\babel\bundle.js:191:323322)]
    [at TypeScriptParserMixin.parseStatementContent (C:\Users\FUJITSU\Documents\PROJECTS\8w6s_profile\node_modules\next\dist\compiled\babel\bundle.js:191:391398)]
    [at TypeScriptParserMixin.parseStatementContent (C:\Users\FUJITSU\Documents\PROJECTS\8w6s_profile\node_modules\next\dist\compiled\babel\bundle.js:191:324042)]
    [at TypeScriptParserMixin.parseStatementLike (C:\Users\FUJITSU\Documents\PROJECTS\8w6s_profile\node_modules\next\dist\compiled\babel\bundle.js:191:389494)]
    [at TypeScriptParserMixin.parseStatementListItem (C:\Users\FUJITSU\Documents\PROJECTS\8w6s_profile\node_modules\next\dist\compiled\babel\bundle.js:191:389120)]
    [at TypeScriptParserMixin.parseBlockOrModuleBlockBody (C:\Users\FUJITSU\Documents\PROJECTS\8w6s_profile\node_modules\next\dist\compiled\babel\bundle.js:191:401423)]
    [at TypeScriptParserMixin.parseBlockBody (C:\Users\FUJITSU\Documents\PROJECTS\8w6s_profile\node_modules\next\dist\compiled\babel\bundle.js:191:401223)]
    [at TypeScriptParserMixin.parseBlock (C:\Users\FUJITSU\Documents\PROJECTS\8w6s_profile\node_modules\next\dist\compiled\babel\bundle.js:191:400923)]
    [at TypeScriptParserMixin.parseFunctionBody (C:\Users\FUJITSU\Documents\PROJECTS\8w6s_profile\node_modules\next\dist\compiled\babel\bundle.js:191:378053)]
    [at TypeScriptParserMixin.parseArrowExpression (C:\Users\FUJITSU\Documents\PROJECTS\8w6s_profile\node_modules\next\dist\compiled\babel\bundle.js:191:377398)]
    [at TypeScriptParserMixin.parseParenAndDistinguishExpression (C:\Users\FUJITSU\Documents\PROJECTS\8w6s_profile\node_modules\next\dist\compiled\babel\bundle.js:191:369594)]
    [at TypeScriptParserMixin.parseExprAtom (C:\Users\FUJITSU\Documents\PROJECTS\8w6s_profile\node_modules\next\dist\compiled\babel\bundle.js:191:361477)]
    [at TypeScriptParserMixin.parseExprAtom (C:\Users\FUJITSU\Documents\PROJECTS\8w6s_profile\node_modules\next\dist\compiled\babel\bundle.js:191:269272)]
    [at TypeScriptParserMixin.parseExprSubscripts (C:\Users\FUJITSU\Documents\PROJECTS\8w6s_profile\node_modules\next\dist\compiled\babel\bundle.js:191:356364)]
    [at TypeScriptParserMixin.parseUpdate (C:\Users\FUJITSU\Documents\PROJECTS\8w6s_profile\node_modules\next\dist\compiled\babel\bundle.js:191:355963)]
    [at TypeScriptParserMixin.parseMaybeUnary (C:\Users\FUJITSU\Documents\PROJECTS\8w6s_profile\node_modules\next\dist\compiled\babel\bundle.js:191:355527)]
    [at TypeScriptParserMixin.parseMaybeUnary (C:\Users\FUJITSU\Documents\PROJECTS\8w6s_profile\node_modules\next\dist\compiled\babel\bundle.js:191:331837)]
    [at TypeScriptParserMixin.parseMaybeUnaryOrPrivate (C:\Users\FUJITSU\Documents\PROJECTS\8w6s_profile\node_modules\next\dist\compiled\babel\bundle.js:191:352169)]
    [at TypeScriptParserMixin.parseExprOps (C:\Users\FUJITSU\Documents\PROJECTS\8w6s_profile\node_modules\next\dist\compiled\babel\bundle.js:191:352281)]
    [at TypeScriptParserMixin.parseMaybeConditional (C:\Users\FUJITSU\Documents\PROJECTS\8w6s_profile\node_modules\next\dist\compiled\babel\bundle.js:191:351760)]
    [at TypeScriptParserMixin.parseMaybeAssign (C:\Users\FUJITSU\Documents\PROJECTS\8w6s_profile\node_modules\next\dist\compiled\babel\bundle.js:191:350714)]
    [at TypeScriptParserMixin.parseMaybeAssign (C:\Users\FUJITSU\Documents\PROJECTS\8w6s_profile\node_modules\next\dist\compiled\babel\bundle.js:191:330620)]
    [at C:\Users\FUJITSU\Documents\PROJECTS\8w6s_profile\node_modules\next\dist\compiled\babel\bundle.js:191:350260]
    [at TypeScriptParserMixin.allowInAnd (C:\Users\FUJITSU\Documents\PROJECTS\8w6s_profile\node_modules\next\dist\compiled\babel\bundle.js:191:383926)]
    [at TypeScriptParserMixin.parseMaybeAssignAllowIn (C:\Users\FUJITSU\Documents\PROJECTS\8w6s_profile\node_modules\next\dist\compiled\babel\bundle.js:191:350239)]
    [at TypeScriptParserMixin.parseVar (C:\Users\FUJITSU\Documents\PROJECTS\8w6s_profile\node_modules\next\dist\compiled\babel\bundle.js:191:402967)]
    [at TypeScriptParserMixin.parseVarStatement (C:\Users\FUJITSU\Documents\PROJECTS\8w6s_profile\node_modules\next\dist\compiled\babel\bundle.js:191:399366)]
    [at TypeScriptParserMixin.parseVarStatement (C:\Users\FUJITSU\Documents\PROJECTS\8w6s_profile\node_modules\next\dist\compiled\babel\bundle.js:191:323322)]
    [at TypeScriptParserMixin.parseStatementContent (C:\Users\FUJITSU\Documents\PROJECTS\8w6s_profile\node_modules\next\dist\compiled\babel\bundle.js:191:391398)]
    [at TypeScriptParserMixin.parseStatementContent (C:\Users\FUJITSU\Documents\PROJECTS\8w6s_profile\node_modules\next\dist\compiled\babel\bundle.js:191:324042)]
    [at TypeScriptParserMixin.parseStatementLike (C:\Users\FUJITSU\Documents\PROJECTS\8w6s_profile\node_modules\next\dist\compiled\babel\bundle.js:191:389494)]
    [at TypeScriptParserMixin.parseStatementListItem (C:\Users\FUJITSU\Documents\PROJECTS\8w6s_profile\node_modules\next\dist\compiled\babel\bundle.js:191:389120)]
    [at TypeScriptParserMixin.parseBlockOrModuleBlockBody (C:\Users\FUJITSU\Documents\PROJECTS\8w6s_profile\node_modules\next\dist\compiled\babel\bundle.js:191:401423)]
    [at TypeScriptParserMixin.parseBlockBody (C:\Users\FUJITSU\Documents\PROJECTS\8w6s_profile\node_modules\next\dist\compiled\babel\bundle.js:191:401223)]
    [at TypeScriptParserMixin.parseBlock (C:\Users\FUJITSU\Documents\PROJECTS\8w6s_profile\node_modules\next\dist\compiled\babel\bundle.js:191:400923)]
    [at TypeScriptParserMixin.parseFunctionBody (C:\Users\FUJITSU\Documents\PROJECTS\8w6s_profile\node_modules\next\dist\compiled\babel\bundle.js:191:378053)]
    [at TypeScriptParserMixin.parseFunctionBodyAndFinish (C:\Users\FUJITSU\Documents\PROJECTS\8w6s_profile\node_modules\next\dist\compiled\babel\bundle.js:191:377675)]
    [at TypeScriptParserMixin.parseFunctionBodyAndFinish (C:\Users\FUJITSU\Documents\PROJECTS\8w6s_profile\node_modules\next\dist\compiled\babel\bundle.js:191:318173)]

Import traces:
  Client Component Browser:
    ./app/admin/page.tsx [Client Component Browser]
    ./app/admin/page.tsx [Server Component]

  Client Component SSR:
    ./app/admin/page.tsx [Client Component SSR]
    ./app/admin/page.tsx [Server Component] @ http://localhost:3000/_next/static/chunks/node_modules_next_dist_0u_w_5s._.js:1945
[ 1259256ms] [ERROR] ./app/admin/page.tsx:665:15
the name `currentSkill` is defined multiple times
  663 |         if (!currentSkill) return;
  664 |
> 665 |         const currentSkill = newSkills[index];
      |               ^^^^^^^^^^^^
  666 |         const normalizedSkill = typeof currentSkill === 'object' && currentSkill !== null
  667 |             ? currentSkill
  668 |             : {

Ecmascript file had an error

Import traces:
  Client Component Browser:
    ./app/admin/page.tsx [Client Component Browser]
    ./app/admin/page.tsx [Server Component]

  Client Component SSR:
    ./app/admin/page.tsx [Client Component SSR]
    ./app/admin/page.tsx [Server Component] @ http://localhost:3000/_next/static/chunks/node_modules_next_dist_0u_w_5s._.js:1945
[ 1259309ms] [LOG] [Fast Refresh] rebuilding @ http://localhost:3000/_next/static/chunks/node_modules_next_dist_0u_w_5s._.js:1226
[ 1259453ms] [ERROR] ./app/admin/page.tsx
Error evaluating Node.js code
SyntaxError: C:\Users\FUJITSU\Documents\PROJECTS\8w6s_profile\app\admin\page.tsx: Identifier 'currentSkill' has already been declared. (665:14)

  663 |         if (!currentSkill) return;
  664 |
> 665 |         const currentSkill = newSkills[index];
      |               ^
  666 |         const normalizedSkill = typeof currentSkill === 'object' && currentSkill !== null
  667 |             ? currentSkill
  668 |             : {
  (from C:\Users\FUJITSU\Documents\PROJECTS\8w6s_profile\node_modules\next\dist\build\babel\loader\index.js)
    [at constructor (C:\Users\FUJITSU\Documents\PROJECTS\8w6s_profile\node_modules\next\dist\compiled\babel\bundle.js:191:137105)]
    [at TypeScriptParserMixin.raise (C:\Users\FUJITSU\Documents\PROJECTS\8w6s_profile\node_modules\next\dist\compiled\babel\bundle.js:191:194164)]
    [at TypeScriptScopeHandler.checkRedeclarationInScope (C:\Users\FUJITSU\Documents\PROJECTS\8w6s_profile\node_modules\next\dist\compiled\babel\bundle.js:191:163166)]
    [at TypeScriptScopeHandler.declareName (C:\Users\FUJITSU\Documents\PROJECTS\8w6s_profile\node_modules\next\dist\compiled\babel\bundle.js:191:162529)]
    [at TypeScriptScopeHandler.declareName (C:\Users\FUJITSU\Documents\PROJECTS\8w6s_profile\node_modules\next\dist\compiled\babel\bundle.js:191:271160)]
    [at TypeScriptParserMixin.declareNameFromIdentifier (C:\Users\FUJITSU\Documents\PROJECTS\8w6s_profile\node_modules\next\dist\compiled\babel\bundle.js:191:279226)]
    [at TypeScriptParserMixin.checkIdentifier (C:\Users\FUJITSU\Documents\PROJECTS\8w6s_profile\node_modules\next\dist\compiled\babel\bundle.js:191:279152)]
    [at TypeScriptParserMixin.checkLVal (C:\Users\FUJITSU\Documents\PROJECTS\8w6s_profile\node_modules\next\dist\compiled\babel\bundle.js:191:278197)]
    [at TypeScriptParserMixin.parseVarId (C:\Users\FUJITSU\Documents\PROJECTS\8w6s_profile\node_modules\next\dist\compiled\babel\bundle.js:191:403644)]
    [at TypeScriptParserMixin.parseVarId (C:\Users\FUJITSU\Documents\PROJECTS\8w6s_profile\node_modules\next\dist\compiled\babel\bundle.js:191:329902)]
    [at TypeScriptParserMixin.parseVar (C:\Users\FUJITSU\Documents\PROJECTS\8w6s_profile\node_modules\next\dist\compiled\babel\bundle.js:191:402884)]
    [at TypeScriptParserMixin.parseVarStatement (C:\Users\FUJITSU\Documents\PROJECTS\8w6s_profile\node_modules\next\dist\compiled\babel\bundle.js:191:399366)]
    [at TypeScriptParserMixin.parseVarStatement (C:\Users\FUJITSU\Documents\PROJECTS\8w6s_profile\node_modules\next\dist\compiled\babel\bundle.js:191:323322)]
    [at TypeScriptParserMixin.parseStatementContent (C:\Users\FUJITSU\Documents\PROJECTS\8w6s_profile\node_modules\next\dist\compiled\babel\bundle.js:191:391398)]
    [at TypeScriptParserMixin.parseStatementContent (C:\Users\FUJITSU\Documents\PROJECTS\8w6s_profile\node_modules\next\dist\compiled\babel\bundle.js:191:324042)]
    [at TypeScriptParserMixin.parseStatementLike (C:\Users\FUJITSU\Documents\PROJECTS\8w6s_profile\node_modules\next\dist\compiled\babel\bundle.js:191:389494)]
    [at TypeScriptParserMixin.parseStatementListItem (C:\Users\FUJITSU\Documents\PROJECTS\8w6s_profile\node_modules\next\dist\compiled\babel\bundle.js:191:389120)]
    [at TypeScriptParserMixin.parseBlockOrModuleBlockBody (C:\Users\FUJITSU\Documents\PROJECTS\8w6s_profile\node_modules\next\dist\compiled\babel\bundle.js:191:401423)]
    [at TypeScriptParserMixin.parseBlockBody (C:\Users\FUJITSU\Documents\PROJECTS\8w6s_profile\node_modules\next\dist\compiled\babel\bundle.js:191:401223)]
    [at TypeScriptParserMixin.parseBlock (C:\Users\FUJITSU\Documents\PROJECTS\8w6s_profile\node_modules\next\dist\compiled\babel\bundle.js:191:400923)]
    [at TypeScriptParserMixin.parseFunctionBody (C:\Users\FUJITSU\Documents\PROJECTS\8w6s_profile\node_modules\next\dist\compiled\babel\bundle.js:191:378053)]
    [at TypeScriptParserMixin.parseArrowExpression (C:\Users\FUJITSU\Documents\PROJECTS\8w6s_profile\node_modules\next\dist\compiled\babel\bundle.js:191:377398)]
    [at TypeScriptParserMixin.parseParenAndDistinguishExpression (C:\Users\FUJITSU\Documents\PROJECTS\8w6s_profile\node_modules\next\dist\compiled\babel\bundle.js:191:369594)]
    [at TypeScriptParserMixin.parseExprAtom (C:\Users\FUJITSU\Documents\PROJECTS\8w6s_profile\node_modules\next\dist\compiled\babel\bundle.js:191:361477)]
    [at TypeScriptParserMixin.parseExprAtom (C:\Users\FUJITSU\Documents\PROJECTS\8w6s_profile\node_modules\next\dist\compiled\babel\bundle.js:191:269272)]
    [at TypeScriptParserMixin.parseExprSubscripts (C:\Users\FUJITSU\Documents\PROJECTS\8w6s_profile\node_modules\next\dist\compiled\babel\bundle.js:191:356364)]
    [at TypeScriptParserMixin.parseUpdate (C:\Users\FUJITSU\Documents\PROJECTS\8w6s_profile\node_modules\next\dist\compiled\babel\bundle.js:191:355963)]
    [at TypeScriptParserMixin.parseMaybeUnary (C:\Users\FUJITSU\Documents\PROJECTS\8w6s_profile\node_modules\next\dist\compiled\babel\bundle.js:191:355527)]
    [at TypeScriptParserMixin.parseMaybeUnary (C:\Users\FUJITSU\Documents\PROJECTS\8w6s_profile\node_modules\next\dist\compiled\babel\bundle.js:191:331837)]
    [at TypeScriptParserMixin.parseMaybeUnaryOrPrivate (C:\Users\FUJITSU\Documents\PROJECTS\8w6s_profile\node_modules\next\dist\compiled\babel\bundle.js:191:352169)]
    [at TypeScriptParserMixin.parseExprOps (C:\Users\FUJITSU\Documents\PROJECTS\8w6s_profile\node_modules\next\dist\compiled\babel\bundle.js:191:352281)]
    [at TypeScriptParserMixin.parseMaybeConditional (C:\Users\FUJITSU\Documents\PROJECTS\8w6s_profile\node_modules\next\dist\compiled\babel\bundle.js:191:351760)]
    [at TypeScriptParserMixin.parseMaybeAssign (C:\Users\FUJITSU\Documents\PROJECTS\8w6s_profile\node_modules\next\dist\compiled\babel\bundle.js:191:350714)]
    [at TypeScriptParserMixin.parseMaybeAssign (C:\Users\FUJITSU\Documents\PROJECTS\8w6s_profile\node_modules\next\dist\compiled\babel\bundle.js:191:330620)]
    [at C:\Users\FUJITSU\Documents\PROJECTS\8w6s_profile\node_modules\next\dist\compiled\babel\bundle.js:191:350260]
    [at TypeScriptParserMixin.allowInAnd (C:\Users\FUJITSU\Documents\PROJECTS\8w6s_profile\node_modules\next\dist\compiled\babel\bundle.js:191:383926)]
    [at TypeScriptParserMixin.parseMaybeAssignAllowIn (C:\Users\FUJITSU\Documents\PROJECTS\8w6s_profile\node_modules\next\dist\compiled\babel\bundle.js:191:350239)]
    [at TypeScriptParserMixin.parseVar (C:\Users\FUJITSU\Documents\PROJECTS\8w6s_profile\node_modules\next\dist\compiled\babel\bundle.js:191:402967)]
    [at TypeScriptParserMixin.parseVarStatement (C:\Users\FUJITSU\Documents\PROJECTS\8w6s_profile\node_modules\next\dist\compiled\babel\bundle.js:191:399366)]
    [at TypeScriptParserMixin.parseVarStatement (C:\Users\FUJITSU\Documents\PROJECTS\8w6s_profile\node_modules\next\dist\compiled\babel\bundle.js:191:323322)]
    [at TypeScriptParserMixin.parseStatementContent (C:\Users\FUJITSU\Documents\PROJECTS\8w6s_profile\node_modules\next\dist\compiled\babel\bundle.js:191:391398)]
    [at TypeScriptParserMixin.parseStatementContent (C:\Users\FUJITSU\Documents\PROJECTS\8w6s_profile\node_modules\next\dist\compiled\babel\bundle.js:191:324042)]
    [at TypeScriptParserMixin.parseStatementLike (C:\Users\FUJITSU\Documents\PROJECTS\8w6s_profile\node_modules\next\dist\compiled\babel\bundle.js:191:389494)]
    [at TypeScriptParserMixin.parseStatementListItem (C:\Users\FUJITSU\Documents\PROJECTS\8w6s_profile\node_modules\next\dist\compiled\babel\bundle.js:191:389120)]
    [at TypeScriptParserMixin.parseBlockOrModuleBlockBody (C:\Users\FUJITSU\Documents\PROJECTS\8w6s_profile\node_modules\next\dist\compiled\babel\bundle.js:191:401423)]
    [at TypeScriptParserMixin.parseBlockBody (C:\Users\FUJITSU\Documents\PROJECTS\8w6s_profile\node_modules\next\dist\compiled\babel\bundle.js:191:401223)]
    [at TypeScriptParserMixin.parseBlock (C:\Users\FUJITSU\Documents\PROJECTS\8w6s_profile\node_modules\next\dist\compiled\babel\bundle.js:191:400923)]
    [at TypeScriptParserMixin.parseFunctionBody (C:\Users\FUJITSU\Documents\PROJECTS\8w6s_profile\node_modules\next\dist\compiled\babel\bundle.js:191:378053)]
    [at TypeScriptParserMixin.parseFunctionBodyAndFinish (C:\Users\FUJITSU\Documents\PROJECTS\8w6s_profile\node_modules\next\dist\compiled\babel\bundle.js:191:377675)]
    [at TypeScriptParserMixin.parseFunctionBodyAndFinish (C:\Users\FUJITSU\Documents\PROJECTS\8w6s_profile\node_modules\next\dist\compiled\babel\bundle.js:191:318173)]

Import traces:
  Client Component Browser:
    ./app/admin/page.tsx [Client Component Browser]
    ./app/admin/page.tsx [Server Component]

  Client Component SSR:
    ./app/admin/page.tsx [Client Component SSR]
    ./app/admin/page.tsx [Server Component] @ http://localhost:3000/_next/static/chunks/node_modules_next_dist_0u_w_5s._.js:1945
[ 1259456ms] [ERROR] ./app/admin/page.tsx:665:15
the name `currentSkill` is defined multiple times
  663 |         if (!currentSkill) return;
  664 |
> 665 |         const currentSkill = newSkills[index];
      |               ^^^^^^^^^^^^
  666 |         const normalizedSkill = typeof currentSkill === 'object' && currentSkill !== null
  667 |             ? currentSkill
  668 |             : {

Ecmascript file had an error

Import traces:
  Client Component Browser:
    ./app/admin/page.tsx [Client Component Browser]
    ./app/admin/page.tsx [Server Component]

  Client Component SSR:
    ./app/admin/page.tsx [Client Component SSR]
    ./app/admin/page.tsx [Server Component] @ http://localhost:3000/_next/static/chunks/node_modules_next_dist_0u_w_5s._.js:1945
[ 1259496ms] [LOG] [Fast Refresh] rebuilding @ http://localhost:3000/_next/static/chunks/node_modules_next_dist_0u_w_5s._.js:1226
[ 1296388ms] [LOG] [Fast Refresh] rebuilding @ http://localhost:3000/_next/static/chunks/node_modules_next_dist_0u_w_5s._.js:1226
[ 1304897ms] [LOG] [Fast Refresh] done in 8593ms @ http://localhost:3000/_next/static/chunks/node_modules_next_dist_0u_w_5s._.js:1226
[ 1306033ms] [LOG] [Fast Refresh] rebuilding @ http://localhost:3000/_next/static/chunks/node_modules_next_dist_0u_w_5s._.js:1226
[ 1312058ms] [LOG] [Fast Refresh] done in 6134ms @ http://localhost:3000/_next/static/chunks/node_modules_next_dist_0u_w_5s._.js:1226
[ 1313937ms] [INFO] %cDownload the React DevTools for a better development experience: https://react.dev/link/react-devtools font-weight:bold @ http://localhost:3000/_next/static/chunks/node_modules_next_dist_115brz8._.js:2431
[ 1314162ms] [LOG] [HMR] connected @ http://localhost:3000/_next/static/chunks/node_modules_next_dist_115brz8._.js:2431
[ 1315384ms] [LOG] [Fast Refresh] rebuilding @ http://localhost:3000/_next/static/chunks/node_modules_next_dist_115brz8._.js:2431
[ 1316289ms] [LOG] [Fast Refresh] done in 1013ms @ http://localhost:3000/_next/static/chunks/node_modules_next_dist_115brz8._.js:2431
[ 1317706ms] [ERROR] Failed to load resource: the server responded with a status of 401 (Unauthorized) @ http://localhost:3000/api/profile?mode=admin:0
[ 1317868ms] [VERBOSE] [DOM] Input elements should have autocomplete attributes (suggested: "current-password"): (More info: https://goo.gl/9p2vKq) %o @ http://localhost:3000/admin:0
[ 1326017ms] [ERROR] Failed to load resource: the server responded with a status of 401 (Unauthorized) @ http://localhost:3000/api/profile?mode=admin:0
[ 1335836ms] [ERROR] Failed to load resource: the server responded with a status of 401 (Unauthorized) @ http://localhost:3000/api/profile?mode=admin:0
[ 1345827ms] [ERROR] Failed to load resource: the server responded with a status of 401 (Unauthorized) @ http://localhost:3000/api/profile?mode=admin:0
[ 1355818ms] [ERROR] Failed to load resource: the server responded with a status of 401 (Unauthorized) @ http://localhost:3000/api/profile?mode=admin:0
[ 1365851ms] [ERROR] Failed to load resource: the server responded with a status of 401 (Unauthorized) @ http://localhost:3000/api/profile?mode=admin:0
[ 1375844ms] [ERROR] Failed to load resource: the server responded with a status of 401 (Unauthorized) @ http://localhost:3000/api/profile?mode=admin:0
[ 1385815ms] [ERROR] Failed to load resource: the server responded with a status of 401 (Unauthorized) @ http://localhost:3000/api/profile?mode=admin:0
[ 1395794ms] [ERROR] Failed to load resource: the server responded with a status of 401 (Unauthorized) @ http://localhost:3000/api/profile?mode=admin:0
[ 1405805ms] [ERROR] Failed to load resource: the server responded with a status of 401 (Unauthorized) @ http://localhost:3000/api/profile?mode=admin:0
[ 1407283ms] [LOG] [Fast Refresh] rebuilding @ http://localhost:3000/_next/static/chunks/node_modules_next_dist_115brz8._.js:2431
[ 1412552ms] [LOG] [Fast Refresh] done in 5232ms @ http://localhost:3000/_next/static/chunks/node_modules_next_dist_115brz8._.js:2431
[ 1415771ms] [ERROR] Failed to load resource: the server responded with a status of 401 (Unauthorized) @ http://localhost:3000/api/profile?mode=admin:0
[ 1425916ms] [ERROR] Failed to load resource: the server responded with a status of 401 (Unauthorized) @ http://localhost:3000/api/profile?mode=admin:0
[ 1435849ms] [ERROR] Failed to load resource: the server responded with a status of 401 (Unauthorized) @ http://localhost:3000/api/profile?mode=admin:0
[ 1445805ms] [ERROR] Failed to load resource: the server responded with a status of 401 (Unauthorized) @ http://localhost:3000/api/profile?mode=admin:0
[ 1451706ms] [LOG] [Fast Refresh] rebuilding @ http://localhost:3000/_next/static/chunks/node_modules_next_dist_115brz8._.js:2431
[ 1451755ms] [LOG] [Fast Refresh] done in 155ms @ http://localhost:3000/_next/static/chunks/node_modules_next_dist_115brz8._.js:2431
[ 1456035ms] [ERROR] Failed to load resource: the server responded with a status of 401 (Unauthorized) @ http://localhost:3000/api/profile?mode=admin:0
[ 1465836ms] [ERROR] Failed to load resource: the server responded with a status of 401 (Unauthorized) @ http://localhost:3000/api/profile?mode=admin:0
[ 1475819ms] [ERROR] Failed to load resource: the server responded with a status of 401 (Unauthorized) @ http://localhost:3000/api/profile?mode=admin:0
[ 1485788ms] [ERROR] Failed to load resource: the server responded with a status of 401 (Unauthorized) @ http://localhost:3000/api/profile?mode=admin:0
[ 1495782ms] [ERROR] Failed to load resource: the server responded with a status of 401 (Unauthorized) @ http://localhost:3000/api/profile?mode=admin:0
[ 1499397ms] [LOG] [Fast Refresh] rebuilding @ http://localhost:3000/_next/static/chunks/node_modules_next_dist_115brz8._.js:2431
[ 1502891ms] [LOG] [Fast Refresh] done in 3376ms @ http://localhost:3000/_next/static/chunks/node_modules_next_dist_115brz8._.js:2431
[ 1505805ms] [ERROR] Failed to load resource: the server responded with a status of 401 (Unauthorized) @ http://localhost:3000/api/profile?mode=admin:0
[ 1511796ms] [LOG] [Fast Refresh] rebuilding @ http://localhost:3000/_next/static/chunks/node_modules_next_dist_115brz8._.js:2431
[ 1511923ms] [LOG] [Fast Refresh] done in 243ms @ http://localhost:3000/_next/static/chunks/node_modules_next_dist_115brz8._.js:2431
[ 1515888ms] [ERROR] Failed to load resource: the server responded with a status of 401 (Unauthorized) @ http://localhost:3000/api/profile?mode=admin:0
[ 1526085ms] [ERROR] Failed to load resource: the server responded with a status of 401 (Unauthorized) @ http://localhost:3000/api/profile?mode=admin:0
[ 1535844ms] [ERROR] Failed to load resource: the server responded with a status of 401 (Unauthorized) @ http://localhost:3000/api/profile?mode=admin:0
[ 1545776ms] [ERROR] Failed to load resource: the server responded with a status of 401 (Unauthorized) @ http://localhost:3000/api/profile?mode=admin:0
[ 1555831ms] [ERROR] Failed to load resource: the server responded with a status of 401 (Unauthorized) @ http://localhost:3000/api/profile?mode=admin:0
[ 1565937ms] [ERROR] Failed to load resource: the server responded with a status of 401 (Unauthorized) @ http://localhost:3000/api/profile?mode=admin:0
[ 1575789ms] [ERROR] Failed to load resource: the server responded with a status of 401 (Unauthorized) @ http://localhost:3000/api/profile?mode=admin:0
[ 1585908ms] [ERROR] Failed to load resource: the server responded with a status of 401 (Unauthorized) @ http://localhost:3000/api/profile?mode=admin:0
[ 1595829ms] [ERROR] Failed to load resource: the server responded with a status of 401 (Unauthorized) @ http://localhost:3000/api/profile?mode=admin:0
[ 1605795ms] [ERROR] Failed to load resource: the server responded with a status of 401 (Unauthorized) @ http://localhost:3000/api/profile?mode=admin:0
[ 1615800ms] [ERROR] Failed to load resource: the server responded with a status of 401 (Unauthorized) @ http://localhost:3000/api/profile?mode=admin:0
[ 1625747ms] [ERROR] Failed to load resource: the server responded with a status of 401 (Unauthorized) @ http://localhost:3000/api/profile?mode=admin:0
[ 1635742ms] [ERROR] Failed to load resource: the server responded with a status of 401 (Unauthorized) @ http://localhost:3000/api/profile?mode=admin:0
[ 1645793ms] [ERROR] Failed to load resource: the server responded with a status of 401 (Unauthorized) @ http://localhost:3000/api/profile?mode=admin:0
[ 1655768ms] [ERROR] Failed to load resource: the server responded with a status of 401 (Unauthorized) @ http://localhost:3000/api/profile?mode=admin:0
[ 1665943ms] [LOG] [Fast Refresh] rebuilding @ http://localhost:3000/_next/static/chunks/node_modules_next_dist_115brz8._.js:2431
[ 1666024ms] [LOG] [Fast Refresh] done in 219ms @ http://localhost:3000/_next/static/chunks/node_modules_next_dist_115brz8._.js:2431
[ 1666660ms] [ERROR] Failed to load resource: the server responded with a status of 401 (Unauthorized) @ http://localhost:3000/api/profile?mode=admin:0
[ 1675833ms] [ERROR] Failed to load resource: the server responded with a status of 401 (Unauthorized) @ http://localhost:3000/api/profile?mode=admin:0
[ 1686609ms] [ERROR] Failed to load resource: the server responded with a status of 401 (Unauthorized) @ http://localhost:3000/api/profile?mode=admin:0
[ 1695735ms] [ERROR] Failed to load resource: the server responded with a status of 401 (Unauthorized) @ http://localhost:3000/api/profile?mode=admin:0
[ 1705752ms] [ERROR] Failed to load resource: the server responded with a status of 401 (Unauthorized) @ http://localhost:3000/api/profile?mode=admin:0
[ 1715793ms] [ERROR] Failed to load resource: the server responded with a status of 401 (Unauthorized) @ http://localhost:3000/api/profile?mode=admin:0
[ 1725809ms] [ERROR] Failed to load resource: the server responded with a status of 401 (Unauthorized) @ http://localhost:3000/api/profile?mode=admin:0
[ 1735869ms] [ERROR] Failed to load resource: the server responded with a status of 401 (Unauthorized) @ http://localhost:3000/api/profile?mode=admin:0
[ 1745776ms] [ERROR] Failed to load resource: the server responded with a status of 401 (Unauthorized) @ http://localhost:3000/api/profile?mode=admin:0
[ 1755763ms] [ERROR] Failed to load resource: the server responded with a status of 401 (Unauthorized) @ http://localhost:3000/api/profile?mode=admin:0
[ 1765766ms] [ERROR] Failed to load resource: the server responded with a status of 401 (Unauthorized) @ http://localhost:3000/api/profile?mode=admin:0
[ 1775744ms] [ERROR] Failed to load resource: the server responded with a status of 401 (Unauthorized) @ http://localhost:3000/api/profile?mode=admin:0
[ 1785718ms] [ERROR] Failed to load resource: the server responded with a status of 401 (Unauthorized) @ http://localhost:3000/api/profile?mode=admin:0
[ 1795819ms] [ERROR] Failed to load resource: the server responded with a status of 401 (Unauthorized) @ http://localhost:3000/api/profile?mode=admin:0
[ 1805846ms] [ERROR] Failed to load resource: the server responded with a status of 401 (Unauthorized) @ http://localhost:3000/api/profile?mode=admin:0
[ 1816411ms] [ERROR] Failed to load resource: the server responded with a status of 401 (Unauthorized) @ http://localhost:3000/api/profile?mode=admin:0
[ 1825743ms] [ERROR] Failed to load resource: the server responded with a status of 401 (Unauthorized) @ http://localhost:3000/api/profile?mode=admin:0
[ 1832510ms] [LOG] [Fast Refresh] rebuilding @ http://localhost:3000/_next/static/chunks/node_modules_next_dist_115brz8._.js:2431
[ 1834085ms] [LOG] [Fast Refresh] done in 1514ms @ http://localhost:3000/_next/static/chunks/node_modules_next_dist_115brz8._.js:2431
[ 1834381ms] [LOG] [Fast Refresh] rebuilding @ http://localhost:3000/_next/static/chunks/node_modules_next_dist_115brz8._.js:2431
[ 1834890ms] [LOG] [Fast Refresh] done in 613ms @ http://localhost:3000/_next/static/chunks/node_modules_next_dist_115brz8._.js:2431
[ 1835419ms] [LOG] [Fast Refresh] rebuilding @ http://localhost:3000/_next/static/chunks/node_modules_next_dist_115brz8._.js:2431
[ 1835631ms] [LOG] [Fast Refresh] done in 315ms @ http://localhost:3000/_next/static/chunks/node_modules_next_dist_115brz8._.js:2431
[ 1836116ms] [ERROR] Failed to load resource: the server responded with a status of 401 (Unauthorized) @ http://localhost:3000/api/profile?mode=admin:0
[ 1845776ms] [ERROR] Failed to load resource: the server responded with a status of 401 (Unauthorized) @ http://localhost:3000/api/profile?mode=admin:0
[ 1855757ms] [ERROR] Failed to load resource: the server responded with a status of 401 (Unauthorized) @ http://localhost:3000/api/profile?mode=admin:0
[ 1865845ms] [LOG] [Fast Refresh] rebuilding @ http://localhost:3000/_next/static/chunks/node_modules_next_dist_115brz8._.js:2431
[ 1865908ms] [LOG] [Fast Refresh] done in 189ms @ http://localhost:3000/_next/static/chunks/node_modules_next_dist_115brz8._.js:2431
[ 1866602ms] [ERROR] Failed to load resource: the server responded with a status of 401 (Unauthorized) @ http://localhost:3000/api/profile?mode=admin:0
[ 1875787ms] [ERROR] Failed to load resource: the server responded with a status of 401 (Unauthorized) @ http://localhost:3000/api/profile?mode=admin:0
[ 1885747ms] [ERROR] Failed to load resource: the server responded with a status of 401 (Unauthorized) @ http://localhost:3000/api/profile?mode=admin:0
[ 1895836ms] [ERROR] Failed to load resource: the server responded with a status of 401 (Unauthorized) @ http://localhost:3000/api/profile?mode=admin:0
[ 1905775ms] [ERROR] Failed to load resource: the server responded with a status of 401 (Unauthorized) @ http://localhost:3000/api/profile?mode=admin:0
[ 1915905ms] [ERROR] Failed to load resource: the server responded with a status of 401 (Unauthorized) @ http://localhost:3000/api/profile?mode=admin:0
[ 1925875ms] [ERROR] Failed to load resource: the server responded with a status of 401 (Unauthorized) @ http://localhost:3000/api/profile?mode=admin:0
[ 1935699ms] [LOG] [Fast Refresh] rebuilding @ http://localhost:3000/_next/static/chunks/node_modules_next_dist_115brz8._.js:2431
[ 1935767ms] [LOG] [Fast Refresh] done in 172ms @ http://localhost:3000/_next/static/chunks/node_modules_next_dist_115brz8._.js:2431
[ 1936796ms] [ERROR] Failed to load resource: the server responded with a status of 401 (Unauthorized) @ http://localhost:3000/api/profile?mode=admin:0
[ 1946031ms] [ERROR] Failed to load resource: the server responded with a status of 401 (Unauthorized) @ http://localhost:3000/api/profile?mode=admin:0
[ 1955985ms] [ERROR] Failed to load resource: the server responded with a status of 401 (Unauthorized) @ http://localhost:3000/api/profile?mode=admin:0
[ 1965840ms] [ERROR] Failed to load resource: the server responded with a status of 401 (Unauthorized) @ http://localhost:3000/api/profile?mode=admin:0
[ 1975834ms] [ERROR] Failed to load resource: the server responded with a status of 401 (Unauthorized) @ http://localhost:3000/api/profile?mode=admin:0
[ 1985809ms] [ERROR] Failed to load resource: the server responded with a status of 401 (Unauthorized) @ http://localhost:3000/api/profile?mode=admin:0
[ 1995844ms] [ERROR] Failed to load resource: the server responded with a status of 401 (Unauthorized) @ http://localhost:3000/api/profile?mode=admin:0
[ 2005891ms] [ERROR] Failed to load resource: the server responded with a status of 401 (Unauthorized) @ http://localhost:3000/api/profile?mode=admin:0
[ 2015768ms] [ERROR] Failed to load resource: the server responded with a status of 401 (Unauthorized) @ http://localhost:3000/api/profile?mode=admin:0
[ 2025781ms] [ERROR] Failed to load resource: the server responded with a status of 401 (Unauthorized) @ http://localhost:3000/api/profile?mode=admin:0
[ 2035735ms] [ERROR] Failed to load resource: the server responded with a status of 401 (Unauthorized) @ http://localhost:3000/api/profile?mode=admin:0
[ 2045770ms] [ERROR] Failed to load resource: the server responded with a status of 401 (Unauthorized) @ http://localhost:3000/api/profile?mode=admin:0
[ 2055784ms] [ERROR] Failed to load resource: the server responded with a status of 401 (Unauthorized) @ http://localhost:3000/api/profile?mode=admin:0
[ 2065791ms] [ERROR] Failed to load resource: the server responded with a status of 401 (Unauthorized) @ http://localhost:3000/api/profile?mode=admin:0
[ 2075789ms] [LOG] [Fast Refresh] rebuilding @ http://localhost:3000/_next/static/chunks/node_modules_next_dist_115brz8._.js:2431
[ 2075817ms] [LOG] [Fast Refresh] done in 140ms @ http://localhost:3000/_next/static/chunks/node_modules_next_dist_115brz8._.js:2431
[ 2076401ms] [ERROR] Failed to load resource: the server responded with a status of 401 (Unauthorized) @ http://localhost:3000/api/profile?mode=admin:0
[ 2085830ms] [ERROR] Failed to load resource: the server responded with a status of 401 (Unauthorized) @ http://localhost:3000/api/profile?mode=admin:0
[ 2095766ms] [ERROR] Failed to load resource: the server responded with a status of 401 (Unauthorized) @ http://localhost:3000/api/profile?mode=admin:0
[ 2105760ms] [ERROR] Failed to load resource: the server responded with a status of 401 (Unauthorized) @ http://localhost:3000/api/profile?mode=admin:0
[ 2115781ms] [ERROR] Failed to load resource: the server responded with a status of 401 (Unauthorized) @ http://localhost:3000/api/profile?mode=admin:0
[ 2125781ms] [ERROR] Failed to load resource: the server responded with a status of 401 (Unauthorized) @ http://localhost:3000/api/profile?mode=admin:0
[ 2135829ms] [ERROR] Failed to load resource: the server responded with a status of 401 (Unauthorized) @ http://localhost:3000/api/profile?mode=admin:0
[ 2145827ms] [ERROR] Failed to load resource: the server responded with a status of 401 (Unauthorized) @ http://localhost:3000/api/profile?mode=admin:0
[ 2155816ms] [ERROR] Failed to load resource: the server responded with a status of 401 (Unauthorized) @ http://localhost:3000/api/profile?mode=admin:0
[ 2161771ms] [LOG] [Fast Refresh] rebuilding @ http://localhost:3000/_next/static/chunks/node_modules_next_dist_115brz8._.js:2431
[ 2161815ms] [LOG] [Fast Refresh] done in 154ms @ http://localhost:3000/_next/static/chunks/node_modules_next_dist_115brz8._.js:2431
[ 2165743ms] [ERROR] Failed to load resource: the server responded with a status of 401 (Unauthorized) @ http://localhost:3000/api/profile?mode=admin:0
[ 2176019ms] [ERROR] Failed to load resource: the server responded with a status of 401 (Unauthorized) @ http://localhost:3000/api/profile?mode=admin:0
[ 2185773ms] [ERROR] Failed to load resource: the server responded with a status of 401 (Unauthorized) @ http://localhost:3000/api/profile?mode=admin:0
[ 2195736ms] [ERROR] Failed to load resource: the server responded with a status of 401 (Unauthorized) @ http://localhost:3000/api/profile?mode=admin:0
[ 2205845ms] [ERROR] Failed to load resource: the server responded with a status of 401 (Unauthorized) @ http://localhost:3000/api/profile?mode=admin:0
[ 2215841ms] [ERROR] Failed to load resource: the server responded with a status of 401 (Unauthorized) @ http://localhost:3000/api/profile?mode=admin:0
[ 2225802ms] [ERROR] Failed to load resource: the server responded with a status of 401 (Unauthorized) @ http://localhost:3000/api/profile?mode=admin:0
[ 2235790ms] [ERROR] Failed to load resource: the server responded with a status of 401 (Unauthorized) @ http://localhost:3000/api/profile?mode=admin:0
[ 2245746ms] [ERROR] Failed to load resource: the server responded with a status of 401 (Unauthorized) @ http://localhost:3000/api/profile?mode=admin:0
[ 2255721ms] [ERROR] Failed to load resource: the server responded with a status of 401 (Unauthorized) @ http://localhost:3000/api/profile?mode=admin:0
[ 2265766ms] [ERROR] Failed to load resource: the server responded with a status of 401 (Unauthorized) @ http://localhost:3000/api/profile?mode=admin:0
[ 2275829ms] [ERROR] Failed to load resource: the server responded with a status of 401 (Unauthorized) @ http://localhost:3000/api/profile?mode=admin:0
[ 2285797ms] [ERROR] Failed to load resource: the server responded with a status of 401 (Unauthorized) @ http://localhost:3000/api/profile?mode=admin:0
[ 2295803ms] [ERROR] Failed to load resource: the server responded with a status of 401 (Unauthorized) @ http://localhost:3000/api/profile?mode=admin:0
[ 2305749ms] [ERROR] Failed to load resource: the server responded with a status of 401 (Unauthorized) @ http://localhost:3000/api/profile?mode=admin:0
[ 2315737ms] [ERROR] Failed to load resource: the server responded with a status of 401 (Unauthorized) @ http://localhost:3000/api/profile?mode=admin:0
[ 2325737ms] [ERROR] Failed to load resource: the server responded with a status of 401 (Unauthorized) @ http://localhost:3000/api/profile?mode=admin:0
[ 2335741ms] [ERROR] Failed to load resource: the server responded with a status of 401 (Unauthorized) @ http://localhost:3000/api/profile?mode=admin:0
[ 2345851ms] [LOG] [Fast Refresh] rebuilding @ http://localhost:3000/_next/static/chunks/node_modules_next_dist_115brz8._.js:2431
[ 2346074ms] [LOG] [Fast Refresh] done in 343ms @ http://localhost:3000/_next/static/chunks/node_modules_next_dist_115brz8._.js:2431
[ 2346719ms] [ERROR] Failed to load resource: the server responded with a status of 401 (Unauthorized) @ http://localhost:3000/api/profile?mode=admin:0
[ 2355765ms] [ERROR] Failed to load resource: the server responded with a status of 401 (Unauthorized) @ http://localhost:3000/api/profile?mode=admin:0
[ 2365741ms] [ERROR] Failed to load resource: the server responded with a status of 401 (Unauthorized) @ http://localhost:3000/api/profile?mode=admin:0
[ 2375766ms] [ERROR] Failed to load resource: the server responded with a status of 401 (Unauthorized) @ http://localhost:3000/api/profile?mode=admin:0
[ 2385731ms] [ERROR] Failed to load resource: the server responded with a status of 401 (Unauthorized) @ http://localhost:3000/api/profile?mode=admin:0
[ 2395732ms] [ERROR] Failed to load resource: the server responded with a status of 401 (Unauthorized) @ http://localhost:3000/api/profile?mode=admin:0
[ 2405815ms] [ERROR] Failed to load resource: the server responded with a status of 401 (Unauthorized) @ http://localhost:3000/api/profile?mode=admin:0
[ 2410694ms] [LOG] [Fast Refresh] rebuilding @ http://localhost:3000/_next/static/chunks/node_modules_next_dist_115brz8._.js:2431
[ 2410716ms] [LOG] [Fast Refresh] done in 132ms @ http://localhost:3000/_next/static/chunks/node_modules_next_dist_115brz8._.js:2431
[ 2415371ms] [LOG] [Fast Refresh] rebuilding @ http://localhost:3000/_next/static/chunks/node_modules_next_dist_115brz8._.js:2431
[ 2415533ms] [LOG] [Fast Refresh] done in 263ms @ http://localhost:3000/_next/static/chunks/node_modules_next_dist_115brz8._.js:2431
[ 2416046ms] [ERROR] Failed to load resource: the server responded with a status of 401 (Unauthorized) @ http://localhost:3000/api/profile?mode=admin:0
[ 2425765ms] [ERROR] Failed to load resource: the server responded with a status of 401 (Unauthorized) @ http://localhost:3000/api/profile?mode=admin:0
[ 2435756ms] [ERROR] Failed to load resource: the server responded with a status of 401 (Unauthorized) @ http://localhost:3000/api/profile?mode=admin:0
[ 2445466ms] [LOG] [Fast Refresh] rebuilding @ http://localhost:3000/_next/static/chunks/node_modules_next_dist_115brz8._.js:2431
[ 2446174ms] [LOG] [Fast Refresh] done in 813ms @ http://localhost:3000/_next/static/chunks/node_modules_next_dist_115brz8._.js:2431
[ 2446436ms] [ERROR] Failed to load resource: the server responded with a status of 401 (Unauthorized) @ http://localhost:3000/api/profile?mode=admin:0
[ 2455729ms] [ERROR] Failed to load resource: the server responded with a status of 401 (Unauthorized) @ http://localhost:3000/api/profile?mode=admin:0
[ 2465782ms] [ERROR] Failed to load resource: the server responded with a status of 401 (Unauthorized) @ http://localhost:3000/api/profile?mode=admin:0
[ 2476286ms] [ERROR] Failed to load resource: the server responded with a status of 401 (Unauthorized) @ http://localhost:3000/api/profile?mode=admin:0
[ 2485812ms] [ERROR] Failed to load resource: the server responded with a status of 401 (Unauthorized) @ http://localhost:3000/api/profile?mode=admin:0
[ 2495779ms] [ERROR] Failed to load resource: the server responded with a status of 401 (Unauthorized) @ http://localhost:3000/api/profile?mode=admin:0
[ 2505780ms] [ERROR] Failed to load resource: the server responded with a status of 401 (Unauthorized) @ http://localhost:3000/api/profile?mode=admin:0
[ 2515763ms] [ERROR] Failed to load resource: the server responded with a status of 401 (Unauthorized) @ http://localhost:3000/api/profile?mode=admin:0
[ 2525743ms] [ERROR] Failed to load resource: the server responded with a status of 401 (Unauthorized) @ http://localhost:3000/api/profile?mode=admin:0
[ 2535830ms] [ERROR] Failed to load resource: the server responded with a status of 401 (Unauthorized) @ http://localhost:3000/api/profile?mode=admin:0
[ 2545973ms] [LOG] [Fast Refresh] rebuilding @ http://localhost:3000/_next/static/chunks/node_modules_next_dist_115brz8._.js:2431
[ 2546069ms] [LOG] [Fast Refresh] done in 208ms @ http://localhost:3000/_next/static/chunks/node_modules_next_dist_115brz8._.js:2431
[ 2547217ms] [ERROR] Failed to load resource: the server responded with a status of 401 (Unauthorized) @ http://localhost:3000/api/profile?mode=admin:0
[ 2555815ms] [ERROR] Failed to load resource: the server responded with a status of 401 (Unauthorized) @ http://localhost:3000/api/profile?mode=admin:0
[ 2565788ms] [ERROR] Failed to load resource: the server responded with a status of 401 (Unauthorized) @ http://localhost:3000/api/profile?mode=admin:0
[ 2575780ms] [ERROR] Failed to load resource: the server responded with a status of 401 (Unauthorized) @ http://localhost:3000/api/profile?mode=admin:0
[ 2585805ms] [ERROR] Failed to load resource: the server responded with a status of 401 (Unauthorized) @ http://localhost:3000/api/profile?mode=admin:0
[ 2595786ms] [ERROR] Failed to load resource: the server responded with a status of 401 (Unauthorized) @ http://localhost:3000/api/profile?mode=admin:0
[ 2605729ms] [ERROR] Failed to load resource: the server responded with a status of 401 (Unauthorized) @ http://localhost:3000/api/profile?mode=admin:0
[ 2615727ms] [LOG] [Fast Refresh] rebuilding @ http://localhost:3000/_next/static/chunks/node_modules_next_dist_115brz8._.js:2431
[ 2615841ms] [LOG] [Fast Refresh] done in 228ms @ http://localhost:3000/_next/static/chunks/node_modules_next_dist_115brz8._.js:2431
[ 2616515ms] [ERROR] Failed to load resource: the server responded with a status of 401 (Unauthorized) @ http://localhost:3000/api/profile?mode=admin:0
[ 2625808ms] [ERROR] Failed to load resource: the server responded with a status of 401 (Unauthorized) @ http://localhost:3000/api/profile?mode=admin:0
[ 2635807ms] [ERROR] Failed to load resource: the server responded with a status of 401 (Unauthorized) @ http://localhost:3000/api/profile?mode=admin:0
[ 2645741ms] [ERROR] Failed to load resource: the server responded with a status of 401 (Unauthorized) @ http://localhost:3000/api/profile?mode=admin:0
[ 2655735ms] [ERROR] Failed to load resource: the server responded with a status of 401 (Unauthorized) @ http://localhost:3000/api/profile?mode=admin:0
[ 2665763ms] [ERROR] Failed to load resource: the server responded with a status of 401 (Unauthorized) @ http://localhost:3000/api/profile?mode=admin:0
[ 2675811ms] [ERROR] Failed to load resource: the server responded with a status of 401 (Unauthorized) @ http://localhost:3000/api/profile?mode=admin:0
[ 2685881ms] [ERROR] Failed to load resource: the server responded with a status of 401 (Unauthorized) @ http://localhost:3000/api/profile?mode=admin:0
[ 2695799ms] [ERROR] Failed to load resource: the server responded with a status of 401 (Unauthorized) @ http://localhost:3000/api/profile?mode=admin:0
[ 2705770ms] [ERROR] Failed to load resource: the server responded with a status of 401 (Unauthorized) @ http://localhost:3000/api/profile?mode=admin:0
[ 2715759ms] [ERROR] Failed to load resource: the server responded with a status of 401 (Unauthorized) @ http://localhost:3000/api/profile?mode=admin:0
[ 2725742ms] [ERROR] Failed to load resource: the server responded with a status of 401 (Unauthorized) @ http://localhost:3000/api/profile?mode=admin:0
[ 2735756ms] [ERROR] Failed to load resource: the server responded with a status of 401 (Unauthorized) @ http://localhost:3000/api/profile?mode=admin:0
[ 2746050ms] [ERROR] Failed to load resource: the server responded with a status of 401 (Unauthorized) @ http://localhost:3000/api/profile?mode=admin:0
[ 2755794ms] [ERROR] Failed to load resource: the server responded with a status of 401 (Unauthorized) @ http://localhost:3000/api/profile?mode=admin:0
[ 2765764ms] [ERROR] Failed to load resource: the server responded with a status of 401 (Unauthorized) @ http://localhost:3000/api/profile?mode=admin:0
[ 2776257ms] [ERROR] Failed to load resource: the server responded with a status of 401 (Unauthorized) @ http://localhost:3000/api/profile?mode=admin:0
[ 2785741ms] [ERROR] Failed to load resource: the server responded with a status of 401 (Unauthorized) @ http://localhost:3000/api/profile?mode=admin:0
[ 2795752ms] [ERROR] Failed to load resource: the server responded with a status of 401 (Unauthorized) @ http://localhost:3000/api/profile?mode=admin:0
[ 2805788ms] [ERROR] Failed to load resource: the server responded with a status of 401 (Unauthorized) @ http://localhost:3000/api/profile?mode=admin:0
[ 2815912ms] [ERROR] Failed to load resource: the server responded with a status of 401 (Unauthorized) @ http://localhost:3000/api/profile?mode=admin:0
[ 2825767ms] [ERROR] Failed to load resource: the server responded with a status of 401 (Unauthorized) @ http://localhost:3000/api/profile?mode=admin:0
[ 2835886ms] [ERROR] Failed to load resource: the server responded with a status of 401 (Unauthorized) @ http://localhost:3000/api/profile?mode=admin:0
[ 2845752ms] [ERROR] Failed to load resource: the server responded with a status of 401 (Unauthorized) @ http://localhost:3000/api/profile?mode=admin:0
[ 2855739ms] [ERROR] Failed to load resource: the server responded with a status of 401 (Unauthorized) @ http://localhost:3000/api/profile?mode=admin:0
[ 2865726ms] [ERROR] Failed to load resource: the server responded with a status of 401 (Unauthorized) @ http://localhost:3000/api/profile?mode=admin:0
[ 2875815ms] [ERROR] Failed to load resource: the server responded with a status of 401 (Unauthorized) @ http://localhost:3000/api/profile?mode=admin:0
[ 2885631ms] [LOG] [Fast Refresh] rebuilding @ http://localhost:3000/_next/static/chunks/node_modules_next_dist_115brz8._.js:2431
[ 2885663ms] [LOG] [Fast Refresh] done in 162ms @ http://localhost:3000/_next/static/chunks/node_modules_next_dist_115brz8._.js:2431
[ 2886222ms] [ERROR] Failed to load resource: the server responded with a status of 401 (Unauthorized) @ http://localhost:3000/api/profile?mode=admin:0
[ 2895779ms] [ERROR] Failed to load resource: the server responded with a status of 401 (Unauthorized) @ http://localhost:3000/api/profile?mode=admin:0
[ 2905731ms] [ERROR] Failed to load resource: the server responded with a status of 401 (Unauthorized) @ http://localhost:3000/api/profile?mode=admin:0
[ 2915726ms] [ERROR] Failed to load resource: the server responded with a status of 401 (Unauthorized) @ http://localhost:3000/api/profile?mode=admin:0
[ 2925868ms] [ERROR] Failed to load resource: the server responded with a status of 401 (Unauthorized) @ http://localhost:3000/api/profile?mode=admin:0
[ 2935756ms] [ERROR] Failed to load resource: the server responded with a status of 401 (Unauthorized) @ http://localhost:3000/api/profile?mode=admin:0
[ 2945825ms] [ERROR] Failed to load resource: the server responded with a status of 401 (Unauthorized) @ http://localhost:3000/api/profile?mode=admin:0
[ 2955768ms] [ERROR] Failed to load resource: the server responded with a status of 401 (Unauthorized) @ http://localhost:3000/api/profile?mode=admin:0
[ 2965772ms] [ERROR] Failed to load resource: the server responded with a status of 401 (Unauthorized) @ http://localhost:3000/api/profile?mode=admin:0
[ 2975748ms] [ERROR] Failed to load resource: the server responded with a status of 401 (Unauthorized) @ http://localhost:3000/api/profile?mode=admin:0
[ 2985756ms] [ERROR] Failed to load resource: the server responded with a status of 401 (Unauthorized) @ http://localhost:3000/api/profile?mode=admin:0
[ 2995763ms] [ERROR] Failed to load resource: the server responded with a status of 401 (Unauthorized) @ http://localhost:3000/api/profile?mode=admin:0
[ 3005745ms] [ERROR] Failed to load resource: the server responded with a status of 401 (Unauthorized) @ http://localhost:3000/api/profile?mode=admin:0
[ 3015935ms] [LOG] [Fast Refresh] rebuilding @ http://localhost:3000/_next/static/chunks/node_modules_next_dist_115brz8._.js:2431
[ 3016032ms] [LOG] [Fast Refresh] done in 222ms @ http://localhost:3000/_next/static/chunks/node_modules_next_dist_115brz8._.js:2431
[ 3017044ms] [ERROR] Failed to load resource: the server responded with a status of 401 (Unauthorized) @ http://localhost:3000/api/profile?mode=admin:0
[ 3025777ms] [ERROR] Failed to load resource: the server responded with a status of 401 (Unauthorized) @ http://localhost:3000/api/profile?mode=admin:0
[ 3035766ms] [ERROR] Failed to load resource: the server responded with a status of 401 (Unauthorized) @ http://localhost:3000/api/profile?mode=admin:0
[ 3045773ms] [ERROR] Failed to load resource: the server responded with a status of 401 (Unauthorized) @ http://localhost:3000/api/profile?mode=admin:0
[ 3055845ms] [ERROR] Failed to load resource: the server responded with a status of 401 (Unauthorized) @ http://localhost:3000/api/profile?mode=admin:0
[ 3065759ms] [ERROR] Failed to load resource: the server responded with a status of 401 (Unauthorized) @ http://localhost:3000/api/profile?mode=admin:0
[ 3075813ms] [ERROR] Failed to load resource: the server responded with a status of 401 (Unauthorized) @ http://localhost:3000/api/profile?mode=admin:0
[ 3085838ms] [ERROR] Failed to load resource: the server responded with a status of 401 (Unauthorized) @ http://localhost:3000/api/profile?mode=admin:0
[ 3095800ms] [ERROR] Failed to load resource: the server responded with a status of 401 (Unauthorized) @ http://localhost:3000/api/profile?mode=admin:0
[ 3105788ms] [ERROR] Failed to load resource: the server responded with a status of 401 (Unauthorized) @ http://localhost:3000/api/profile?mode=admin:0
[ 3115740ms] [ERROR] Failed to load resource: the server responded with a status of 401 (Unauthorized) @ http://localhost:3000/api/profile?mode=admin:0
[ 3125881ms] [ERROR] Failed to load resource: the server responded with a status of 401 (Unauthorized) @ http://localhost:3000/api/profile?mode=admin:0
[ 3135814ms] [ERROR] Failed to load resource: the server responded with a status of 401 (Unauthorized) @ http://localhost:3000/api/profile?mode=admin:0
[ 3145945ms] [ERROR] Failed to load resource: the server responded with a status of 401 (Unauthorized) @ http://localhost:3000/api/profile?mode=admin:0
[ 3155787ms] [ERROR] Failed to load resource: the server responded with a status of 401 (Unauthorized) @ http://localhost:3000/api/profile?mode=admin:0
[ 3165752ms] [ERROR] Failed to load resource: the server responded with a status of 401 (Unauthorized) @ http://localhost:3000/api/profile?mode=admin:0
[ 3175775ms] [ERROR] Failed to load resource: the server responded with a status of 401 (Unauthorized) @ http://localhost:3000/api/profile?mode=admin:0
[ 3185768ms] [ERROR] Failed to load resource: the server responded with a status of 401 (Unauthorized) @ http://localhost:3000/api/profile?mode=admin:0
[ 3195738ms] [ERROR] Failed to load resource: the server responded with a status of 401 (Unauthorized) @ http://localhost:3000/api/profile?mode=admin:0
[ 3205769ms] [ERROR] Failed to load resource: the server responded with a status of 401 (Unauthorized) @ http://localhost:3000/api/profile?mode=admin:0
[ 3215966ms] [LOG] [Fast Refresh] rebuilding @ http://localhost:3000/_next/static/chunks/node_modules_next_dist_115brz8._.js:2431
[ 3216049ms] [LOG] [Fast Refresh] done in 204ms @ http://localhost:3000/_next/static/chunks/node_modules_next_dist_115brz8._.js:2431
[ 3216631ms] [ERROR] Failed to load resource: the server responded with a status of 401 (Unauthorized) @ http://localhost:3000/api/profile?mode=admin:0
[ 3225811ms] [ERROR] Failed to load resource: the server responded with a status of 401 (Unauthorized) @ http://localhost:3000/api/profile?mode=admin:0
[ 3236013ms] [ERROR] Failed to load resource: the server responded with a status of 401 (Unauthorized) @ http://localhost:3000/api/profile?mode=admin:0
[ 3245767ms] [ERROR] Failed to load resource: the server responded with a status of 401 (Unauthorized) @ http://localhost:3000/api/profile?mode=admin:0
